# Blender v2.90.0 OBJ File: ''
# www.blender.org
mtllib Copy X (Ultimate Armor).mtl
o BS059_CopyX_BodyMesh
v 0.110731 1.223474 -0.089776
v 0.099949 1.284872 -0.077712
v 0.106555 1.240615 -0.023044
v 0.124451 1.181631 -0.067005
v 0.126677 1.186518 0.007847
v 0.124451 1.181631 -0.067005
v 0.067307 1.310102 -0.005190
v 0.065728 1.314886 -0.050987
v 0.046766 1.314750 -0.006447
v 0.024082 1.323468 -0.051724
v 0.000000 1.323920 -0.053767
v 0.000000 1.295742 -0.083789
v 0.061398 1.293314 -0.080775
v 0.030355 1.299612 0.035972
v 0.066945 1.291694 0.038870
v 0.000000 1.239962 -0.100876
v 0.099949 1.284872 -0.077712
v 0.097632 1.305597 -0.047734
v 0.097228 1.305587 -0.003872
v 0.054910 1.237812 -0.099477
v 0.048213 1.179116 -0.094096
v 0.081662 1.177475 -0.088564
v 0.000000 1.181561 -0.100100
v 0.000000 1.122948 -0.078959
v 0.110731 1.223474 -0.089776
v 0.000000 1.246226 0.081340
v 0.070516 1.238480 0.074118
v 0.097196 1.288005 0.035349
v 0.000000 1.295516 0.046236
v 0.124451 1.181631 -0.067005
v 0.104901 1.147795 -0.062102
v 0.118113 1.167829 0.018240
v 0.126677 1.186518 0.007847
v 0.066827 1.190557 0.092807
v 0.102177 1.214116 0.074285
v 0.087817 1.165814 0.085917
v 0.104149 1.249725 0.054731
v 0.117220 1.209090 0.052773
v 0.000000 1.211060 0.093711
v 0.104149 1.249725 0.054731
v 0.106555 1.240615 -0.023044
v 0.097196 1.288005 0.035349
v 0.117220 1.209090 0.052773
v 0.097228 1.305587 -0.003872
v 0.097632 1.305597 -0.047734
v 0.106555 1.240615 -0.023044
v 0.117220 1.209090 0.052773
v 0.126677 1.186518 0.007847
v 0.099949 1.284872 -0.077712
v 0.097632 1.305597 -0.047734
v 0.021631 1.366295 -0.043554
v 0.045285 1.355825 -0.000846
v 0.024082 1.323468 -0.051724
v 0.046766 1.314750 -0.006447
v 0.029045 1.344774 0.042331
v 0.030355 1.299612 0.035972
v 0.000000 1.323920 -0.053767
v 0.000000 1.367095 -0.046572
v 0.000000 1.295516 0.046236
v 0.000000 1.341732 0.052502
v 0.000000 1.345525 0.001122
v 0.045285 1.355825 -0.000846
v 0.021631 1.366295 -0.043554
v 0.029045 1.344774 0.042331
v 0.000000 1.367095 -0.046572
v 0.000000 1.341732 0.052502
v 0.066827 1.190557 0.092807
v 0.058630 1.167183 0.090580
v 0.087817 1.165814 0.085917
v 0.079184 1.141978 0.083275
v 0.111034 1.147608 0.021040
v 0.118113 1.167829 0.018240
v 0.045629 1.175474 0.092411
v 0.000000 1.211060 0.093711
v 0.000000 1.188047 0.093674
v 0.104901 1.147795 -0.062102
v 0.092006 1.129136 -0.050638
v 0.073741 1.155307 -0.080814
v 0.081662 1.177475 -0.088564
v 0.055795 1.156166 -0.083507
v 0.048213 1.179116 -0.094096
v 0.052584 1.163057 0.084100
v 0.071269 1.137694 0.075716
v 0.040698 1.170511 0.085812
v 0.097831 1.141106 0.020510
v 0.083543 1.123004 -0.045612
v 0.067185 1.147882 -0.073140
v 0.055621 1.149042 -0.074328
v 0.000000 1.095277 -0.064686
v 0.000000 1.089473 -0.053838
v 0.000000 1.122948 -0.078959
v 0.029960 1.153752 0.093256
v 0.040698 1.170511 0.085812
v 0.000000 1.154625 0.095801
v 0.000000 1.179649 0.089786
v 0.000000 1.188047 0.093674
v 0.045629 1.175474 0.092411
v 0.013606 1.125080 0.094386
v 0.000000 1.125336 0.096318
v 0.005606 1.065251 0.085218
v 0.000000 1.065342 0.085274
v 0.000000 1.021851 0.085833
v 0.000000 0.824363 0.002758
v 0.006249 0.824421 0.002845
v 0.000000 0.824739 0.028310
v 0.008034 0.825584 0.028191
v 0.028590 0.852132 0.065773
v 0.000000 0.852835 0.067600
v 0.061637 0.912757 0.077692
v 0.000000 0.907355 0.085346
v 0.000000 0.975025 0.092418
v 0.043462 0.977882 0.085966
v 0.039318 1.022695 0.078297
v 0.000000 1.021851 0.085833
v 0.005606 1.065251 0.085218
v 0.035870 1.064831 0.077856
v 0.080136 1.067510 0.021568
v 0.088215 1.024375 0.022786
v 0.088073 1.118030 0.027239
v 0.039693 1.124268 0.089509
v 0.103693 0.989837 0.024327
v 0.101174 0.943043 0.061083
v 0.013606 1.125080 0.094386
v 0.029960 1.153752 0.093256
v 0.052584 1.163057 0.084100
v 0.071269 1.137694 0.075716
v 0.097831 1.141106 0.020510
v 0.083543 1.123004 -0.045612
v 0.040698 1.170511 0.085812
v 0.067469 1.073735 -0.035845
v 0.030048 1.076309 -0.046905
v 0.054094 1.129433 -0.065111
v 0.067185 1.147882 -0.073140
v 0.055621 1.149042 -0.074328
v 0.000000 1.089473 -0.053838
v 0.030373 1.026726 -0.042570
v 0.068130 1.026290 -0.037345
v 0.041370 0.985631 -0.062561
v 0.000000 0.985592 -0.057347
v 0.028891 0.950691 -0.082233
v 0.000000 0.948209 -0.073431
v 0.000000 0.902671 -0.078429
v 0.070604 0.946350 -0.082749
v 0.072080 0.905098 -0.090908
v 0.022053 0.904359 -0.089143
v 0.085412 0.980040 -0.060103
v 0.000000 1.027018 -0.044164
v 0.102441 0.939851 -0.066825
v 0.118250 0.944430 0.016931
v 0.102187 0.904508 -0.071363
v 0.019861 0.875618 -0.079312
v 0.073746 0.873971 -0.083516
v 0.000000 0.875636 -0.065627
v 0.022308 0.853038 -0.064376
v 0.000000 0.856725 -0.050264
v 0.011890 0.837592 -0.030814
v 0.000000 0.839242 -0.024731
v 0.006249 0.824421 0.002845
v 0.000000 0.824363 0.002758
v 0.102187 0.904508 -0.071363
v 0.079034 0.863723 -0.076837
v 0.073746 0.873971 -0.083516
v 0.129797 0.868827 -0.058410
v 0.090801 0.842495 -0.078251
v 0.122241 0.923793 0.016009
v 0.102441 0.939851 -0.066825
v 0.118250 0.944430 0.016931
v 0.143700 0.875741 0.027006
v 0.107608 0.912029 0.067441
v 0.121986 0.863087 0.073755
v 0.101174 0.943043 0.061083
v 0.061637 0.912757 0.077692
v 0.070223 0.879390 0.077328
v 0.028590 0.852132 0.065773
v 0.034597 0.846780 0.066037
v 0.014714 0.824864 0.025238
v 0.008034 0.825584 0.028191
v 0.006249 0.824421 0.002845
v 0.145558 0.778354 0.073044
v 0.089464 0.834776 0.085303
v 0.169175 0.785199 0.022670
v 0.049670 0.813628 0.069780
v 0.065957 0.743630 0.068674
v 0.155667 0.777379 -0.064990
v 0.023619 0.796323 0.025673
v 0.040363 0.730326 0.023865
v 0.107985 0.754023 -0.084478
v 0.039223 0.805807 -0.048134
v 0.056445 0.732394 -0.052044
v 0.023619 0.796323 0.025673
v 0.040363 0.730326 0.023865
v 0.014714 0.824864 0.025238
v 0.031316 0.833417 -0.047841
v 0.006249 0.824421 0.002845
v 0.011890 0.837592 -0.030814
v 0.022308 0.853038 -0.064376
v 0.093810 0.537702 0.001052
v 0.118775 0.544209 0.037923
v 0.075502 0.601384 0.011903
v 0.104775 0.609465 0.053836
v 0.049084 0.701094 0.022983
v 0.085733 0.718804 0.072128
v 0.132529 0.617560 0.063530
v 0.114709 0.729089 0.082732
v 0.146516 0.739555 0.073218
v 0.162238 0.625316 0.051763
v 0.174033 0.748918 0.019464
v 0.182686 0.632027 0.006798
v 0.170113 0.557642 0.035005
v 0.142229 0.550346 0.047892
v 0.101628 0.788100 0.087787
v 0.162361 0.743124 -0.065083
v 0.172065 0.629083 -0.062009
v 0.186306 0.561985 -0.004047
v 0.174544 0.558873 -0.059033
v 0.114348 0.721291 -0.085540
v 0.128825 0.616512 -0.079470
v 0.065481 0.702106 -0.052966
v 0.087893 0.604810 -0.054374
v 0.137648 0.549148 -0.074881
v 0.104772 0.540545 -0.053230
v 0.093810 0.537702 0.001052
v 0.075502 0.601384 0.011903
v 0.049084 0.701094 0.022983
v 0.022308 0.853038 -0.064376
v 0.073746 0.873971 -0.083516
v 0.031316 0.833417 -0.047841
v 0.065957 0.743630 0.068674
v 0.085733 0.718804 0.072128
v 0.089464 0.834776 0.085303
v 0.101628 0.788100 0.087787
v 0.145558 0.778354 0.073044
v 0.146516 0.739555 0.073218
v 0.040363 0.730326 0.023865
v 0.049084 0.701094 0.022983
v 0.174033 0.748918 0.019464
v 0.169175 0.785199 0.022670
v 0.155667 0.777379 -0.064990
v 0.162361 0.743124 -0.065083
v 0.107985 0.754023 -0.084478
v 0.114348 0.721291 -0.085540
v 0.056445 0.732394 -0.052044
v 0.065481 0.702106 -0.052966
v 0.049084 0.701094 0.022983
v 0.040363 0.730326 0.023865
v 0.285213 0.119599 0.112962
v 0.236605 0.134119 0.120832
v 0.281423 0.103676 0.181765
v 0.248852 0.108166 0.190288
v 0.294963 0.071534 0.192302
v 0.253676 0.071767 0.217647
v 0.313099 0.071428 0.110225
v 0.276542 0.128227 0.052715
v 0.301053 0.071489 0.031097
v 0.271109 0.122981 0.046939
v 0.292719 0.071534 0.028380
v 0.303985 0.064936 0.207011
v 0.256711 0.065203 0.234860
v 0.327287 0.064802 0.115877
v 0.312189 0.064879 0.013642
v 0.256700 -0.002412 0.234796
v 0.307782 -0.002702 0.206316
v 0.331066 -0.002830 0.117889
v 0.316478 -0.002762 0.022497
v 0.294881 0.020146 0.019853
v 0.290237 0.064999 0.013758
v 0.221883 -0.002235 0.037339
v 0.220609 0.020561 0.030114
v 0.225660 0.136251 0.058762
v 0.226820 0.143967 0.065340
v 0.250405 0.144870 0.015743
v 0.242045 0.173537 -0.022947
v 0.219536 0.150207 0.024032
v 0.213640 0.177033 -0.009411
v 0.270317 0.124285 -0.012996
v 0.225660 0.136251 0.058762
v 0.271109 0.122981 0.046939
v 0.292719 0.071534 0.028380
v 0.282085 0.073365 -0.026205
v 0.265977 0.073886 -0.098503
v 0.243392 0.148556 -0.105096
v 0.231659 0.171114 -0.082243
v 0.193970 0.151929 -0.120962
v 0.196245 0.174067 -0.108060
v 0.290237 0.064999 0.013758
v 0.294881 0.020146 0.019853
v 0.284291 0.020244 -0.016453
v 0.228592 0.195763 -0.079917
v 0.197342 0.196439 -0.101841
v 0.239081 0.195746 -0.028243
v 0.212548 0.196339 -0.015601
v 0.192090 0.146940 -0.131623
v 0.193970 0.151929 -0.120962
v 0.251894 0.145032 -0.115409
v 0.243392 0.148556 -0.105096
v 0.265977 0.073886 -0.098503
v 0.277233 0.066835 -0.109043
v 0.297798 0.066722 -0.030752
v 0.282085 0.073365 -0.026205
v 0.284291 0.020244 -0.016453
v 0.304160 -0.002694 -0.017898
v 0.285999 -0.002594 -0.115957
v 0.263931 0.068961 -0.137925
v 0.269297 -0.002502 -0.143767
v 0.187902 -0.002055 -0.155375
v 0.188592 0.069354 -0.151460
v 0.214919 -0.002198 -0.002157
v 0.214568 0.020631 -0.004144
v 0.214919 -0.002198 -0.002157
v 0.269297 -0.002502 -0.143767
v 0.285999 -0.002594 -0.115957
v 0.304160 -0.002694 -0.017898
v 0.187902 -0.002055 -0.155375
v 0.284291 0.020244 -0.016453
v 0.294881 0.020146 0.019853
v 0.214568 0.020631 -0.004144
v 0.220609 0.020561 0.030114
v 0.256700 -0.002412 0.234796
v 0.221883 -0.002235 0.037339
v 0.307782 -0.002702 0.206316
v 0.331066 -0.002830 0.117889
v 0.316478 -0.002762 0.022497
v 0.248852 0.108166 0.190288
v 0.236605 0.134119 0.120832
v 0.215329 0.103676 0.193419
v 0.188237 0.119599 0.130061
v 0.206210 0.071534 0.207951
v 0.253676 0.071767 0.217647
v 0.161096 0.071428 0.137027
v 0.175778 0.128227 0.070482
v 0.145352 0.071489 0.058552
v 0.178909 0.122981 0.063196
v 0.152255 0.071534 0.053147
v 0.202764 0.064936 0.224859
v 0.256711 0.065203 0.234860
v 0.149696 0.064802 0.147191
v 0.128918 0.064879 0.045957
v 0.256700 -0.002412 0.234796
v 0.198957 -0.002702 0.225505
v 0.146833 -0.002830 0.150374
v 0.127917 -0.002762 0.055746
v 0.147307 0.020146 0.045874
v 0.149586 0.064999 0.038559
v 0.221883 -0.002235 0.037339
v 0.220609 0.020561 0.030114
v 0.225660 0.136251 0.058762
v 0.226820 0.143967 0.065340
v 0.187695 0.144870 0.026800
v 0.219536 0.150207 0.024032
v 0.182317 0.173537 -0.012415
v 0.213640 0.177033 -0.009411
v 0.159154 0.124285 0.006605
v 0.225660 0.136251 0.058762
v 0.178909 0.122981 0.063196
v 0.152255 0.071534 0.053147
v 0.143578 0.073365 -0.001783
v 0.133987 0.073886 -0.075230
v 0.152955 0.148556 -0.089149
v 0.171797 0.171114 -0.071688
v 0.193970 0.151929 -0.120962
v 0.196245 0.174067 -0.108060
v 0.149586 0.064999 0.038559
v 0.147307 0.020146 0.045874
v 0.144840 0.020244 0.008136
v 0.175474 0.195763 -0.070551
v 0.197342 0.196439 -0.101841
v 0.183291 0.195746 -0.018406
v 0.212548 0.196339 -0.015601
v 0.152955 0.148556 -0.089149
v 0.193970 0.151929 -0.120962
v 0.141439 0.145032 -0.095932
v 0.192090 0.146940 -0.131623
v 0.133987 0.073886 -0.075230
v 0.119805 0.066835 -0.081284
v 0.127257 0.066722 -0.000681
v 0.143578 0.073365 -0.001783
v 0.144840 0.020244 0.008136
v 0.125675 -0.002694 0.013573
v 0.109202 -0.002594 -0.084783
v 0.122426 0.068961 -0.112974
v 0.115386 -0.002502 -0.116628
v 0.187902 -0.002055 -0.155375
v 0.188592 0.069354 -0.151460
v 0.214919 -0.002198 -0.002157
v 0.214568 0.020631 -0.004144
v 0.115386 -0.002502 -0.116628
v 0.214919 -0.002198 -0.002157
v 0.109202 -0.002594 -0.084783
v 0.125675 -0.002694 0.013573
v 0.187902 -0.002055 -0.155375
v 0.144840 0.020244 0.008136
v 0.214568 0.020631 -0.004144
v 0.147307 0.020146 0.045874
v 0.220609 0.020561 0.030114
v 0.127917 -0.002762 0.055746
v 0.221883 -0.002235 0.037339
v 0.146833 -0.002830 0.150374
v 0.198957 -0.002702 0.225505
v 0.256700 -0.002412 0.234796
v 0.307645 0.134668 -0.023758
v 0.308588 0.114579 -0.022946
v 0.302529 0.142517 -0.062547
v 0.288215 0.133318 -0.065008
v 0.294835 0.104691 -0.023770
v 0.289290 0.185285 -0.039070
v 0.291752 0.180046 -0.077915
v 0.281824 0.208326 -0.070681
v 0.279164 0.215466 -0.070839
v 0.282353 0.187076 -0.015196
v 0.258948 0.299082 -0.154629
v 0.264285 0.281508 -0.151225
v 0.270709 0.189396 -0.018385
v 0.246474 0.298493 -0.158608
v 0.288980 0.189204 -0.078869
v 0.284468 0.203361 -0.076207
v 0.275871 0.243376 -0.143809
v 0.270169 0.262140 -0.147463
v 0.293869 0.173802 -0.081508
v 0.287748 0.204303 -0.136165
v 0.282238 0.222427 -0.139716
v 0.273742 0.195678 -0.139438
v 0.264235 0.197698 0.065736
v 0.264964 0.239039 0.004287
v 0.214849 0.223548 0.103237
v 0.198448 0.281878 0.042513
v 0.304433 0.124437 0.002319
v 0.296412 0.184173 -0.035490
v 0.307645 0.134668 -0.023758
v 0.308588 0.114579 -0.022946
v 0.214865 0.205492 0.094829
v 0.253010 0.185450 0.064500
v 0.289848 0.116416 0.005764
v 0.197071 0.269777 0.029420
v 0.250081 0.231852 -0.004073
v 0.294835 0.104691 -0.023770
v 0.264964 0.239039 0.004287
v 0.296412 0.184173 -0.035490
v 0.282353 0.187076 -0.015196
v 0.289290 0.185285 -0.039070
v 0.307645 0.134668 -0.023758
v 0.270709 0.189396 -0.018385
v 0.250081 0.231852 -0.004073
v 0.253010 0.185450 0.064500
v 0.214865 0.205492 0.094829
v 0.250081 0.231852 -0.004073
v 0.197071 0.269777 0.029420
v 0.270709 0.189396 -0.018385
v 0.289848 0.116416 0.005764
v 0.280409 0.165555 -0.040526
v 0.264625 0.237014 -0.139454
v 0.258997 0.257331 -0.144277
v 0.261729 0.240685 -0.148116
v 0.256781 0.259610 -0.151156
v 0.270130 0.214971 -0.134578
v 0.273742 0.195678 -0.139438
v 0.267410 0.219591 -0.143878
v 0.288215 0.133318 -0.065008
v 0.294835 0.104691 -0.023770
v 0.253878 0.276618 -0.148477
v 0.246474 0.298493 -0.158608
v 0.251430 0.280095 -0.154945
v 0.288442 0.179359 -0.077911
v 0.280975 0.217745 -0.133817
v 0.285670 0.188519 -0.078868
v 0.274494 0.239173 -0.138779
v 0.290559 0.173113 -0.081500
v 0.274494 0.239173 -0.138779
v 0.264625 0.237014 -0.139454
v 0.275871 0.243376 -0.143809
v 0.261729 0.240685 -0.148116
v 0.270169 0.262140 -0.147463
v 0.256781 0.259610 -0.151156
v 0.258997 0.257331 -0.144277
v 0.268702 0.258313 -0.143037
v 0.262854 0.277729 -0.146996
v 0.253878 0.276618 -0.148477
v 0.264285 0.281508 -0.151225
v 0.251430 0.280095 -0.154945
v 0.258948 0.299082 -0.154629
v 0.246474 0.298493 -0.158608
v 0.270130 0.214971 -0.134578
v 0.280975 0.217745 -0.133817
v 0.282238 0.222427 -0.139716
v 0.267410 0.219591 -0.143878
v 0.287748 0.204303 -0.136165
v 0.273742 0.195678 -0.139438
v 0.285670 0.188519 -0.078868
v 0.288980 0.189204 -0.078869
v 0.288442 0.179359 -0.077911
v 0.291752 0.180046 -0.077915
v 0.290559 0.173113 -0.081500
v 0.293869 0.173802 -0.081508
v 0.280975 0.217745 -0.133817
v 0.282238 0.222427 -0.139716
v 0.274494 0.239173 -0.138779
v 0.275871 0.243376 -0.143809
v 0.270169 0.262140 -0.147463
v 0.268702 0.258313 -0.143037
v 0.284468 0.203361 -0.076207
v 0.281223 0.202534 -0.076375
v 0.281824 0.208326 -0.070681
v 0.278569 0.207546 -0.070907
v 0.279164 0.215466 -0.070839
v 0.275906 0.214682 -0.071031
v 0.262854 0.277729 -0.146996
v 0.264285 0.281508 -0.151225
v 0.268702 0.258313 -0.143037
v 0.275906 0.214682 -0.071031
v 0.281223 0.202534 -0.076375
v 0.278569 0.207546 -0.070907
v 0.262854 0.277729 -0.146996
v 0.101959 0.096502 0.015497
v 0.099163 0.116428 0.015030
v 0.088699 0.123810 -0.022764
v 0.102518 0.117072 -0.030459
v 0.115962 0.089042 0.009509
v 0.102065 0.168905 -0.004237
v 0.086815 0.162116 -0.039787
v 0.093772 0.191873 -0.035694
v 0.094961 0.199351 -0.036569
v 0.116662 0.172580 0.015631
v 0.069587 0.282515 -0.119399
v 0.068848 0.264410 -0.114865
v 0.125834 0.176721 0.008569
v 0.079728 0.283905 -0.127585
v 0.087484 0.171575 -0.041381
v 0.090204 0.186366 -0.040064
v 0.067252 0.225125 -0.104996
v 0.068036 0.244456 -0.109857
v 0.084635 0.155496 -0.042580
v 0.065626 0.184870 -0.094840
v 0.066379 0.203541 -0.099556
v 0.078776 0.178620 -0.103165
v 0.198448 0.281878 0.042513
v 0.130873 0.227308 0.029235
v 0.214849 0.223548 0.103237
v 0.160421 0.188615 0.085051
v 0.113142 0.107701 0.037908
v 0.096986 0.166725 0.001613
v 0.099163 0.116428 0.015030
v 0.101959 0.096502 0.015497
v 0.214865 0.205492 0.094829
v 0.172350 0.178393 0.079507
v 0.129121 0.102355 0.035667
v 0.197071 0.269777 0.029420
v 0.142771 0.222464 0.015892
v 0.115962 0.089042 0.009509
v 0.102065 0.168905 -0.004237
v 0.096986 0.166725 0.001613
v 0.116662 0.172580 0.015631
v 0.130873 0.227308 0.029235
v 0.099163 0.116428 0.015030
v 0.125834 0.176721 0.008569
v 0.142771 0.222464 0.015892
v 0.214865 0.205492 0.094829
v 0.172350 0.178393 0.079507
v 0.142771 0.222464 0.015892
v 0.197071 0.269777 0.029420
v 0.125834 0.176721 0.008569
v 0.129121 0.102355 0.035667
v 0.113019 0.150910 -0.009384
v 0.080208 0.220880 -0.105144
v 0.080247 0.241692 -0.111021
v 0.079161 0.224713 -0.114150
v 0.079445 0.244096 -0.118164
v 0.080591 0.198388 -0.099314
v 0.078776 0.178620 -0.103165
v 0.078994 0.203107 -0.108824
v 0.102518 0.117072 -0.030459
v 0.115962 0.089042 0.009509
v 0.080214 0.261424 -0.116167
v 0.079728 0.283905 -0.127585
v 0.079570 0.265059 -0.122971
v 0.071018 0.221371 -0.100923
v 0.070432 0.199325 -0.094646
v 0.090641 0.171456 -0.042583
v 0.089973 0.161995 -0.040987
v 0.087795 0.155373 -0.043776
v 0.079161 0.224713 -0.114150
v 0.080208 0.220880 -0.105144
v 0.067252 0.225125 -0.104996
v 0.071018 0.221371 -0.100923
v 0.068036 0.244456 -0.109857
v 0.079445 0.244096 -0.118164
v 0.080247 0.241692 -0.111021
v 0.071607 0.241069 -0.106368
v 0.072308 0.261058 -0.111545
v 0.080214 0.261424 -0.116167
v 0.068848 0.264410 -0.114865
v 0.079570 0.265059 -0.122971
v 0.069587 0.282515 -0.119399
v 0.079728 0.283905 -0.127585
v 0.080591 0.198388 -0.099314
v 0.070432 0.199325 -0.094646
v 0.066379 0.203541 -0.099556
v 0.078994 0.203107 -0.108824
v 0.065626 0.184870 -0.094840
v 0.078776 0.178620 -0.103165
v 0.086815 0.162116 -0.039787
v 0.087484 0.171575 -0.041381
v 0.089973 0.161995 -0.040987
v 0.090641 0.171456 -0.042583
v 0.087795 0.155373 -0.043776
v 0.084635 0.155496 -0.042580
v 0.070432 0.199325 -0.094646
v 0.066379 0.203541 -0.099556
v 0.071018 0.221371 -0.100923
v 0.067252 0.225125 -0.104996
v 0.093265 0.186090 -0.041406
v 0.071607 0.241069 -0.106368
v 0.090204 0.186366 -0.040064
v 0.068036 0.244456 -0.109857
v 0.093772 0.191873 -0.035694
v 0.096814 0.191645 -0.037092
v 0.094961 0.199351 -0.036569
v 0.098018 0.199119 -0.037935
v 0.072308 0.261058 -0.111545
v 0.068848 0.264410 -0.114865
v 0.096814 0.191645 -0.037092
v 0.098018 0.199119 -0.037935
v 0.093265 0.186090 -0.041406
v 0.071607 0.241069 -0.106368
v 0.072308 0.261058 -0.111545
v 0.177685 0.587422 -0.101663
v 0.130906 0.581557 -0.107547
v 0.166593 0.599088 -0.081438
v 0.130746 0.594690 -0.086429
v 0.137011 0.591021 -0.020136
v 0.194741 0.600910 -0.046564
v 0.213171 0.590585 -0.055593
v 0.177685 0.587422 -0.101663
v 0.198304 0.595804 0.018236
v 0.213171 0.590585 -0.055593
v 0.218513 0.584606 0.025480
v 0.186142 0.593469 0.043453
v 0.218513 0.584606 0.025480
v 0.203076 0.587620 0.053043
v 0.209430 0.579472 0.055199
v 0.146321 0.581154 0.070646
v 0.143939 0.586775 0.052844
v 0.130906 0.581557 -0.107547
v 0.177685 0.587422 -0.101663
v 0.139846 0.502566 -0.146447
v 0.197299 0.495926 -0.138233
v 0.242245 0.511417 -0.066198
v 0.224998 0.397886 -0.067973
v 0.213171 0.590585 -0.055593
v 0.183306 0.475475 -0.131570
v 0.143130 0.484480 -0.139987
v 0.188056 0.425556 -0.129032
v 0.242523 0.511150 0.016640
v 0.213879 0.403512 0.001869
v 0.195225 0.513809 0.058507
v 0.164531 0.447643 0.048377
v 0.216246 0.308313 -0.006843
v 0.221870 0.308533 -0.070650
v 0.172621 0.303733 -0.107684
v 0.151942 0.429054 -0.134704
v 0.218513 0.584606 0.025480
v 0.209430 0.579472 0.055199
v 0.169980 0.404414 0.035963
v 0.229881 0.218127 -0.071576
v 0.185860 0.214098 -0.109012
v 0.225338 0.217420 -0.022688
v 0.194636 0.216882 -0.002282
v 0.182373 0.308158 0.013236
v 0.190819 0.171632 -0.125763
v 0.247312 0.171385 -0.083990
v 0.238390 0.185008 -0.016408
v 0.197955 0.198583 0.004212
v 0.242446 0.166564 -0.081722
v 0.192120 0.166107 -0.120336
v 0.198738 0.191266 0.000493
v 0.234882 0.179204 -0.018526
v 0.195225 0.513809 0.058507
v 0.209430 0.579472 0.055199
v 0.187648 0.515493 0.054759
v 0.203076 0.587620 0.053043
v 0.162447 0.459434 0.044823
v 0.164531 0.447643 0.048377
v 0.170634 0.649195 0.070486
v 0.141802 0.640771 0.122525
v 0.203076 0.587620 0.053043
v 0.153102 0.576494 0.141200
v 0.128372 0.710287 0.088306
v 0.159692 0.514352 0.108945
v 0.187648 0.515493 0.054759
v 0.162447 0.459434 0.044823
v 0.170634 0.649195 0.070486
v 0.134944 0.662676 0.081263
v 0.128372 0.710287 0.088306
v 0.172933 0.627519 0.069677
v 0.140754 0.621064 0.075882
v 0.203076 0.587620 0.053043
v 0.146321 0.581154 0.070646
v 0.192120 0.166107 -0.120336
v 0.242446 0.166564 -0.081722
v 0.198738 0.191266 0.000493
v 0.234882 0.179204 -0.018526
v 0.130746 0.594690 -0.086429
v 0.130906 0.581557 -0.107547
v 0.096545 0.588527 -0.075402
v 0.086134 0.573619 -0.093775
v 0.137011 0.591021 -0.020136
v 0.075345 0.582908 -0.036276
v 0.059506 0.567417 -0.042353
v 0.086134 0.573619 -0.093775
v 0.084325 0.578619 0.028057
v 0.059506 0.567417 -0.042353
v 0.069789 0.562183 0.038295
v 0.100677 0.580583 0.050817
v 0.069789 0.562183 0.038295
v 0.088050 0.570278 0.062953
v 0.084814 0.560683 0.065936
v 0.146321 0.581154 0.070646
v 0.143939 0.586775 0.052844
v 0.089075 0.479609 -0.128908
v 0.086134 0.573619 -0.093775
v 0.139846 0.502566 -0.146447
v 0.130906 0.581557 -0.107547
v 0.053534 0.482964 -0.049938
v 0.102707 0.379447 -0.057436
v 0.059506 0.567417 -0.042353
v 0.109349 0.464324 -0.125198
v 0.143130 0.484480 -0.139987
v 0.119915 0.415282 -0.123161
v 0.067208 0.484717 0.031745
v 0.123211 0.389842 0.009682
v 0.117962 0.502160 0.065164
v 0.164531 0.447643 0.048377
v 0.147079 0.297885 -0.000883
v 0.130999 0.294913 -0.062931
v 0.172621 0.303733 -0.107684
v 0.151942 0.429054 -0.134704
v 0.069789 0.562183 0.038295
v 0.084814 0.560683 0.065936
v 0.169980 0.404414 0.035963
v 0.149404 0.206155 -0.064862
v 0.185860 0.214098 -0.109012
v 0.162161 0.207895 -0.017245
v 0.194636 0.216882 -0.002282
v 0.182373 0.308158 0.013236
v 0.190819 0.171632 -0.125763
v 0.144695 0.155914 -0.075148
v 0.160411 0.173251 -0.009690
v 0.197955 0.198583 0.004212
v 0.151066 0.152787 -0.073848
v 0.192120 0.166107 -0.120336
v 0.198738 0.191266 0.000493
v 0.165058 0.168677 -0.012510
v 0.159692 0.514352 0.108945
v 0.153102 0.576494 0.141200
v 0.123975 0.505893 0.060245
v 0.088050 0.570278 0.062953
v 0.103487 0.639071 0.076271
v 0.141802 0.640771 0.122525
v 0.162447 0.459434 0.044823
v 0.128372 0.710287 0.088306
v 0.117962 0.502160 0.065164
v 0.123975 0.505893 0.060245
v 0.084814 0.560683 0.065936
v 0.088050 0.570278 0.062953
v 0.162447 0.459434 0.044823
v 0.164531 0.447643 0.048377
v 0.134944 0.662676 0.081263
v 0.103487 0.639071 0.076271
v 0.128372 0.710287 0.088306
v 0.107532 0.617659 0.075312
v 0.140754 0.621064 0.075882
v 0.088050 0.570278 0.062953
v 0.146321 0.581154 0.070646
v 0.165058 0.168677 -0.012510
v 0.151066 0.152787 -0.073848
v 0.198738 0.191266 0.000493
v 0.192120 0.166107 -0.120336
v 0.223606 0.360564 -0.049466
v 0.280194 0.487319 -0.041217
v 0.219560 0.365969 -0.032192
v 0.274816 0.486999 -0.024359
v 0.288007 0.642537 -0.010329
v 0.294071 0.651319 -0.026097
v 0.219560 0.365969 -0.032192
v 0.274816 0.486999 -0.024359
v 0.231666 0.479037 -0.021308
v 0.253147 0.588826 -0.013747
v 0.288007 0.642537 -0.010329
v 0.218930 0.588140 -0.008341
v 0.217948 0.612319 -0.008132
v 0.233508 0.618371 -0.009650
v 0.280854 0.686747 -0.005285
v 0.288007 0.642537 -0.010329
v 0.280854 0.686747 -0.005285
v 0.203267 0.629260 -0.006076
v 0.267394 0.734416 0.000451
v 0.203267 0.629260 -0.006076
v 0.267394 0.734416 0.000451
v 0.202385 0.630228 -0.022720
v 0.273117 0.743817 -0.015243
v 0.280854 0.686747 -0.005285
v 0.285787 0.694322 -0.021143
v 0.217948 0.612319 -0.008132
v 0.217615 0.612455 -0.024787
v 0.218930 0.588140 -0.008341
v 0.217362 0.587089 -0.025604
v 0.285787 0.694322 -0.021143
v 0.280854 0.686747 -0.005285
v 0.294071 0.651319 -0.026097
v 0.288007 0.642537 -0.010329
v 0.273450 0.490318 -0.057063
v 0.280194 0.487319 -0.041217
v 0.221408 0.368613 -0.064971
v 0.223606 0.360564 -0.049466
v 0.286569 0.645793 -0.043108
v 0.294071 0.651319 -0.026097
v 0.273450 0.490318 -0.057063
v 0.221408 0.368613 -0.064971
v 0.233769 0.481903 -0.054209
v 0.251736 0.592109 -0.046525
v 0.286569 0.645793 -0.043108
v 0.217032 0.590190 -0.041153
v 0.216502 0.615584 -0.041033
v 0.232067 0.621637 -0.042508
v 0.279374 0.689962 -0.038075
v 0.286569 0.645793 -0.043108
v 0.279374 0.689962 -0.038075
v 0.201804 0.632509 -0.038976
v 0.265859 0.737576 -0.032342
v 0.273117 0.743817 -0.015243
v 0.265859 0.737576 -0.032342
v 0.202385 0.630228 -0.022720
v 0.201804 0.632509 -0.038976
v 0.279374 0.689962 -0.038075
v 0.285787 0.694322 -0.021143
v 0.216502 0.615584 -0.041033
v 0.217615 0.612455 -0.024787
v 0.217032 0.590190 -0.041153
v 0.217362 0.587089 -0.025604
v 0.286569 0.645793 -0.043108
v 0.279374 0.689962 -0.038075
v 0.294071 0.651319 -0.026097
v 0.285787 0.694322 -0.021143
v 0.252681 0.596364 -0.010611
v 0.260315 0.585418 -0.012382
v 0.290355 0.653691 -0.006336
v 0.292361 0.635513 -0.008694
v 0.233149 0.625232 -0.006679
v 0.240568 0.615640 -0.008342
v 0.282660 0.696986 -0.001319
v 0.285750 0.680638 -0.003534
v 0.292361 0.635513 -0.008694
v 0.297292 0.643864 -0.026992
v 0.290355 0.653691 -0.006336
v 0.294926 0.661608 -0.024768
v 0.285750 0.680638 -0.003534
v 0.289622 0.686512 -0.022200
v 0.282660 0.696986 -0.001319
v 0.286699 0.706532 -0.019590
v 0.290930 0.638776 -0.046861
v 0.258909 0.588703 -0.050532
v 0.288908 0.656940 -0.044523
v 0.251265 0.599645 -0.048811
v 0.284278 0.683862 -0.041723
v 0.239133 0.618909 -0.046593
v 0.281171 0.700193 -0.039510
v 0.231703 0.628494 -0.044963
v 0.294926 0.661608 -0.024768
v 0.297292 0.643864 -0.026992
v 0.288908 0.656940 -0.044523
v 0.290930 0.638776 -0.046861
v 0.286699 0.706532 -0.019590
v 0.289622 0.686512 -0.022200
v 0.281171 0.700193 -0.039510
v 0.284278 0.683862 -0.041723
v -0.099949 1.284872 -0.077712
v -0.110731 1.223474 -0.089776
v -0.106555 1.240615 -0.023044
v -0.124451 1.181631 -0.067005
v -0.126677 1.186518 0.007847
v -0.124451 1.181631 -0.067005
v -0.024082 1.323468 -0.051724
v -0.065728 1.314886 -0.050987
v -0.046766 1.314750 -0.006447
v -0.067307 1.310102 -0.005190
v 0.000000 1.323920 -0.053767
v 0.000000 1.295742 -0.083789
v -0.061398 1.293314 -0.080775
v -0.030355 1.299612 0.035972
v -0.066945 1.291694 0.038870
v 0.000000 1.239962 -0.100876
v -0.099949 1.284872 -0.077712
v -0.097632 1.305597 -0.047734
v -0.097228 1.305587 -0.003872
v -0.054910 1.237812 -0.099477
v -0.048213 1.179116 -0.094096
v -0.081662 1.177475 -0.088564
v 0.000000 1.181561 -0.100100
v 0.000000 1.122948 -0.078959
v -0.110731 1.223474 -0.089776
v 0.000000 1.246226 0.081340
v 0.000000 1.295516 0.046236
v -0.070516 1.238480 0.074118
v -0.097196 1.288005 0.035349
v -0.124451 1.181631 -0.067005
v -0.104901 1.147795 -0.062102
v -0.118113 1.167829 0.018240
v -0.126677 1.186518 0.007847
v -0.066827 1.190557 0.092807
v -0.102177 1.214116 0.074285
v -0.087817 1.165814 0.085917
v -0.104149 1.249725 0.054731
v -0.117220 1.209090 0.052773
v 0.000000 1.211060 0.093711
v -0.106555 1.240615 -0.023044
v -0.104149 1.249725 0.054731
v -0.097196 1.288005 0.035349
v -0.117220 1.209090 0.052773
v -0.097228 1.305587 -0.003872
v -0.097632 1.305597 -0.047734
v -0.106555 1.240615 -0.023044
v -0.117220 1.209090 0.052773
v -0.126677 1.186518 0.007847
v -0.097632 1.305597 -0.047734
v -0.099949 1.284872 -0.077712
v -0.046766 1.314750 -0.006447
v -0.045285 1.355825 -0.000846
v -0.024082 1.323468 -0.051724
v -0.021631 1.366295 -0.043554
v -0.029045 1.344774 0.042331
v -0.030355 1.299612 0.035972
v 0.000000 1.323920 -0.053767
v 0.000000 1.367095 -0.046572
v 0.000000 1.295516 0.046236
v 0.000000 1.341732 0.052502
v -0.045285 1.355825 -0.000846
v 0.000000 1.345525 0.001122
v -0.021631 1.366295 -0.043554
v -0.029045 1.344774 0.042331
v 0.000000 1.367095 -0.046572
v 0.000000 1.341732 0.052502
v -0.079184 1.141978 0.083275
v -0.058630 1.167183 0.090580
v -0.087817 1.165814 0.085917
v -0.066827 1.190557 0.092807
v -0.111034 1.147608 0.021040
v -0.118113 1.167829 0.018240
v -0.045629 1.175474 0.092411
v 0.000000 1.211060 0.093711
v 0.000000 1.188047 0.093674
v -0.104901 1.147795 -0.062102
v -0.092006 1.129136 -0.050638
v -0.073741 1.155307 -0.080814
v -0.081662 1.177475 -0.088564
v -0.055795 1.156166 -0.083507
v -0.048213 1.179116 -0.094096
v -0.052584 1.163057 0.084100
v -0.071269 1.137694 0.075716
v -0.040698 1.170511 0.085812
v -0.097831 1.141106 0.020510
v -0.083543 1.123004 -0.045612
v -0.067185 1.147882 -0.073140
v -0.055621 1.149042 -0.074328
v 0.000000 1.095277 -0.064686
v 0.000000 1.089473 -0.053838
v 0.000000 1.122948 -0.078959
v -0.045629 1.175474 0.092411
v -0.040698 1.170511 0.085812
v 0.000000 1.188047 0.093674
v 0.000000 1.179649 0.089786
v 0.000000 1.154625 0.095801
v -0.029960 1.153752 0.093256
v -0.013606 1.125080 0.094386
v 0.000000 1.125336 0.096318
v -0.005606 1.065251 0.085218
v 0.000000 1.065342 0.085274
v 0.000000 1.021851 0.085833
v -0.008034 0.825584 0.028191
v -0.006249 0.824421 0.002845
v 0.000000 0.824739 0.028310
v 0.000000 0.824363 0.002758
v -0.028590 0.852132 0.065773
v 0.000000 0.852835 0.067600
v -0.061637 0.912757 0.077692
v 0.000000 0.907355 0.085346
v 0.000000 0.975025 0.092418
v -0.043462 0.977882 0.085966
v -0.039318 1.022695 0.078297
v 0.000000 1.021851 0.085833
v -0.005606 1.065251 0.085218
v -0.035870 1.064831 0.077856
v -0.080136 1.067510 0.021568
v -0.088215 1.024375 0.022786
v -0.088073 1.118030 0.027239
v -0.039693 1.124268 0.089509
v -0.103693 0.989837 0.024327
v -0.101174 0.943043 0.061083
v -0.013606 1.125080 0.094386
v -0.029960 1.153752 0.093256
v -0.052584 1.163057 0.084100
v -0.071269 1.137694 0.075716
v -0.097831 1.141106 0.020510
v -0.083543 1.123004 -0.045612
v -0.040698 1.170511 0.085812
v -0.067469 1.073735 -0.035845
v -0.030048 1.076309 -0.046905
v -0.054094 1.129433 -0.065111
v -0.067185 1.147882 -0.073140
v -0.055621 1.149042 -0.074328
v 0.000000 1.089473 -0.053838
v -0.030373 1.026726 -0.042570
v -0.068130 1.026290 -0.037345
v -0.041370 0.985631 -0.062561
v 0.000000 0.985592 -0.057347
v -0.028891 0.950691 -0.082233
v 0.000000 0.948209 -0.073431
v 0.000000 0.902671 -0.078429
v -0.070604 0.946350 -0.082749
v -0.072080 0.905098 -0.090908
v -0.022053 0.904359 -0.089143
v -0.085412 0.980040 -0.060103
v 0.000000 1.027018 -0.044164
v -0.102441 0.939851 -0.066825
v -0.118250 0.944430 0.016931
v -0.102187 0.904508 -0.071363
v -0.019861 0.875618 -0.079312
v -0.073746 0.873971 -0.083516
v 0.000000 0.875636 -0.065627
v -0.022308 0.853038 -0.064376
v 0.000000 0.856725 -0.050264
v -0.011890 0.837592 -0.030814
v 0.000000 0.839242 -0.024731
v -0.006249 0.824421 0.002845
v 0.000000 0.824363 0.002758
v -0.079034 0.863723 -0.076837
v -0.102187 0.904508 -0.071363
v -0.073746 0.873971 -0.083516
v -0.129797 0.868827 -0.058410
v -0.090801 0.842495 -0.078251
v -0.122241 0.923793 0.016009
v -0.102441 0.939851 -0.066825
v -0.118250 0.944430 0.016931
v -0.143700 0.875741 0.027006
v -0.107608 0.912029 0.067441
v -0.121986 0.863087 0.073755
v -0.101174 0.943043 0.061083
v -0.061637 0.912757 0.077692
v -0.070223 0.879390 0.077328
v -0.028590 0.852132 0.065773
v -0.034597 0.846780 0.066037
v -0.014714 0.824864 0.025238
v -0.008034 0.825584 0.028191
v -0.006249 0.824421 0.002845
v -0.145558 0.778354 0.073044
v -0.089464 0.834776 0.085303
v -0.169175 0.785199 0.022670
v -0.049670 0.813628 0.069780
v -0.065957 0.743630 0.068674
v -0.155667 0.777379 -0.064990
v -0.107985 0.754023 -0.084478
v -0.039223 0.805807 -0.048134
v -0.056445 0.732394 -0.052044
v -0.023619 0.796323 0.025673
v -0.040363 0.730326 0.023865
v -0.014714 0.824864 0.025238
v -0.031316 0.833417 -0.047841
v -0.006249 0.824421 0.002845
v -0.011890 0.837592 -0.030814
v -0.022308 0.853038 -0.064376
v -0.023619 0.796323 0.025673
v -0.040363 0.730326 0.023865
v -0.104775 0.609465 0.053836
v -0.118775 0.544209 0.037923
v -0.075502 0.601384 0.011903
v -0.093810 0.537702 0.001052
v -0.049084 0.701094 0.022983
v -0.085733 0.718804 0.072128
v -0.132529 0.617560 0.063530
v -0.114709 0.729089 0.082732
v -0.146516 0.739555 0.073218
v -0.162238 0.625316 0.051763
v -0.174033 0.748918 0.019464
v -0.182686 0.632027 0.006798
v -0.170113 0.557642 0.035005
v -0.142229 0.550346 0.047892
v -0.101628 0.788100 0.087787
v -0.162361 0.743124 -0.065083
v -0.172065 0.629083 -0.062009
v -0.186306 0.561985 -0.004047
v -0.174544 0.558873 -0.059033
v -0.114348 0.721291 -0.085540
v -0.128825 0.616512 -0.079470
v -0.065481 0.702106 -0.052966
v -0.087893 0.604810 -0.054374
v -0.137648 0.549148 -0.074881
v -0.104772 0.540545 -0.053230
v -0.093810 0.537702 0.001052
v -0.075502 0.601384 0.011903
v -0.049084 0.701094 0.022983
v -0.073746 0.873971 -0.083516
v -0.022308 0.853038 -0.064376
v -0.031316 0.833417 -0.047841
v -0.101628 0.788100 0.087787
v -0.085733 0.718804 0.072128
v -0.089464 0.834776 0.085303
v -0.065957 0.743630 0.068674
v -0.145558 0.778354 0.073044
v -0.146516 0.739555 0.073218
v -0.040363 0.730326 0.023865
v -0.049084 0.701094 0.022983
v -0.174033 0.748918 0.019464
v -0.169175 0.785199 0.022670
v -0.155667 0.777379 -0.064990
v -0.162361 0.743124 -0.065083
v -0.107985 0.754023 -0.084478
v -0.114348 0.721291 -0.085540
v -0.056445 0.732394 -0.052044
v -0.065481 0.702106 -0.052966
v -0.049084 0.701094 0.022983
v -0.040363 0.730326 0.023865
v -0.248852 0.108166 0.190288
v -0.236605 0.134119 0.120832
v -0.281423 0.103676 0.181765
v -0.285213 0.119599 0.112962
v -0.294963 0.071534 0.192302
v -0.253676 0.071767 0.217647
v -0.313099 0.071428 0.110225
v -0.276542 0.128227 0.052715
v -0.301053 0.071489 0.031097
v -0.271109 0.122981 0.046939
v -0.292719 0.071534 0.028380
v -0.303985 0.064936 0.207011
v -0.256711 0.065203 0.234860
v -0.327287 0.064802 0.115877
v -0.312189 0.064879 0.013642
v -0.256700 -0.002412 0.234796
v -0.307782 -0.002702 0.206316
v -0.331066 -0.002830 0.117889
v -0.316478 -0.002762 0.022497
v -0.294881 0.020146 0.019853
v -0.290237 0.064999 0.013758
v -0.221883 -0.002235 0.037339
v -0.220609 0.020561 0.030114
v -0.225660 0.136251 0.058762
v -0.226820 0.143967 0.065340
v -0.213640 0.177033 -0.009411
v -0.242045 0.173537 -0.022947
v -0.219536 0.150207 0.024032
v -0.250405 0.144870 0.015743
v -0.270317 0.124285 -0.012996
v -0.225660 0.136251 0.058762
v -0.271109 0.122981 0.046939
v -0.292719 0.071534 0.028380
v -0.282085 0.073365 -0.026205
v -0.265977 0.073886 -0.098503
v -0.243392 0.148556 -0.105096
v -0.231659 0.171114 -0.082243
v -0.193970 0.151929 -0.120962
v -0.196245 0.174067 -0.108060
v -0.290237 0.064999 0.013758
v -0.294881 0.020146 0.019853
v -0.284291 0.020244 -0.016453
v -0.228592 0.195763 -0.079917
v -0.197342 0.196439 -0.101841
v -0.239081 0.195746 -0.028243
v -0.212548 0.196339 -0.015601
v -0.243392 0.148556 -0.105096
v -0.193970 0.151929 -0.120962
v -0.251894 0.145032 -0.115409
v -0.192090 0.146940 -0.131623
v -0.265977 0.073886 -0.098503
v -0.277233 0.066835 -0.109043
v -0.297798 0.066722 -0.030752
v -0.282085 0.073365 -0.026205
v -0.284291 0.020244 -0.016453
v -0.304160 -0.002694 -0.017898
v -0.285999 -0.002594 -0.115957
v -0.263931 0.068961 -0.137925
v -0.269297 -0.002502 -0.143767
v -0.187902 -0.002055 -0.155375
v -0.188592 0.069354 -0.151460
v -0.214919 -0.002198 -0.002157
v -0.214568 0.020631 -0.004144
v -0.269297 -0.002502 -0.143767
v -0.214919 -0.002198 -0.002157
v -0.285999 -0.002594 -0.115957
v -0.304160 -0.002694 -0.017898
v -0.187902 -0.002055 -0.155375
v -0.220609 0.020561 0.030114
v -0.294881 0.020146 0.019853
v -0.214568 0.020631 -0.004144
v -0.284291 0.020244 -0.016453
v -0.316478 -0.002762 0.022497
v -0.221883 -0.002235 0.037339
v -0.331066 -0.002830 0.117889
v -0.307782 -0.002702 0.206316
v -0.256700 -0.002412 0.234796
v -0.188237 0.119599 0.130061
v -0.236605 0.134119 0.120832
v -0.215329 0.103676 0.193419
v -0.248852 0.108166 0.190288
v -0.206210 0.071534 0.207951
v -0.253676 0.071767 0.217647
v -0.161096 0.071428 0.137027
v -0.175778 0.128227 0.070482
v -0.145352 0.071489 0.058552
v -0.178909 0.122981 0.063196
v -0.152255 0.071534 0.053147
v -0.202764 0.064936 0.224859
v -0.256711 0.065203 0.234860
v -0.149696 0.064802 0.147191
v -0.128918 0.064879 0.045957
v -0.256700 -0.002412 0.234796
v -0.198957 -0.002702 0.225505
v -0.146833 -0.002830 0.150374
v -0.127917 -0.002762 0.055746
v -0.147307 0.020146 0.045874
v -0.149586 0.064999 0.038559
v -0.221883 -0.002235 0.037339
v -0.220609 0.020561 0.030114
v -0.225660 0.136251 0.058762
v -0.226820 0.143967 0.065340
v -0.213640 0.177033 -0.009411
v -0.219536 0.150207 0.024032
v -0.182317 0.173537 -0.012415
v -0.187695 0.144870 0.026800
v -0.159154 0.124285 0.006605
v -0.225660 0.136251 0.058762
v -0.178909 0.122981 0.063196
v -0.152255 0.071534 0.053147
v -0.143578 0.073365 -0.001783
v -0.133987 0.073886 -0.075230
v -0.152955 0.148556 -0.089149
v -0.171797 0.171114 -0.071688
v -0.193970 0.151929 -0.120962
v -0.196245 0.174067 -0.108060
v -0.149586 0.064999 0.038559
v -0.147307 0.020146 0.045874
v -0.144840 0.020244 0.008136
v -0.175474 0.195763 -0.070551
v -0.197342 0.196439 -0.101841
v -0.183291 0.195746 -0.018406
v -0.212548 0.196339 -0.015601
v -0.192090 0.146940 -0.131623
v -0.193970 0.151929 -0.120962
v -0.141439 0.145032 -0.095932
v -0.152955 0.148556 -0.089149
v -0.133987 0.073886 -0.075230
v -0.119805 0.066835 -0.081284
v -0.127257 0.066722 -0.000681
v -0.143578 0.073365 -0.001783
v -0.144840 0.020244 0.008136
v -0.125675 -0.002694 0.013573
v -0.109202 -0.002594 -0.084783
v -0.122426 0.068961 -0.112974
v -0.115386 -0.002502 -0.116628
v -0.187902 -0.002055 -0.155375
v -0.188592 0.069354 -0.151460
v -0.214919 -0.002198 -0.002157
v -0.214568 0.020631 -0.004144
v -0.214919 -0.002198 -0.002157
v -0.115386 -0.002502 -0.116628
v -0.109202 -0.002594 -0.084783
v -0.125675 -0.002694 0.013573
v -0.187902 -0.002055 -0.155375
v -0.220609 0.020561 0.030114
v -0.214568 0.020631 -0.004144
v -0.147307 0.020146 0.045874
v -0.144840 0.020244 0.008136
v -0.256700 -0.002412 0.234796
v -0.221883 -0.002235 0.037339
v -0.198957 -0.002702 0.225505
v -0.146833 -0.002830 0.150374
v -0.127917 -0.002762 0.055746
v -0.308588 0.114579 -0.022946
v -0.307645 0.134668 -0.023758
v -0.302529 0.142517 -0.062547
v -0.288215 0.133318 -0.065008
v -0.294835 0.104691 -0.023770
v -0.289290 0.185285 -0.039070
v -0.291752 0.180046 -0.077915
v -0.281824 0.208326 -0.070681
v -0.279164 0.215466 -0.070839
v -0.282353 0.187076 -0.015196
v -0.258948 0.299082 -0.154629
v -0.264285 0.281508 -0.151225
v -0.270709 0.189396 -0.018385
v -0.246474 0.298493 -0.158608
v -0.288980 0.189204 -0.078869
v -0.284468 0.203361 -0.076207
v -0.275871 0.243376 -0.143809
v -0.270169 0.262140 -0.147463
v -0.293869 0.173802 -0.081508
v -0.287748 0.204303 -0.136165
v -0.282238 0.222427 -0.139716
v -0.273742 0.195678 -0.139438
v -0.198448 0.281878 0.042513
v -0.264964 0.239039 0.004287
v -0.214849 0.223548 0.103237
v -0.264235 0.197698 0.065736
v -0.304433 0.124437 0.002319
v -0.296412 0.184173 -0.035490
v -0.307645 0.134668 -0.023758
v -0.308588 0.114579 -0.022946
v -0.214865 0.205492 0.094829
v -0.253010 0.185450 0.064500
v -0.289848 0.116416 0.005764
v -0.197071 0.269777 0.029420
v -0.250081 0.231852 -0.004073
v -0.294835 0.104691 -0.023770
v -0.289290 0.185285 -0.039070
v -0.296412 0.184173 -0.035490
v -0.282353 0.187076 -0.015196
v -0.264964 0.239039 0.004287
v -0.307645 0.134668 -0.023758
v -0.270709 0.189396 -0.018385
v -0.250081 0.231852 -0.004073
v -0.214865 0.205492 0.094829
v -0.253010 0.185450 0.064500
v -0.250081 0.231852 -0.004073
v -0.197071 0.269777 0.029420
v -0.270709 0.189396 -0.018385
v -0.289848 0.116416 0.005764
v -0.280409 0.165555 -0.040526
v -0.264625 0.237014 -0.139454
v -0.258997 0.257331 -0.144277
v -0.261729 0.240685 -0.148116
v -0.256781 0.259610 -0.151156
v -0.270130 0.214971 -0.134578
v -0.273742 0.195678 -0.139438
v -0.267410 0.219591 -0.143878
v -0.288215 0.133318 -0.065008
v -0.294835 0.104691 -0.023770
v -0.253878 0.276618 -0.148477
v -0.246474 0.298493 -0.158608
v -0.251430 0.280095 -0.154945
v -0.274494 0.239173 -0.138779
v -0.280975 0.217745 -0.133817
v -0.285670 0.188519 -0.078868
v -0.288442 0.179359 -0.077911
v -0.290559 0.173113 -0.081500
v -0.261729 0.240685 -0.148116
v -0.264625 0.237014 -0.139454
v -0.275871 0.243376 -0.143809
v -0.274494 0.239173 -0.138779
v -0.270169 0.262140 -0.147463
v -0.256781 0.259610 -0.151156
v -0.258997 0.257331 -0.144277
v -0.268702 0.258313 -0.143037
v -0.262854 0.277729 -0.146996
v -0.253878 0.276618 -0.148477
v -0.264285 0.281508 -0.151225
v -0.251430 0.280095 -0.154945
v -0.258948 0.299082 -0.154629
v -0.246474 0.298493 -0.158608
v -0.270130 0.214971 -0.134578
v -0.280975 0.217745 -0.133817
v -0.282238 0.222427 -0.139716
v -0.267410 0.219591 -0.143878
v -0.287748 0.204303 -0.136165
v -0.273742 0.195678 -0.139438
v -0.291752 0.180046 -0.077915
v -0.288980 0.189204 -0.078869
v -0.288442 0.179359 -0.077911
v -0.285670 0.188519 -0.078868
v -0.290559 0.173113 -0.081500
v -0.293869 0.173802 -0.081508
v -0.280975 0.217745 -0.133817
v -0.282238 0.222427 -0.139716
v -0.274494 0.239173 -0.138779
v -0.275871 0.243376 -0.143809
v -0.281223 0.202534 -0.076375
v -0.268702 0.258313 -0.143037
v -0.284468 0.203361 -0.076207
v -0.270169 0.262140 -0.147463
v -0.281824 0.208326 -0.070681
v -0.278569 0.207546 -0.070907
v -0.279164 0.215466 -0.070839
v -0.275906 0.214682 -0.071031
v -0.262854 0.277729 -0.146996
v -0.264285 0.281508 -0.151225
v -0.278569 0.207546 -0.070907
v -0.275906 0.214682 -0.071031
v -0.281223 0.202534 -0.076375
v -0.268702 0.258313 -0.143037
v -0.262854 0.277729 -0.146996
v -0.099163 0.116428 0.015030
v -0.101959 0.096502 0.015497
v -0.088699 0.123810 -0.022764
v -0.102518 0.117072 -0.030459
v -0.115962 0.089042 0.009509
v -0.102065 0.168905 -0.004237
v -0.086815 0.162116 -0.039787
v -0.093772 0.191873 -0.035694
v -0.094961 0.199351 -0.036569
v -0.116662 0.172580 0.015631
v -0.069587 0.282515 -0.119399
v -0.068848 0.264410 -0.114865
v -0.125834 0.176721 0.008569
v -0.079728 0.283905 -0.127585
v -0.087484 0.171575 -0.041381
v -0.090204 0.186366 -0.040064
v -0.067252 0.225125 -0.104996
v -0.068036 0.244456 -0.109857
v -0.084635 0.155496 -0.042580
v -0.065626 0.184870 -0.094840
v -0.066379 0.203541 -0.099556
v -0.078776 0.178620 -0.103165
v -0.160421 0.188615 0.085051
v -0.130873 0.227308 0.029235
v -0.214849 0.223548 0.103237
v -0.198448 0.281878 0.042513
v -0.113142 0.107701 0.037908
v -0.096986 0.166725 0.001613
v -0.099163 0.116428 0.015030
v -0.101959 0.096502 0.015497
v -0.214865 0.205492 0.094829
v -0.172350 0.178393 0.079507
v -0.129121 0.102355 0.035667
v -0.197071 0.269777 0.029420
v -0.142771 0.222464 0.015892
v -0.115962 0.089042 0.009509
v -0.130873 0.227308 0.029235
v -0.096986 0.166725 0.001613
v -0.116662 0.172580 0.015631
v -0.102065 0.168905 -0.004237
v -0.099163 0.116428 0.015030
v -0.125834 0.176721 0.008569
v -0.142771 0.222464 0.015892
v -0.172350 0.178393 0.079507
v -0.214865 0.205492 0.094829
v -0.142771 0.222464 0.015892
v -0.197071 0.269777 0.029420
v -0.125834 0.176721 0.008569
v -0.129121 0.102355 0.035667
v -0.113019 0.150910 -0.009384
v -0.080208 0.220880 -0.105144
v -0.080247 0.241692 -0.111021
v -0.079161 0.224713 -0.114150
v -0.079445 0.244096 -0.118164
v -0.080591 0.198388 -0.099314
v -0.078776 0.178620 -0.103165
v -0.078994 0.203107 -0.108824
v -0.102518 0.117072 -0.030459
v -0.115962 0.089042 0.009509
v -0.080214 0.261424 -0.116167
v -0.079728 0.283905 -0.127585
v -0.079570 0.265059 -0.122971
v -0.089973 0.161995 -0.040987
v -0.070432 0.199325 -0.094646
v -0.090641 0.171456 -0.042583
v -0.071018 0.221371 -0.100923
v -0.087795 0.155373 -0.043776
v -0.071018 0.221371 -0.100923
v -0.080208 0.220880 -0.105144
v -0.067252 0.225125 -0.104996
v -0.079161 0.224713 -0.114150
v -0.068036 0.244456 -0.109857
v -0.079445 0.244096 -0.118164
v -0.080247 0.241692 -0.111021
v -0.071607 0.241069 -0.106368
v -0.072308 0.261058 -0.111545
v -0.080214 0.261424 -0.116167
v -0.068848 0.264410 -0.114865
v -0.079570 0.265059 -0.122971
v -0.069587 0.282515 -0.119399
v -0.079728 0.283905 -0.127585
v -0.080591 0.198388 -0.099314
v -0.070432 0.199325 -0.094646
v -0.066379 0.203541 -0.099556
v -0.078994 0.203107 -0.108824
v -0.065626 0.184870 -0.094840
v -0.078776 0.178620 -0.103165
v -0.090641 0.171456 -0.042583
v -0.087484 0.171575 -0.041381
v -0.089973 0.161995 -0.040987
v -0.086815 0.162116 -0.039787
v -0.087795 0.155373 -0.043776
v -0.084635 0.155496 -0.042580
v -0.070432 0.199325 -0.094646
v -0.066379 0.203541 -0.099556
v -0.071018 0.221371 -0.100923
v -0.067252 0.225125 -0.104996
v -0.068036 0.244456 -0.109857
v -0.071607 0.241069 -0.106368
v -0.090204 0.186366 -0.040064
v -0.093265 0.186090 -0.041406
v -0.093772 0.191873 -0.035694
v -0.096814 0.191645 -0.037092
v -0.094961 0.199351 -0.036569
v -0.098018 0.199119 -0.037935
v -0.072308 0.261058 -0.111545
v -0.068848 0.264410 -0.114865
v -0.071607 0.241069 -0.106368
v -0.098018 0.199119 -0.037935
v -0.093265 0.186090 -0.041406
v -0.096814 0.191645 -0.037092
v -0.072308 0.261058 -0.111545
v -0.130746 0.594690 -0.086429
v -0.130906 0.581557 -0.107547
v -0.166593 0.599088 -0.081438
v -0.177685 0.587422 -0.101663
v -0.137011 0.591021 -0.020136
v -0.194741 0.600910 -0.046564
v -0.213171 0.590585 -0.055593
v -0.177685 0.587422 -0.101663
v -0.198304 0.595804 0.018236
v -0.213171 0.590585 -0.055593
v -0.218513 0.584606 0.025480
v -0.186142 0.593469 0.043453
v -0.218513 0.584606 0.025480
v -0.203076 0.587620 0.053043
v -0.209430 0.579472 0.055199
v -0.146321 0.581154 0.070646
v -0.143939 0.586775 0.052844
v -0.197299 0.495926 -0.138233
v -0.177685 0.587422 -0.101663
v -0.139846 0.502566 -0.146447
v -0.130906 0.581557 -0.107547
v -0.242245 0.511417 -0.066198
v -0.224998 0.397886 -0.067973
v -0.213171 0.590585 -0.055593
v -0.183306 0.475475 -0.131570
v -0.143130 0.484480 -0.139987
v -0.188056 0.425556 -0.129032
v -0.242523 0.511150 0.016640
v -0.213879 0.403512 0.001869
v -0.195225 0.513809 0.058507
v -0.164531 0.447643 0.048377
v -0.216246 0.308313 -0.006843
v -0.221870 0.308533 -0.070650
v -0.172621 0.303733 -0.107684
v -0.151942 0.429054 -0.134704
v -0.218513 0.584606 0.025480
v -0.209430 0.579472 0.055199
v -0.169980 0.404414 0.035963
v -0.229881 0.218127 -0.071576
v -0.185860 0.214098 -0.109012
v -0.225338 0.217420 -0.022688
v -0.194636 0.216882 -0.002282
v -0.182373 0.308158 0.013236
v -0.190819 0.171632 -0.125763
v -0.247312 0.171385 -0.083990
v -0.238390 0.185008 -0.016408
v -0.197955 0.198583 0.004212
v -0.242446 0.166564 -0.081722
v -0.192120 0.166107 -0.120336
v -0.198738 0.191266 0.000493
v -0.234882 0.179204 -0.018526
v -0.203076 0.587620 0.053043
v -0.209430 0.579472 0.055199
v -0.187648 0.515493 0.054759
v -0.195225 0.513809 0.058507
v -0.162447 0.459434 0.044823
v -0.164531 0.447643 0.048377
v -0.153102 0.576494 0.141200
v -0.141802 0.640771 0.122525
v -0.203076 0.587620 0.053043
v -0.170634 0.649195 0.070486
v -0.128372 0.710287 0.088306
v -0.159692 0.514352 0.108945
v -0.187648 0.515493 0.054759
v -0.162447 0.459434 0.044823
v -0.134944 0.662676 0.081263
v -0.170634 0.649195 0.070486
v -0.128372 0.710287 0.088306
v -0.172933 0.627519 0.069677
v -0.140754 0.621064 0.075882
v -0.203076 0.587620 0.053043
v -0.146321 0.581154 0.070646
v -0.234882 0.179204 -0.018526
v -0.242446 0.166564 -0.081722
v -0.198738 0.191266 0.000493
v -0.192120 0.166107 -0.120336
v -0.086134 0.573619 -0.093775
v -0.130906 0.581557 -0.107547
v -0.096545 0.588527 -0.075402
v -0.130746 0.594690 -0.086429
v -0.137011 0.591021 -0.020136
v -0.075345 0.582908 -0.036276
v -0.059506 0.567417 -0.042353
v -0.086134 0.573619 -0.093775
v -0.084325 0.578619 0.028057
v -0.059506 0.567417 -0.042353
v -0.069789 0.562183 0.038295
v -0.100677 0.580583 0.050817
v -0.069789 0.562183 0.038295
v -0.088050 0.570278 0.062953
v -0.084814 0.560683 0.065936
v -0.146321 0.581154 0.070646
v -0.143939 0.586775 0.052844
v -0.130906 0.581557 -0.107547
v -0.086134 0.573619 -0.093775
v -0.139846 0.502566 -0.146447
v -0.089075 0.479609 -0.128908
v -0.053534 0.482964 -0.049938
v -0.102707 0.379447 -0.057436
v -0.059506 0.567417 -0.042353
v -0.109349 0.464324 -0.125198
v -0.143130 0.484480 -0.139987
v -0.119915 0.415282 -0.123161
v -0.067208 0.484717 0.031745
v -0.123211 0.389842 0.009682
v -0.117962 0.502160 0.065164
v -0.164531 0.447643 0.048377
v -0.147079 0.297885 -0.000883
v -0.130999 0.294913 -0.062931
v -0.172621 0.303733 -0.107684
v -0.151942 0.429054 -0.134704
v -0.069789 0.562183 0.038295
v -0.084814 0.560683 0.065936
v -0.169980 0.404414 0.035963
v -0.149404 0.206155 -0.064862
v -0.185860 0.214098 -0.109012
v -0.162161 0.207895 -0.017245
v -0.194636 0.216882 -0.002282
v -0.182373 0.308158 0.013236
v -0.190819 0.171632 -0.125763
v -0.144695 0.155914 -0.075148
v -0.160411 0.173251 -0.009690
v -0.197955 0.198583 0.004212
v -0.151066 0.152787 -0.073848
v -0.192120 0.166107 -0.120336
v -0.198738 0.191266 0.000493
v -0.165058 0.168677 -0.012510
v -0.088050 0.570278 0.062953
v -0.153102 0.576494 0.141200
v -0.123975 0.505893 0.060245
v -0.159692 0.514352 0.108945
v -0.103487 0.639071 0.076271
v -0.141802 0.640771 0.122525
v -0.162447 0.459434 0.044823
v -0.128372 0.710287 0.088306
v -0.088050 0.570278 0.062953
v -0.123975 0.505893 0.060245
v -0.084814 0.560683 0.065936
v -0.117962 0.502160 0.065164
v -0.162447 0.459434 0.044823
v -0.164531 0.447643 0.048377
v -0.103487 0.639071 0.076271
v -0.134944 0.662676 0.081263
v -0.128372 0.710287 0.088306
v -0.107532 0.617659 0.075312
v -0.140754 0.621064 0.075882
v -0.088050 0.570278 0.062953
v -0.146321 0.581154 0.070646
v -0.192120 0.166107 -0.120336
v -0.151066 0.152787 -0.073848
v -0.198738 0.191266 0.000493
v -0.165058 0.168677 -0.012510
v -0.274816 0.486999 -0.024359
v -0.280194 0.487319 -0.041217
v -0.219560 0.365969 -0.032192
v -0.223606 0.360564 -0.049466
v -0.288007 0.642537 -0.010329
v -0.294071 0.651319 -0.026097
v -0.274816 0.486999 -0.024359
v -0.219560 0.365969 -0.032192
v -0.231666 0.479037 -0.021308
v -0.253147 0.588826 -0.013747
v -0.288007 0.642537 -0.010329
v -0.218930 0.588140 -0.008341
v -0.217948 0.612319 -0.008132
v -0.233508 0.618371 -0.009650
v -0.280854 0.686747 -0.005285
v -0.288007 0.642537 -0.010329
v -0.280854 0.686747 -0.005285
v -0.203267 0.629260 -0.006076
v -0.267394 0.734416 0.000451
v -0.273117 0.743817 -0.015243
v -0.267394 0.734416 0.000451
v -0.202385 0.630228 -0.022720
v -0.203267 0.629260 -0.006076
v -0.280854 0.686747 -0.005285
v -0.285787 0.694322 -0.021143
v -0.217948 0.612319 -0.008132
v -0.217615 0.612455 -0.024787
v -0.218930 0.588140 -0.008341
v -0.217362 0.587089 -0.025604
v -0.288007 0.642537 -0.010329
v -0.280854 0.686747 -0.005285
v -0.294071 0.651319 -0.026097
v -0.285787 0.694322 -0.021143
v -0.223606 0.360564 -0.049466
v -0.280194 0.487319 -0.041217
v -0.221408 0.368613 -0.064971
v -0.273450 0.490318 -0.057063
v -0.286569 0.645793 -0.043108
v -0.294071 0.651319 -0.026097
v -0.221408 0.368613 -0.064971
v -0.273450 0.490318 -0.057063
v -0.233769 0.481903 -0.054209
v -0.251736 0.592109 -0.046525
v -0.286569 0.645793 -0.043108
v -0.217032 0.590190 -0.041153
v -0.216502 0.615584 -0.041033
v -0.232067 0.621637 -0.042508
v -0.279374 0.689962 -0.038075
v -0.286569 0.645793 -0.043108
v -0.279374 0.689962 -0.038075
v -0.201804 0.632509 -0.038976
v -0.265859 0.737576 -0.032342
v -0.201804 0.632509 -0.038976
v -0.265859 0.737576 -0.032342
v -0.202385 0.630228 -0.022720
v -0.273117 0.743817 -0.015243
v -0.279374 0.689962 -0.038075
v -0.285787 0.694322 -0.021143
v -0.216502 0.615584 -0.041033
v -0.217615 0.612455 -0.024787
v -0.217032 0.590190 -0.041153
v -0.217362 0.587089 -0.025604
v -0.285787 0.694322 -0.021143
v -0.279374 0.689962 -0.038075
v -0.294071 0.651319 -0.026097
v -0.286569 0.645793 -0.043108
v -0.292361 0.635513 -0.008694
v -0.260315 0.585418 -0.012382
v -0.290355 0.653691 -0.006336
v -0.252681 0.596364 -0.010611
v -0.285750 0.680638 -0.003534
v -0.240568 0.615640 -0.008342
v -0.282660 0.696986 -0.001319
v -0.233149 0.625232 -0.006679
v -0.294926 0.661608 -0.024768
v -0.297292 0.643864 -0.026992
v -0.290355 0.653691 -0.006336
v -0.292361 0.635513 -0.008694
v -0.286699 0.706532 -0.019590
v -0.289622 0.686512 -0.022200
v -0.282660 0.696986 -0.001319
v -0.285750 0.680638 -0.003534
v -0.251265 0.599645 -0.048811
v -0.258909 0.588703 -0.050532
v -0.288908 0.656940 -0.044523
v -0.290930 0.638776 -0.046861
v -0.231703 0.628494 -0.044963
v -0.239133 0.618909 -0.046593
v -0.281171 0.700193 -0.039510
v -0.284278 0.683862 -0.041723
v -0.290930 0.638776 -0.046861
v -0.297292 0.643864 -0.026992
v -0.288908 0.656940 -0.044523
v -0.294926 0.661608 -0.024768
v -0.284278 0.683862 -0.041723
v -0.289622 0.686512 -0.022200
v -0.281171 0.700193 -0.039510
v -0.286699 0.706532 -0.019590
v 0.046541 1.224753 0.094965
v 0.040402 1.268798 0.073354
v 0.030233 1.254160 0.120508
v 0.024589 1.295284 0.093196
v 0.087845 1.265035 0.080835
v 0.085216 1.274394 0.077963
v 0.239711 1.343739 0.078226
v 0.224932 1.324883 0.080780
v 0.062104 1.220784 0.094260
v 0.090821 1.253250 0.084038
v 0.199247 1.295299 0.086167
v 0.217001 1.313545 0.083696
v 0.093580 1.245109 0.087033
v 0.089601 1.176976 0.105274
v 0.190821 1.283253 0.087799
v 0.000000 1.281938 0.147162
v 0.000000 1.319855 0.109662
v 0.040220 1.262072 0.064044
v 0.000000 1.264551 0.068199
v 0.040402 1.268798 0.073354
v 0.024589 1.295284 0.093196
v 0.000000 1.319855 0.109662
v 0.000000 1.281938 0.147162
v 0.000000 1.273851 0.143966
v 0.030233 1.254160 0.120508
v 0.026788 1.247328 0.118861
v 0.046541 1.224753 0.094965
v 0.043075 1.217935 0.092200
v 0.058391 1.213489 0.089787
v 0.062104 1.220784 0.094260
v 0.089601 1.176976 0.105274
v 0.089783 1.167154 0.096141
v 0.192121 1.277152 0.078619
v 0.190821 1.283253 0.087799
v 0.188519 1.282712 0.085148
v 0.189306 1.278047 0.078063
v 0.198193 1.288563 0.077040
v 0.197358 1.292750 0.083421
v 0.200740 1.289356 0.076992
v 0.199247 1.295299 0.086167
v 0.218952 1.308201 0.074537
v 0.217001 1.313545 0.083696
v 0.215476 1.313646 0.080908
v 0.216187 1.310060 0.074089
v 0.222770 1.317464 0.073116
v 0.222194 1.321807 0.080185
v 0.226453 1.318703 0.071753
v 0.224932 1.324883 0.080780
v 0.241544 1.337826 0.069239
v 0.239711 1.343739 0.078226
v 0.040402 1.268798 0.073354
v 0.040220 1.262072 0.064044
v 0.040220 1.262072 0.064044
v 0.058391 1.213489 0.089787
v 0.043075 1.217935 0.092200
v 0.189306 1.278047 0.078063
v 0.198193 1.288563 0.077040
v 0.192121 1.277152 0.078619
v 0.089783 1.167154 0.096141
v 0.216187 1.310060 0.074089
v 0.200740 1.289356 0.076992
v 0.218952 1.308201 0.074537
v 0.222770 1.317464 0.073116
v 0.241544 1.337826 0.069239
v 0.226453 1.318703 0.071753
v 0.217001 1.313545 0.083696
v 0.215476 1.313646 0.080908
v 0.087845 1.265035 0.080835
v 0.088989 1.266415 0.077903
v 0.085216 1.274394 0.077963
v 0.087299 1.272604 0.075845
v 0.222194 1.321807 0.080185
v 0.224932 1.324883 0.080780
v 0.094717 1.245789 0.083929
v 0.093580 1.245109 0.087033
v 0.188519 1.282712 0.085148
v 0.190821 1.283253 0.087799
v 0.090821 1.253250 0.084038
v 0.092528 1.251441 0.081230
v 0.197358 1.292750 0.083421
v 0.199247 1.295299 0.086167
v 0.222194 1.321807 0.080185
v 0.087299 1.272604 0.075845
v 0.215476 1.313646 0.080908
v 0.088989 1.266415 0.077903
v 0.197358 1.292750 0.083421
v 0.092528 1.251441 0.081230
v 0.188519 1.282712 0.085148
v 0.094717 1.245789 0.083929
v 0.019185 1.186255 0.126071
v 0.026139 1.233372 0.124333
v 0.000000 1.190767 0.142495
v 0.000000 1.249272 0.151811
v 0.000000 1.141952 0.103866
v 0.029987 1.181099 0.101622
v 0.043075 1.217935 0.092200
v 0.026788 1.247328 0.118861
v 0.000000 1.273851 0.143966
v 0.147126 1.326719 0.029889
v 0.206311 1.318480 0.022142
v 0.144967 1.346237 -0.027916
v 0.208451 1.335907 -0.027916
v 0.203584 1.285604 0.048759
v 0.150441 1.293612 0.062164
v 0.200584 1.230121 0.052962
v 0.157680 1.227103 0.064755
v 0.159641 1.202476 0.059955
v 0.097376 1.308096 0.022132
v 0.094619 1.323834 -0.027916
v 0.102906 1.277612 0.049724
v 0.116867 1.221881 0.053636
v 0.203808 1.307238 0.014205
v 0.202957 1.321841 -0.027916
v 0.201849 1.276060 0.034664
v 0.200766 1.245425 0.037028
v 0.199944 1.225781 0.038465
v 0.159311 1.197600 0.043422
v 0.096181 1.308263 -0.027916
v 0.098187 1.296032 0.015247
v 0.103967 1.267227 0.037879
v 0.118256 1.218894 0.040284
v 0.199944 1.225781 0.038465
v 0.153606 1.238661 0.038447
v 0.200766 1.245425 0.037028
v 0.159311 1.197600 0.043422
v 0.118256 1.218894 0.040284
v 0.153606 1.238661 0.038447
v 0.118256 1.218894 0.040284
v 0.103967 1.267227 0.037879
v 0.206162 1.293429 -0.027916
v 0.197231 1.241154 0.028578
v 0.098187 1.296032 0.015247
v 0.096181 1.308263 -0.027916
v 0.250577 1.245846 0.016335
v 0.297319 1.242001 -0.004892
v 0.298122 1.268976 -0.027916
v 0.328313 1.233578 -0.027916
v 0.260348 1.309529 -0.027916
v 0.202957 1.321841 -0.027916
v 0.258644 1.297336 0.005202
v 0.203808 1.307238 0.014205
v 0.252285 1.250339 0.024743
v 0.201849 1.276060 0.034664
v 0.200766 1.245425 0.037028
v 0.307459 1.278482 -0.027916
v 0.306245 1.271325 -0.010175
v 0.338769 1.235451 -0.027916
v 0.302073 1.245291 0.002126
v 0.250577 1.245846 0.016335
v 0.197231 1.241154 0.028578
v 0.153606 1.238661 0.038447
v 0.297319 1.242001 -0.004892
v 0.328313 1.233578 -0.027916
v 0.147126 1.326719 -0.085720
v 0.144967 1.346237 -0.027916
v 0.206311 1.318480 -0.077973
v 0.208451 1.335907 -0.027916
v 0.203584 1.285604 -0.104591
v 0.150441 1.293612 -0.117996
v 0.200584 1.230121 -0.108794
v 0.157680 1.227103 -0.120586
v 0.159641 1.202476 -0.115786
v 0.097376 1.308096 -0.077964
v 0.094619 1.323834 -0.027916
v 0.102906 1.277612 -0.105555
v 0.116867 1.221881 -0.109468
v 0.203808 1.307238 -0.070036
v 0.202957 1.321841 -0.027916
v 0.201849 1.276060 -0.090496
v 0.200766 1.245425 -0.092859
v 0.199944 1.225781 -0.094297
v 0.159311 1.197600 -0.099253
v 0.096181 1.308263 -0.027916
v 0.098187 1.296032 -0.071078
v 0.103967 1.267227 -0.093711
v 0.118256 1.218894 -0.096115
v 0.153606 1.238661 -0.094278
v 0.199944 1.225781 -0.094297
v 0.200766 1.245425 -0.092859
v 0.159311 1.197600 -0.099253
v 0.118256 1.218894 -0.096115
v 0.153606 1.238661 -0.094278
v 0.103967 1.267227 -0.093711
v 0.118256 1.218894 -0.096115
v 0.206162 1.293429 -0.027916
v 0.197231 1.241154 -0.084410
v 0.098187 1.296032 -0.071078
v 0.096181 1.308263 -0.027916
v 0.250577 1.245846 -0.072166
v 0.297319 1.242001 -0.050940
v 0.298122 1.268976 -0.027916
v 0.328313 1.233578 -0.027916
v 0.260348 1.309529 -0.027916
v 0.258644 1.297336 -0.061033
v 0.202957 1.321841 -0.027916
v 0.203808 1.307238 -0.070036
v 0.252285 1.250339 -0.080574
v 0.201849 1.276060 -0.090496
v 0.200766 1.245425 -0.092859
v 0.307459 1.278482 -0.027916
v 0.306245 1.271325 -0.045656
v 0.338769 1.235451 -0.027916
v 0.302073 1.245291 -0.057957
v 0.250577 1.245846 -0.072166
v 0.197231 1.241154 -0.084410
v 0.153606 1.238661 -0.094278
v 0.297319 1.242001 -0.050940
v 0.328313 1.233578 -0.027916
v 0.249236 1.330873 -0.180598
v 0.259880 1.274442 -0.183431
v 0.298718 1.316611 -0.196385
v 0.333350 1.350871 -0.209034
v 0.494465 1.231091 -0.255500
v 0.529143 1.255433 -0.264038
v 0.659965 1.149197 -0.293067
v 0.689507 1.164296 -0.297588
v 0.743673 1.106276 -0.310815
v 0.780519 1.111459 -0.315421
v 0.249703 1.378970 -0.175607
v 0.245009 1.260458 -0.178226
v 0.264717 1.258192 -0.185443
v 0.179933 1.254331 -0.157858
v 0.196211 1.208174 -0.161560
v 0.195866 1.196979 -0.161110
v 0.030182 1.281297 -0.101671
v 0.044168 1.230766 -0.106332
v 0.263076 1.273319 -0.188094
v 0.268653 1.254134 -0.190463
v 0.298370 1.312839 -0.199818
v 0.491270 1.228203 -0.256745
v 0.457899 1.199176 -0.249314
v 0.623648 1.135833 -0.289302
v 0.656831 1.146418 -0.295254
v 0.651565 1.147478 -0.304784
v 0.618387 1.136813 -0.298902
v 0.452720 1.199791 -0.259827
v 0.263611 1.254466 -0.202200
v 0.656831 1.146418 -0.295254
v 0.741751 1.102143 -0.315920
v 0.743673 1.106276 -0.310815
v 0.780519 1.111459 -0.315421
v 0.788897 1.107756 -0.322548
v 0.659965 1.149197 -0.293067
v 0.494465 1.231091 -0.255500
v 0.491270 1.228203 -0.256745
v 0.298718 1.316611 -0.196385
v 0.298370 1.312839 -0.199818
v 0.651565 1.147478 -0.304784
v 0.689507 1.164296 -0.297588
v 0.780519 1.111459 -0.315421
v 0.694582 1.164243 -0.305538
v 0.788897 1.107756 -0.322548
v 0.534082 1.256582 -0.270941
v 0.529143 1.255433 -0.264038
v 0.334775 1.354660 -0.216234
v 0.333350 1.350871 -0.209034
v 0.249703 1.378970 -0.175607
v 0.238642 1.387665 -0.178179
v 0.239075 1.332875 -0.183730
v 0.249236 1.330873 -0.180598
v 0.179933 1.254331 -0.157858
v 0.174184 1.258175 -0.162733
v 0.030182 1.281297 -0.101671
v 0.024673 1.285282 -0.106343
v 0.044168 1.230766 -0.106332
v 0.037228 1.231466 -0.124327
v 0.195866 1.196979 -0.161110
v 0.188638 1.196887 -0.179317
v 0.196211 1.208174 -0.161560
v 0.188983 1.208081 -0.179758
v 0.195257 1.207412 -0.178600
v 0.200065 1.207471 -0.166525
v 0.245009 1.260458 -0.178226
v 0.244746 1.256893 -0.181762
v 0.264717 1.258192 -0.185443
v 0.268653 1.254134 -0.190463
v 0.263076 1.273319 -0.188094
v 0.259880 1.274442 -0.183431
v 0.298718 1.316611 -0.196385
v 0.298370 1.312839 -0.199818
v 0.400669 1.146965 -0.250491
v 0.425509 1.154469 -0.257157
v 0.405827 1.146445 -0.239727
v 0.430681 1.153908 -0.246559
v 0.268653 1.254134 -0.190463
v 0.303572 1.179837 -0.206572
v 0.244746 1.256893 -0.181762
v 0.200065 1.207471 -0.166525
v 0.263611 1.254466 -0.202200
v 0.195257 1.207412 -0.178600
v 0.298581 1.180040 -0.218047
v 0.252303 1.274929 -0.201185
v 0.244207 1.331185 -0.192485
v 0.291082 1.317152 -0.213844
v 0.237457 1.260927 -0.196081
v 0.257135 1.258685 -0.203153
v 0.175147 1.254261 -0.170007
v 0.188983 1.208081 -0.179758
v 0.188638 1.196887 -0.179317
v 0.025595 1.281685 -0.113555
v 0.037228 1.231466 -0.124327
v 0.328967 1.351426 -0.221675
v 0.488488 1.231332 -0.270640
v 0.524897 1.255452 -0.275275
v 0.653891 1.149628 -0.308380
v 0.688132 1.163215 -0.310503
v 0.740552 1.106123 -0.320862
v 0.776197 1.111668 -0.325994
v 0.244670 1.379281 -0.187587
v 0.452720 1.199791 -0.259827
v 0.263611 1.254466 -0.202200
v 0.486073 1.228876 -0.267084
v 0.293296 1.313199 -0.211410
v 0.258038 1.273646 -0.199866
v 0.618387 1.136813 -0.298902
v 0.651565 1.147478 -0.304784
v 0.740552 1.106123 -0.320862
v 0.741751 1.102143 -0.315920
v 0.651565 1.147478 -0.304784
v 0.776197 1.111668 -0.325994
v 0.788897 1.107756 -0.322548
v 0.653891 1.149628 -0.308380
v 0.488488 1.231332 -0.270640
v 0.486073 1.228876 -0.267084
v 0.291082 1.317152 -0.213844
v 0.293296 1.313199 -0.211410
v 0.688132 1.163215 -0.310503
v 0.694582 1.164243 -0.305538
v 0.776197 1.111668 -0.325994
v 0.788897 1.107756 -0.322548
v 0.534082 1.256582 -0.270941
v 0.524897 1.255452 -0.275275
v 0.334775 1.354660 -0.216234
v 0.328967 1.351426 -0.221675
v 0.244670 1.379281 -0.187587
v 0.238642 1.387665 -0.178179
v 0.239075 1.332875 -0.183730
v 0.244207 1.331185 -0.192485
v 0.175147 1.254261 -0.170007
v 0.174184 1.258175 -0.162733
v 0.025595 1.281685 -0.113555
v 0.024673 1.285282 -0.106343
v 0.239727 1.257205 -0.193618
v 0.195257 1.207412 -0.178600
v 0.237457 1.260927 -0.196081
v 0.188983 1.208081 -0.179758
v 0.257135 1.258685 -0.203153
v 0.263611 1.254466 -0.202200
v 0.258038 1.273646 -0.199866
v 0.252303 1.274929 -0.201185
v 0.291082 1.317152 -0.213844
v 0.293296 1.313199 -0.211410
v 0.400669 1.146965 -0.250491
v 0.298581 1.180040 -0.218047
v 0.425509 1.154469 -0.257157
v 0.263611 1.254466 -0.202200
v 0.239727 1.257205 -0.193618
v 0.195257 1.207412 -0.178600
v 0.036657 1.234802 -0.139741
v 0.000000 1.260434 -0.154727
v 0.023753 1.302296 -0.118003
v 0.000000 1.310195 -0.125896
v 0.030049 1.292610 -0.097358
v 0.049688 1.208863 -0.104420
v 0.000000 1.336495 -0.089413
v 0.000000 1.249890 -0.150815
v 0.033123 1.227809 -0.139463
v 0.044465 1.202363 -0.104934
v 0.000000 1.336495 -0.089413
v 0.000000 1.268141 -0.100937
v 0.030049 1.292610 -0.097358
v 0.049688 1.208863 -0.104420
v 0.000000 1.201997 -0.105319
v 0.044465 1.202363 -0.104934
v 0.034610 1.176105 -0.100933
v 0.000000 1.174233 -0.100811
v 0.000000 1.131445 -0.091565
v 0.033123 1.227809 -0.139463
v 0.000000 1.225728 -0.152076
v 0.000000 1.249890 -0.150815
v 0.000000 1.181403 -0.137626
v 0.044465 1.202363 -0.104934
v 0.034610 1.176105 -0.100933
v 0.000000 1.131445 -0.091565
v 0.108309 1.197761 -0.028672
v 0.141476 1.208529 -0.029264
v 0.105160 1.206836 0.003733
v 0.137500 1.217785 0.005744
v 0.128383 1.251648 0.023156
v 0.099746 1.238935 0.022689
v 0.126218 1.257948 0.028835
v 0.121040 1.271334 0.026245
v 0.096555 1.259837 0.022062
v 0.112631 1.293091 0.006647
v 0.093491 1.285328 0.003533
v 0.108757 1.306575 -0.027890
v 0.091671 1.299874 -0.025787
v 0.141476 1.208529 -0.029264
v 0.108309 1.197761 -0.028672
v 0.135510 1.223572 -0.066009
v 0.105466 1.217684 -0.063720
v 0.129154 1.250385 -0.080029
v 0.101462 1.250852 -0.077224
v 0.126218 1.257948 -0.082922
v 0.120833 1.274248 -0.080333
v 0.098488 1.265901 -0.074310
v 0.113125 1.294698 -0.062427
v 0.094192 1.288718 -0.057829
v 0.108757 1.306575 -0.027890
v 0.091671 1.299874 -0.025787
v 0.328153 1.258905 0.002543
v 0.354950 1.261132 0.001368
v 0.326988 1.274035 -0.028979
v 0.354499 1.276371 -0.028975
v 0.355882 1.219557 0.001075
v 0.329271 1.219590 0.002180
v 0.329423 1.206848 -0.028979
v 0.356203 1.204772 -0.028975
v 0.282170 1.279594 -0.029109
v 0.282261 1.262337 0.007746
v 0.282803 1.215877 0.006253
v 0.214763 1.264361 0.011387
v 0.209319 1.218021 0.008001
v 0.207590 1.202933 -0.029737
v 0.282627 1.200181 -0.029326
v 0.229768 1.281688 -0.029333
v 0.159697 1.225886 0.011067
v 0.159538 1.258973 0.021224
v 0.137500 1.217785 0.005744
v 0.161996 1.210846 -0.029428
v 0.141476 1.208529 -0.029264
v 0.128383 1.251648 0.023156
v 0.195964 1.273247 0.012351
v 0.195964 1.273247 0.012351
v 0.213283 1.278019 -0.009263
v 0.217439 1.279015 -0.027890
v 0.328020 1.259443 -0.059293
v 0.326988 1.274035 -0.028979
v 0.354951 1.261132 -0.058132
v 0.354499 1.276371 -0.028975
v 0.329019 1.220903 -0.060166
v 0.355993 1.219107 -0.059025
v 0.329423 1.206848 -0.028979
v 0.356203 1.204772 -0.028975
v 0.282170 1.279594 -0.029109
v 0.282320 1.261496 -0.066816
v 0.282780 1.216681 -0.066125
v 0.228770 1.261385 -0.067776
v 0.209717 1.216864 -0.066863
v 0.282627 1.200181 -0.029326
v 0.207590 1.202933 -0.029737
v 0.229768 1.281688 -0.029333
v 0.195821 1.251895 -0.075915
v 0.195169 1.272085 -0.069646
v 0.158281 1.228341 -0.071571
v 0.159744 1.258621 -0.077654
v 0.135510 1.223572 -0.066009
v 0.141476 1.208529 -0.029264
v 0.161996 1.210846 -0.029428
v 0.129154 1.250385 -0.080029
v 0.217439 1.279015 -0.027890
v 0.201986 1.287060 0.019545
v 0.230990 1.292317 -0.027890
v 0.191201 1.305277 0.012849
v 0.199270 1.313118 -0.027890
v 0.213283 1.278019 -0.009263
v 0.195964 1.273247 0.012351
v 0.159199 1.268147 0.029936
v 0.159538 1.258973 0.021224
v 0.217439 1.279015 -0.027890
v 0.128383 1.251648 0.023156
v 0.126218 1.257948 0.028835
v 0.152817 1.287457 0.028160
v 0.121040 1.271334 0.026245
v 0.146973 1.309569 0.008953
v 0.144800 1.320444 -0.027890
v 0.108757 1.306575 -0.027890
v 0.112631 1.293091 0.006647
v 0.199270 1.313118 -0.027890
v 0.230990 1.292317 -0.027890
v 0.191200 1.305277 -0.068629
v 0.201986 1.287060 -0.075325
v 0.195169 1.272085 -0.069646
v 0.158509 1.267211 -0.085201
v 0.159744 1.258621 -0.077654
v 0.217439 1.279015 -0.027890
v 0.129154 1.250385 -0.080029
v 0.126218 1.257948 -0.082922
v 0.152952 1.287729 -0.083939
v 0.120833 1.274248 -0.080333
v 0.147190 1.309732 -0.064733
v 0.144800 1.320444 -0.027890
v 0.113125 1.294698 -0.062427
v 0.108757 1.306575 -0.027890
v -0.024589 1.295284 0.093196
v -0.040402 1.268798 0.073354
v -0.030233 1.254160 0.120508
v -0.046541 1.224753 0.094965
v -0.087845 1.265035 0.080835
v -0.085216 1.274394 0.077963
v -0.239711 1.343739 0.078226
v -0.224932 1.324883 0.080780
v -0.062104 1.220784 0.094260
v -0.090821 1.253250 0.084038
v -0.199247 1.295299 0.086167
v -0.217001 1.313545 0.083696
v -0.093580 1.245109 0.087033
v -0.089601 1.176976 0.105274
v -0.190821 1.283253 0.087799
v 0.000000 1.281938 0.147162
v 0.000000 1.319855 0.109662
v -0.024589 1.295284 0.093196
v 0.000000 1.264551 0.068199
v -0.040402 1.268798 0.073354
v -0.040220 1.262072 0.064044
v 0.000000 1.319855 0.109662
v -0.026788 1.247328 0.118861
v 0.000000 1.273851 0.143966
v -0.030233 1.254160 0.120508
v 0.000000 1.281938 0.147162
v -0.046541 1.224753 0.094965
v -0.043075 1.217935 0.092200
v -0.058391 1.213489 0.089787
v -0.062104 1.220784 0.094260
v -0.089601 1.176976 0.105274
v -0.089783 1.167154 0.096141
v -0.192121 1.277152 0.078619
v -0.190821 1.283253 0.087799
v -0.188519 1.282712 0.085148
v -0.189306 1.278047 0.078063
v -0.198193 1.288563 0.077040
v -0.197358 1.292750 0.083421
v -0.200740 1.289356 0.076992
v -0.199247 1.295299 0.086167
v -0.218952 1.308201 0.074537
v -0.217001 1.313545 0.083696
v -0.215476 1.313646 0.080908
v -0.216187 1.310060 0.074089
v -0.222770 1.317464 0.073116
v -0.222194 1.321807 0.080185
v -0.226453 1.318703 0.071753
v -0.224932 1.324883 0.080780
v -0.241544 1.337826 0.069239
v -0.239711 1.343739 0.078226
v -0.040402 1.268798 0.073354
v -0.040220 1.262072 0.064044
v -0.058391 1.213489 0.089787
v -0.040220 1.262072 0.064044
v -0.043075 1.217935 0.092200
v -0.189306 1.278047 0.078063
v -0.198193 1.288563 0.077040
v -0.192121 1.277152 0.078619
v -0.089783 1.167154 0.096141
v -0.216187 1.310060 0.074089
v -0.200740 1.289356 0.076992
v -0.218952 1.308201 0.074537
v -0.222770 1.317464 0.073116
v -0.241544 1.337826 0.069239
v -0.226453 1.318703 0.071753
v -0.088989 1.266415 0.077903
v -0.215476 1.313646 0.080908
v -0.087845 1.265035 0.080835
v -0.217001 1.313545 0.083696
v -0.085216 1.274394 0.077963
v -0.087299 1.272604 0.075845
v -0.222194 1.321807 0.080185
v -0.224932 1.324883 0.080780
v -0.190821 1.283253 0.087799
v -0.093580 1.245109 0.087033
v -0.188519 1.282712 0.085148
v -0.094717 1.245789 0.083929
v -0.090821 1.253250 0.084038
v -0.092528 1.251441 0.081230
v -0.197358 1.292750 0.083421
v -0.199247 1.295299 0.086167
v -0.088989 1.266415 0.077903
v -0.087299 1.272604 0.075845
v -0.215476 1.313646 0.080908
v -0.222194 1.321807 0.080185
v -0.094717 1.245789 0.083929
v -0.092528 1.251441 0.081230
v -0.188519 1.282712 0.085148
v -0.197358 1.292750 0.083421
v 0.000000 1.249272 0.151811
v -0.026139 1.233372 0.124333
v 0.000000 1.190767 0.142495
v -0.019185 1.186255 0.126071
v 0.000000 1.141952 0.103866
v -0.029987 1.181099 0.101622
v -0.043075 1.217935 0.092200
v -0.026788 1.247328 0.118861
v 0.000000 1.273851 0.143966
v -0.208451 1.335907 -0.027916
v -0.206311 1.318480 0.022142
v -0.144967 1.346237 -0.027916
v -0.147126 1.326719 0.029889
v -0.203584 1.285604 0.048759
v -0.150441 1.293612 0.062164
v -0.200584 1.230121 0.052962
v -0.157680 1.227103 0.064755
v -0.159641 1.202476 0.059955
v -0.097376 1.308096 0.022132
v -0.094619 1.323834 -0.027916
v -0.102906 1.277612 0.049724
v -0.116867 1.221881 0.053636
v -0.203808 1.307238 0.014205
v -0.202957 1.321841 -0.027916
v -0.201849 1.276060 0.034664
v -0.200766 1.245425 0.037028
v -0.199944 1.225781 0.038465
v -0.159311 1.197600 0.043422
v -0.096181 1.308263 -0.027916
v -0.098187 1.296032 0.015247
v -0.103967 1.267227 0.037879
v -0.118256 1.218894 0.040284
v -0.153606 1.238661 0.038447
v -0.199944 1.225781 0.038465
v -0.200766 1.245425 0.037028
v -0.159311 1.197600 0.043422
v -0.118256 1.218894 0.040284
v -0.118256 1.218894 0.040284
v -0.153606 1.238661 0.038447
v -0.103967 1.267227 0.037879
v -0.206162 1.293429 -0.027916
v -0.197231 1.241154 0.028578
v -0.098187 1.296032 0.015247
v -0.096181 1.308263 -0.027916
v -0.250577 1.245846 0.016335
v -0.297319 1.242001 -0.004892
v -0.298122 1.268976 -0.027916
v -0.328313 1.233578 -0.027916
v -0.203808 1.307238 0.014205
v -0.202957 1.321841 -0.027916
v -0.258644 1.297336 0.005202
v -0.260348 1.309529 -0.027916
v -0.252285 1.250339 0.024743
v -0.201849 1.276060 0.034664
v -0.200766 1.245425 0.037028
v -0.307459 1.278482 -0.027916
v -0.306245 1.271325 -0.010175
v -0.338769 1.235451 -0.027916
v -0.302073 1.245291 0.002126
v -0.250577 1.245846 0.016335
v -0.197231 1.241154 0.028578
v -0.153606 1.238661 0.038447
v -0.297319 1.242001 -0.004892
v -0.328313 1.233578 -0.027916
v -0.208451 1.335907 -0.027916
v -0.144967 1.346237 -0.027916
v -0.206311 1.318480 -0.077973
v -0.147126 1.326719 -0.085720
v -0.203584 1.285604 -0.104591
v -0.150441 1.293612 -0.117996
v -0.200584 1.230121 -0.108794
v -0.157680 1.227103 -0.120586
v -0.159641 1.202476 -0.115786
v -0.097376 1.308096 -0.077964
v -0.094619 1.323834 -0.027916
v -0.102906 1.277612 -0.105555
v -0.116867 1.221881 -0.109468
v -0.203808 1.307238 -0.070036
v -0.202957 1.321841 -0.027916
v -0.201849 1.276060 -0.090496
v -0.200766 1.245425 -0.092859
v -0.199944 1.225781 -0.094297
v -0.159311 1.197600 -0.099253
v -0.096181 1.308263 -0.027916
v -0.098187 1.296032 -0.071078
v -0.103967 1.267227 -0.093711
v -0.118256 1.218894 -0.096115
v -0.199944 1.225781 -0.094297
v -0.153606 1.238661 -0.094278
v -0.200766 1.245425 -0.092859
v -0.159311 1.197600 -0.099253
v -0.118256 1.218894 -0.096115
v -0.103967 1.267227 -0.093711
v -0.153606 1.238661 -0.094278
v -0.118256 1.218894 -0.096115
v -0.206162 1.293429 -0.027916
v -0.197231 1.241154 -0.084410
v -0.098187 1.296032 -0.071078
v -0.096181 1.308263 -0.027916
v -0.250577 1.245846 -0.072166
v -0.297319 1.242001 -0.050940
v -0.298122 1.268976 -0.027916
v -0.328313 1.233578 -0.027916
v -0.203808 1.307238 -0.070036
v -0.258644 1.297336 -0.061033
v -0.202957 1.321841 -0.027916
v -0.260348 1.309529 -0.027916
v -0.252285 1.250339 -0.080574
v -0.201849 1.276060 -0.090496
v -0.200766 1.245425 -0.092859
v -0.307459 1.278482 -0.027916
v -0.306245 1.271325 -0.045656
v -0.338769 1.235451 -0.027916
v -0.302073 1.245291 -0.057957
v -0.250577 1.245846 -0.072166
v -0.197231 1.241154 -0.084410
v -0.153606 1.238661 -0.094278
v -0.297319 1.242001 -0.050940
v -0.328313 1.233578 -0.027916
v -0.259880 1.274442 -0.183431
v -0.249236 1.330873 -0.180598
v -0.298718 1.316611 -0.196385
v -0.333350 1.350871 -0.209034
v -0.494465 1.231091 -0.255500
v -0.529143 1.255433 -0.264038
v -0.659965 1.149197 -0.293067
v -0.689507 1.164296 -0.297588
v -0.743673 1.106276 -0.310815
v -0.780519 1.111459 -0.315421
v -0.249703 1.378970 -0.175607
v -0.245009 1.260458 -0.178226
v -0.264717 1.258192 -0.185443
v -0.179933 1.254331 -0.157858
v -0.196211 1.208174 -0.161560
v -0.195866 1.196979 -0.161110
v -0.030182 1.281297 -0.101671
v -0.044168 1.230766 -0.106332
v -0.457899 1.199176 -0.249314
v -0.268653 1.254134 -0.190463
v -0.491270 1.228203 -0.256745
v -0.298370 1.312839 -0.199818
v -0.263076 1.273319 -0.188094
v -0.623648 1.135833 -0.289302
v -0.656831 1.146418 -0.295254
v -0.651565 1.147478 -0.304784
v -0.618387 1.136813 -0.298902
v -0.452720 1.199791 -0.259827
v -0.263611 1.254466 -0.202200
v -0.741751 1.102143 -0.315920
v -0.656831 1.146418 -0.295254
v -0.743673 1.106276 -0.310815
v -0.780519 1.111459 -0.315421
v -0.788897 1.107756 -0.322548
v -0.659965 1.149197 -0.293067
v -0.494465 1.231091 -0.255500
v -0.491270 1.228203 -0.256745
v -0.298718 1.316611 -0.196385
v -0.298370 1.312839 -0.199818
v -0.651565 1.147478 -0.304784
v -0.788897 1.107756 -0.322548
v -0.780519 1.111459 -0.315421
v -0.694582 1.164243 -0.305538
v -0.689507 1.164296 -0.297588
v -0.534082 1.256582 -0.270941
v -0.529143 1.255433 -0.264038
v -0.334775 1.354660 -0.216234
v -0.333350 1.350871 -0.209034
v -0.249703 1.378970 -0.175607
v -0.238642 1.387665 -0.178179
v -0.239075 1.332875 -0.183730
v -0.249236 1.330873 -0.180598
v -0.179933 1.254331 -0.157858
v -0.174184 1.258175 -0.162733
v -0.030182 1.281297 -0.101671
v -0.024673 1.285282 -0.106343
v -0.188638 1.196887 -0.179317
v -0.037228 1.231466 -0.124327
v -0.195866 1.196979 -0.161110
v -0.044168 1.230766 -0.106332
v -0.196211 1.208174 -0.161560
v -0.188983 1.208081 -0.179758
v -0.195257 1.207412 -0.178600
v -0.200065 1.207471 -0.166525
v -0.245009 1.260458 -0.178226
v -0.244746 1.256893 -0.181762
v -0.264717 1.258192 -0.185443
v -0.268653 1.254134 -0.190463
v -0.263076 1.273319 -0.188094
v -0.259880 1.274442 -0.183431
v -0.298718 1.316611 -0.196385
v -0.298370 1.312839 -0.199818
v -0.430681 1.153908 -0.246559
v -0.425509 1.154469 -0.257157
v -0.405827 1.146445 -0.239727
v -0.400669 1.146965 -0.250491
v -0.268653 1.254134 -0.190463
v -0.303572 1.179837 -0.206572
v -0.244746 1.256893 -0.181762
v -0.200065 1.207471 -0.166525
v -0.263611 1.254466 -0.202200
v -0.195257 1.207412 -0.178600
v -0.298581 1.180040 -0.218047
v -0.244207 1.331185 -0.192485
v -0.252303 1.274929 -0.201185
v -0.291082 1.317152 -0.213844
v -0.237457 1.260927 -0.196081
v -0.257135 1.258685 -0.203153
v -0.175147 1.254261 -0.170007
v -0.188983 1.208081 -0.179758
v -0.188638 1.196887 -0.179317
v -0.025595 1.281685 -0.113555
v -0.037228 1.231466 -0.124327
v -0.328967 1.351426 -0.221675
v -0.488488 1.231332 -0.270640
v -0.524897 1.255452 -0.275275
v -0.653891 1.149628 -0.308380
v -0.688132 1.163215 -0.310503
v -0.740552 1.106123 -0.320862
v -0.776197 1.111668 -0.325994
v -0.244670 1.379281 -0.187587
v -0.258038 1.273646 -0.199866
v -0.263611 1.254466 -0.202200
v -0.293296 1.313199 -0.211410
v -0.486073 1.228876 -0.267084
v -0.452720 1.199791 -0.259827
v -0.618387 1.136813 -0.298902
v -0.651565 1.147478 -0.304784
v -0.740552 1.106123 -0.320862
v -0.651565 1.147478 -0.304784
v -0.741751 1.102143 -0.315920
v -0.776197 1.111668 -0.325994
v -0.788897 1.107756 -0.322548
v -0.653891 1.149628 -0.308380
v -0.488488 1.231332 -0.270640
v -0.486073 1.228876 -0.267084
v -0.291082 1.317152 -0.213844
v -0.293296 1.313199 -0.211410
v -0.788897 1.107756 -0.322548
v -0.694582 1.164243 -0.305538
v -0.776197 1.111668 -0.325994
v -0.688132 1.163215 -0.310503
v -0.534082 1.256582 -0.270941
v -0.524897 1.255452 -0.275275
v -0.334775 1.354660 -0.216234
v -0.328967 1.351426 -0.221675
v -0.244670 1.379281 -0.187587
v -0.238642 1.387665 -0.178179
v -0.239075 1.332875 -0.183730
v -0.244207 1.331185 -0.192485
v -0.175147 1.254261 -0.170007
v -0.174184 1.258175 -0.162733
v -0.025595 1.281685 -0.113555
v -0.024673 1.285282 -0.106343
v -0.188983 1.208081 -0.179758
v -0.195257 1.207412 -0.178600
v -0.237457 1.260927 -0.196081
v -0.239727 1.257205 -0.193618
v -0.257135 1.258685 -0.203153
v -0.263611 1.254466 -0.202200
v -0.258038 1.273646 -0.199866
v -0.252303 1.274929 -0.201185
v -0.291082 1.317152 -0.213844
v -0.293296 1.313199 -0.211410
v -0.263611 1.254466 -0.202200
v -0.298581 1.180040 -0.218047
v -0.425509 1.154469 -0.257157
v -0.400669 1.146965 -0.250491
v -0.239727 1.257205 -0.193618
v -0.195257 1.207412 -0.178600
v 0.000000 1.310195 -0.125896
v 0.000000 1.260434 -0.154727
v -0.023753 1.302296 -0.118003
v -0.036657 1.234802 -0.139741
v -0.030049 1.292610 -0.097358
v -0.049688 1.208863 -0.104420
v 0.000000 1.336495 -0.089413
v 0.000000 1.249890 -0.150815
v -0.033123 1.227809 -0.139463
v -0.044465 1.202363 -0.104934
v 0.000000 1.268141 -0.100937
v 0.000000 1.336495 -0.089413
v -0.030049 1.292610 -0.097358
v -0.049688 1.208863 -0.104420
v 0.000000 1.201997 -0.105319
v -0.044465 1.202363 -0.104934
v -0.034610 1.176105 -0.100933
v 0.000000 1.174233 -0.100811
v 0.000000 1.131445 -0.091565
v 0.000000 1.225728 -0.152076
v -0.033123 1.227809 -0.139463
v 0.000000 1.249890 -0.150815
v 0.000000 1.181403 -0.137626
v -0.044465 1.202363 -0.104934
v -0.034610 1.176105 -0.100933
v 0.000000 1.131445 -0.091565
v -0.137500 1.217785 0.005744
v -0.141476 1.208529 -0.029264
v -0.105160 1.206836 0.003733
v -0.108309 1.197761 -0.028672
v -0.128383 1.251648 0.023156
v -0.099746 1.238935 0.022689
v -0.126218 1.257948 0.028835
v -0.121040 1.271334 0.026245
v -0.096555 1.259837 0.022062
v -0.112631 1.293091 0.006647
v -0.093491 1.285328 0.003533
v -0.108757 1.306575 -0.027890
v -0.091671 1.299874 -0.025787
v -0.105466 1.217684 -0.063720
v -0.108309 1.197761 -0.028672
v -0.135510 1.223572 -0.066009
v -0.141476 1.208529 -0.029264
v -0.129154 1.250385 -0.080029
v -0.101462 1.250852 -0.077224
v -0.126218 1.257948 -0.082922
v -0.120833 1.274248 -0.080333
v -0.098488 1.265901 -0.074310
v -0.113125 1.294698 -0.062427
v -0.094192 1.288718 -0.057829
v -0.108757 1.306575 -0.027890
v -0.091671 1.299874 -0.025787
v -0.354499 1.276371 -0.028975
v -0.354950 1.261132 0.001368
v -0.326988 1.274035 -0.028979
v -0.328153 1.258905 0.002543
v -0.355882 1.219557 0.001075
v -0.329271 1.219590 0.002180
v -0.329423 1.206848 -0.028979
v -0.356203 1.204772 -0.028975
v -0.282170 1.279594 -0.029109
v -0.282261 1.262337 0.007746
v -0.282803 1.215877 0.006253
v -0.214763 1.264361 0.011387
v -0.209319 1.218021 0.008001
v -0.207590 1.202933 -0.029737
v -0.282627 1.200181 -0.029326
v -0.229768 1.281688 -0.029333
v -0.159697 1.225886 0.011067
v -0.159538 1.258973 0.021224
v -0.137500 1.217785 0.005744
v -0.161996 1.210846 -0.029428
v -0.141476 1.208529 -0.029264
v -0.128383 1.251648 0.023156
v -0.195964 1.273247 0.012351
v -0.195964 1.273247 0.012351
v -0.213283 1.278019 -0.009263
v -0.217439 1.279015 -0.027890
v -0.354499 1.276371 -0.028975
v -0.326988 1.274035 -0.028979
v -0.354951 1.261132 -0.058132
v -0.328020 1.259443 -0.059293
v -0.329019 1.220903 -0.060166
v -0.355993 1.219107 -0.059025
v -0.329423 1.206848 -0.028979
v -0.356203 1.204772 -0.028975
v -0.282170 1.279594 -0.029109
v -0.282320 1.261496 -0.066816
v -0.282780 1.216681 -0.066125
v -0.228770 1.261385 -0.067776
v -0.209717 1.216864 -0.066863
v -0.282627 1.200181 -0.029326
v -0.207590 1.202933 -0.029737
v -0.229768 1.281688 -0.029333
v -0.195821 1.251895 -0.075915
v -0.195169 1.272085 -0.069646
v -0.158281 1.228341 -0.071571
v -0.159744 1.258621 -0.077654
v -0.135510 1.223572 -0.066009
v -0.141476 1.208529 -0.029264
v -0.161996 1.210846 -0.029428
v -0.129154 1.250385 -0.080029
v -0.217439 1.279015 -0.027890
v -0.199270 1.313118 -0.027890
v -0.230990 1.292317 -0.027890
v -0.191201 1.305277 0.012849
v -0.201986 1.287060 0.019545
v -0.213283 1.278019 -0.009263
v -0.217439 1.279015 -0.027890
v -0.195964 1.273247 0.012351
v -0.159199 1.268147 0.029936
v -0.159538 1.258973 0.021224
v -0.128383 1.251648 0.023156
v -0.126218 1.257948 0.028835
v -0.152817 1.287457 0.028160
v -0.121040 1.271334 0.026245
v -0.146973 1.309569 0.008953
v -0.144800 1.320444 -0.027890
v -0.108757 1.306575 -0.027890
v -0.112631 1.293091 0.006647
v -0.201986 1.287060 -0.075325
v -0.230990 1.292317 -0.027890
v -0.191200 1.305277 -0.068629
v -0.199270 1.313118 -0.027890
v -0.195169 1.272085 -0.069646
v -0.158509 1.267211 -0.085201
v -0.159744 1.258621 -0.077654
v -0.217439 1.279015 -0.027890
v -0.129154 1.250385 -0.080029
v -0.126218 1.257948 -0.082922
v -0.152952 1.287729 -0.083939
v -0.120833 1.274248 -0.080333
v -0.147190 1.309732 -0.064733
v -0.144800 1.320444 -0.027890
v -0.113125 1.294698 -0.062427
v -0.108757 1.306575 -0.027890
v 0.000000 1.644807 0.005311
v 0.000000 1.623085 0.091304
v 0.012367 1.643583 0.005487
v 0.012251 1.621890 0.091271
v 0.046457 1.520066 0.143276
v 0.086042 1.531454 0.097886
v 0.048717 1.525866 0.141107
v 0.048936 1.562788 0.122477
v 0.037400 1.546237 0.153472
v 0.037400 1.576473 0.136565
v 0.037347 1.612772 0.101004
v 0.000000 1.616239 0.103530
v 0.000000 1.579127 0.139999
v 0.049010 1.598521 0.086299
v 0.037688 1.637855 0.001580
v 0.049460 1.623019 0.000303
v 0.099831 1.565699 0.063943
v 0.098339 1.587232 -0.006623
v 0.093259 1.577585 -0.067906
v 0.048972 1.607200 -0.077699
v 0.048951 1.566151 -0.118506
v 0.086427 1.556919 -0.093916
v 0.037631 1.619275 -0.082391
v 0.012251 1.621890 0.091271
v 0.012367 1.643583 0.005487
v 0.037174 1.575780 -0.125496
v 0.000000 1.580832 -0.125638
v 0.000000 1.624270 -0.081237
v 0.000000 1.644807 0.005311
v 0.084718 1.536939 -0.102789
v 0.064773 1.518304 -0.120253
v 0.036530 1.564991 -0.120980
v 0.032607 1.537849 -0.127717
v 0.026822 1.493979 -0.135464
v 0.000000 1.623085 0.091304
v 0.073292 1.446037 -0.094476
v 0.118469 1.442433 -0.056642
v 0.065808 1.389822 -0.065869
v 0.095321 1.389079 -0.049749
v 0.057070 1.365738 -0.045969
v 0.092407 1.374980 -0.030482
v 0.067123 1.363312 -0.018132
v 0.078388 1.370300 -0.014234
v 0.094417 1.374258 -0.009688
v 0.107747 1.387439 -0.029491
v 0.027052 1.426520 -0.106346
v 0.021452 1.390810 -0.084096
v 0.018886 1.366924 -0.061295
v 0.034362 1.462207 -0.121562
v 0.077323 1.486026 -0.109279
v 0.129841 1.436758 -0.024382
v 0.126063 1.493693 -0.060630
v 0.137458 1.486327 -0.016313
v 0.124747 1.438104 -0.004093
v 0.127346 1.479341 0.014453
v 0.135188 1.531133 -0.014739
v 0.127175 1.529598 -0.058642
v 0.119072 1.507656 -0.075057
v 0.129365 1.504573 0.029031
v 0.108248 1.432370 0.042905
v 0.090210 1.421944 0.051558
v 0.119288 1.417919 0.045718
v 0.096009 1.385976 0.063492
v 0.074520 1.390972 0.063937
v 0.097656 1.431600 0.045990
v 0.071062 1.354375 0.070100
v 0.065588 1.375153 0.068270
v 0.056245 1.355179 0.071076
v 0.078974 1.356634 0.036328
v 0.059666 1.357073 0.053664
v 0.065465 1.358830 0.034446
v 0.088065 1.366405 0.005817
v 0.072410 1.369857 0.002772
v 0.076149 1.375773 -0.010642
v 0.094417 1.374258 -0.009688
v 0.136651 1.443333 0.004132
v 0.124747 1.438104 -0.004093
v 0.028538 1.424468 0.127939
v 0.067561 1.448859 0.109251
v 0.016165 1.442201 0.142193
v 0.052534 1.473463 0.126485
v 0.106010 1.478925 0.073720
v 0.084625 1.508988 0.100277
v 0.129365 1.504573 0.029031
v 0.120006 1.531616 0.050234
v 0.124747 1.438104 -0.004093
v 0.108248 1.432370 0.042905
v 0.000000 1.429479 0.148364
v 0.086042 1.531454 0.097886
v 0.099831 1.565699 0.063943
v 0.023766 1.406624 0.125768
v 0.000000 1.384819 0.122389
v 0.093103 1.469045 0.071102
v 0.097656 1.431600 0.045990
v 0.106010 1.478925 0.073720
v 0.108248 1.432370 0.042905
v 0.063850 1.447278 0.095871
v 0.067561 1.448859 0.109251
v 0.028077 1.424525 0.118188
v 0.028538 1.424468 0.127939
v 0.023766 1.406624 0.125768
v 0.024371 1.409713 0.117844
v 0.000000 1.386454 0.118086
v 0.000000 1.384819 0.122389
v 0.124747 1.438104 -0.004093
v 0.127346 1.479341 0.014453
v 0.129365 1.504573 0.029031
v 0.048717 1.525866 0.141107
v 0.037400 1.546237 0.153472
v 0.046457 1.520066 0.143276
v 0.034770 1.539758 0.154202
v 0.000000 1.548476 0.157315
v 0.000000 1.542481 0.155695
v 0.106473 1.372238 0.051954
v 0.096009 1.385976 0.063492
v 0.071062 1.354375 0.070100
v 0.095195 1.359995 0.042360
v 0.113579 1.370467 0.013969
v 0.125425 1.393669 0.029138
v 0.078974 1.356634 0.036328
v 0.088065 1.366405 0.005817
v 0.094417 1.374258 -0.009688
v 0.129944 1.390778 -0.025187
v 0.107747 1.387439 -0.029491
v 0.140241 1.423394 -0.004885
v 0.136651 1.443333 0.004132
v 0.119288 1.417919 0.045718
v 0.021452 1.390810 -0.084096
v 0.018886 1.366924 -0.061295
v 0.000000 1.389975 -0.085216
v 0.000000 1.366688 -0.063784
v 0.034770 1.539758 0.154202
v 0.000000 1.542481 0.155695
v 0.020170 1.488138 0.161667
v 0.000000 1.494734 0.163111
v 0.000000 1.458311 0.161200
v 0.046457 1.520066 0.143276
v 0.030320 1.477239 0.150186
v 0.000000 1.437225 0.151552
v 0.030320 1.477239 0.150186
v 0.000000 1.437225 0.151552
v 0.016165 1.442201 0.142193
v 0.000000 1.429479 0.148364
v 0.052534 1.473463 0.126485
v 0.046457 1.520066 0.143276
v 0.084625 1.508988 0.100277
v 0.086042 1.531454 0.097886
v 0.000000 1.548476 0.157315
v 0.028077 1.424525 0.118188
v 0.024371 1.409713 0.117844
v 0.000000 1.426245 0.125907
v 0.000000 1.386454 0.118086
v 0.078388 1.370300 -0.014234
v 0.094417 1.374258 -0.009688
v 0.076149 1.375773 -0.010642
v 0.000000 1.376191 -0.014867
v 0.000000 1.356324 -0.019844
v 0.067123 1.363312 -0.018132
v 0.000000 1.366688 -0.063784
v 0.057070 1.365738 -0.045969
v 0.018886 1.366924 -0.061295
v 0.075356 1.383054 0.037228
v 0.065465 1.358830 0.034446
v 0.059666 1.357073 0.053664
v 0.072410 1.369857 0.002772
v 0.097660 1.415267 0.005109
v 0.076149 1.375773 -0.010642
v 0.097656 1.431600 0.045990
v 0.090210 1.421944 0.051558
v 0.074520 1.390972 0.063937
v 0.065588 1.375153 0.068270
v 0.056245 1.355179 0.071076
v 0.096762 1.455323 0.027593
v 0.093103 1.469045 0.071102
v 0.095821 1.489552 0.052331
v 0.000000 1.376191 -0.014867
v 0.000000 1.464306 0.030391
v 0.135188 1.531133 -0.014739
v 0.123971 1.560514 -0.010694
v 0.120006 1.531616 0.050234
v 0.127175 1.529598 -0.058642
v 0.118327 1.553973 -0.064293
v 0.098339 1.587232 -0.006623
v 0.099831 1.565699 0.063943
v 0.093259 1.577585 -0.067906
v 0.086427 1.556919 -0.093916
v 0.110129 1.531151 -0.088239
v 0.119072 1.507656 -0.075057
v 0.084718 1.536939 -0.102789
v 0.077323 1.486026 -0.109279
v 0.074598 1.501390 -0.118426
v 0.064773 1.518304 -0.120253
v 0.129365 1.504573 0.029031
v 0.140241 1.423394 -0.004885
v 0.129944 1.390778 -0.025187
v 0.124747 1.438104 -0.004093
v 0.129841 1.436758 -0.024382
v 0.107747 1.387439 -0.029491
v 0.136651 1.443333 0.004132
v 0.086042 1.531454 0.097886
v 0.037174 1.575780 -0.125496
v 0.027542 1.571782 -0.125951
v 0.000000 1.580832 -0.125638
v 0.000000 1.571957 -0.125604
v 0.036530 1.564991 -0.120980
v 0.048951 1.566151 -0.118506
v 0.027542 1.571782 -0.125951
v 0.023776 1.542670 -0.133890
v 0.000000 1.571957 -0.125604
v 0.000000 1.544753 -0.133438
v 0.000000 1.506124 -0.140793
v 0.027542 1.571782 -0.125951
v 0.036530 1.564991 -0.120980
v 0.023776 1.542670 -0.133890
v 0.032607 1.537849 -0.127717
v 0.000000 1.506124 -0.140793
v 0.000000 1.489608 -0.135167
v 0.032607 1.537849 -0.127717
v 0.026822 1.493979 -0.135464
v 0.000000 1.489608 -0.135167
v 0.000000 1.484212 -0.137201
v 0.026822 1.493979 -0.135464
v 0.034362 1.462207 -0.121562
v 0.000000 1.484212 -0.137201
v 0.000000 1.458635 -0.130673
v 0.074598 1.501390 -0.118426
v 0.077323 1.486026 -0.109279
v 0.064773 1.518304 -0.120253
v 0.027052 1.426520 -0.106346
v 0.000000 1.424888 -0.115281
v 0.000000 1.389975 -0.085216
v 0.021452 1.390810 -0.084096
v -0.012251 1.621890 0.091271
v 0.000000 1.623085 0.091304
v -0.012367 1.643583 0.005487
v 0.000000 1.644807 0.005311
v -0.048936 1.562788 0.122477
v -0.086042 1.531454 0.097886
v -0.048717 1.525866 0.141107
v -0.046457 1.520066 0.143276
v -0.037400 1.546237 0.153472
v -0.037400 1.576473 0.136565
v -0.037347 1.612772 0.101004
v 0.000000 1.616239 0.103530
v 0.000000 1.579127 0.139999
v -0.049010 1.598521 0.086299
v -0.037688 1.637855 0.001580
v -0.049460 1.623019 0.000303
v -0.099831 1.565699 0.063943
v -0.098339 1.587232 -0.006623
v -0.093259 1.577585 -0.067906
v -0.048972 1.607200 -0.077699
v -0.048951 1.566151 -0.118506
v -0.086427 1.556919 -0.093916
v -0.037631 1.619275 -0.082391
v -0.012251 1.621890 0.091271
v -0.012367 1.643583 0.005487
v -0.037174 1.575780 -0.125496
v 0.000000 1.580832 -0.125638
v 0.000000 1.624270 -0.081237
v 0.000000 1.644807 0.005311
v -0.084718 1.536939 -0.102789
v -0.064773 1.518304 -0.120253
v -0.036530 1.564991 -0.120980
v -0.032607 1.537849 -0.127717
v -0.026822 1.493979 -0.135464
v 0.000000 1.623085 0.091304
v -0.095321 1.389079 -0.049749
v -0.118469 1.442433 -0.056642
v -0.065808 1.389822 -0.065869
v -0.073292 1.446037 -0.094476
v -0.057070 1.365738 -0.045969
v -0.092407 1.374980 -0.030482
v -0.067123 1.363312 -0.018132
v -0.078388 1.370300 -0.014234
v -0.094417 1.374258 -0.009688
v -0.107747 1.387439 -0.029491
v -0.027052 1.426520 -0.106346
v -0.021452 1.390810 -0.084096
v -0.018886 1.366924 -0.061295
v -0.034362 1.462207 -0.121562
v -0.077323 1.486026 -0.109279
v -0.129841 1.436758 -0.024382
v -0.126063 1.493693 -0.060630
v -0.137458 1.486327 -0.016313
v -0.124747 1.438104 -0.004093
v -0.127346 1.479341 0.014453
v -0.135188 1.531133 -0.014739
v -0.127175 1.529598 -0.058642
v -0.119072 1.507656 -0.075057
v -0.129365 1.504573 0.029031
v -0.090210 1.421944 0.051558
v -0.108248 1.432370 0.042905
v -0.119288 1.417919 0.045718
v -0.096009 1.385976 0.063492
v -0.074520 1.390972 0.063937
v -0.097656 1.431600 0.045990
v -0.071062 1.354375 0.070100
v -0.065588 1.375153 0.068270
v -0.056245 1.355179 0.071076
v -0.078974 1.356634 0.036328
v -0.059666 1.357073 0.053664
v -0.065465 1.358830 0.034446
v -0.088065 1.366405 0.005817
v -0.072410 1.369857 0.002772
v -0.076149 1.375773 -0.010642
v -0.094417 1.374258 -0.009688
v -0.136651 1.443333 0.004132
v -0.124747 1.438104 -0.004093
v -0.052534 1.473463 0.126485
v -0.067561 1.448859 0.109251
v -0.016165 1.442201 0.142193
v -0.028538 1.424468 0.127939
v -0.106010 1.478925 0.073720
v -0.084625 1.508988 0.100277
v -0.129365 1.504573 0.029031
v -0.120006 1.531616 0.050234
v -0.124747 1.438104 -0.004093
v -0.108248 1.432370 0.042905
v 0.000000 1.429479 0.148364
v -0.086042 1.531454 0.097886
v -0.099831 1.565699 0.063943
v -0.023766 1.406624 0.125768
v 0.000000 1.384819 0.122389
v -0.108248 1.432370 0.042905
v -0.097656 1.431600 0.045990
v -0.106010 1.478925 0.073720
v -0.093103 1.469045 0.071102
v -0.063850 1.447278 0.095871
v -0.067561 1.448859 0.109251
v -0.028077 1.424525 0.118188
v -0.028538 1.424468 0.127939
v -0.023766 1.406624 0.125768
v -0.024371 1.409713 0.117844
v 0.000000 1.386454 0.118086
v 0.000000 1.384819 0.122389
v -0.127346 1.479341 0.014453
v -0.124747 1.438104 -0.004093
v -0.129365 1.504573 0.029031
v -0.034770 1.539758 0.154202
v -0.037400 1.546237 0.153472
v -0.046457 1.520066 0.143276
v -0.048717 1.525866 0.141107
v 0.000000 1.548476 0.157315
v 0.000000 1.542481 0.155695
v -0.096009 1.385976 0.063492
v -0.106473 1.372238 0.051954
v -0.071062 1.354375 0.070100
v -0.095195 1.359995 0.042360
v -0.113579 1.370467 0.013969
v -0.125425 1.393669 0.029138
v -0.078974 1.356634 0.036328
v -0.088065 1.366405 0.005817
v -0.094417 1.374258 -0.009688
v -0.129944 1.390778 -0.025187
v -0.107747 1.387439 -0.029491
v -0.140241 1.423394 -0.004885
v -0.136651 1.443333 0.004132
v -0.119288 1.417919 0.045718
v 0.000000 1.366688 -0.063784
v -0.018886 1.366924 -0.061295
v 0.000000 1.389975 -0.085216
v -0.021452 1.390810 -0.084096
v 0.000000 1.494734 0.163111
v 0.000000 1.542481 0.155695
v -0.020170 1.488138 0.161667
v -0.034770 1.539758 0.154202
v 0.000000 1.458311 0.161200
v -0.046457 1.520066 0.143276
v -0.030320 1.477239 0.150186
v 0.000000 1.437225 0.151552
v 0.000000 1.429479 0.148364
v 0.000000 1.437225 0.151552
v -0.016165 1.442201 0.142193
v -0.030320 1.477239 0.150186
v -0.052534 1.473463 0.126485
v -0.046457 1.520066 0.143276
v -0.084625 1.508988 0.100277
v -0.086042 1.531454 0.097886
v 0.000000 1.548476 0.157315
v 0.000000 1.386454 0.118086
v -0.024371 1.409713 0.117844
v 0.000000 1.426245 0.125907
v -0.028077 1.424525 0.118188
v -0.094417 1.374258 -0.009688
v -0.078388 1.370300 -0.014234
v -0.076149 1.375773 -0.010642
v 0.000000 1.376191 -0.014867
v 0.000000 1.356324 -0.019844
v -0.067123 1.363312 -0.018132
v 0.000000 1.366688 -0.063784
v -0.057070 1.365738 -0.045969
v -0.018886 1.366924 -0.061295
v -0.065465 1.358830 0.034446
v -0.075356 1.383054 0.037228
v -0.059666 1.357073 0.053664
v -0.072410 1.369857 0.002772
v -0.097660 1.415267 0.005109
v -0.076149 1.375773 -0.010642
v -0.097656 1.431600 0.045990
v -0.090210 1.421944 0.051558
v -0.074520 1.390972 0.063937
v -0.065588 1.375153 0.068270
v -0.056245 1.355179 0.071076
v -0.096762 1.455323 0.027593
v -0.093103 1.469045 0.071102
v -0.095821 1.489552 0.052331
v 0.000000 1.376191 -0.014867
v 0.000000 1.464306 0.030391
v -0.123971 1.560514 -0.010694
v -0.135188 1.531133 -0.014739
v -0.120006 1.531616 0.050234
v -0.127175 1.529598 -0.058642
v -0.118327 1.553973 -0.064293
v -0.098339 1.587232 -0.006623
v -0.099831 1.565699 0.063943
v -0.093259 1.577585 -0.067906
v -0.086427 1.556919 -0.093916
v -0.110129 1.531151 -0.088239
v -0.119072 1.507656 -0.075057
v -0.084718 1.536939 -0.102789
v -0.077323 1.486026 -0.109279
v -0.074598 1.501390 -0.118426
v -0.064773 1.518304 -0.120253
v -0.129365 1.504573 0.029031
v -0.129841 1.436758 -0.024382
v -0.129944 1.390778 -0.025187
v -0.124747 1.438104 -0.004093
v -0.140241 1.423394 -0.004885
v -0.107747 1.387439 -0.029491
v -0.136651 1.443333 0.004132
v -0.086042 1.531454 0.097886
v 0.000000 1.571957 -0.125604
v -0.027542 1.571782 -0.125951
v 0.000000 1.580832 -0.125638
v -0.037174 1.575780 -0.125496
v -0.036530 1.564991 -0.120980
v -0.048951 1.566151 -0.118506
v 0.000000 1.544753 -0.133438
v -0.023776 1.542670 -0.133890
v 0.000000 1.571957 -0.125604
v -0.027542 1.571782 -0.125951
v 0.000000 1.506124 -0.140793
v -0.032607 1.537849 -0.127717
v -0.036530 1.564991 -0.120980
v -0.023776 1.542670 -0.133890
v -0.027542 1.571782 -0.125951
v 0.000000 1.506124 -0.140793
v 0.000000 1.489608 -0.135167
v 0.000000 1.484212 -0.137201
v -0.026822 1.493979 -0.135464
v 0.000000 1.489608 -0.135167
v -0.032607 1.537849 -0.127717
v 0.000000 1.458635 -0.130673
v -0.034362 1.462207 -0.121562
v 0.000000 1.484212 -0.137201
v -0.026822 1.493979 -0.135464
v -0.074598 1.501390 -0.118426
v -0.077323 1.486026 -0.109279
v -0.064773 1.518304 -0.120253
v -0.027052 1.426520 -0.106346
v 0.000000 1.424888 -0.115281
v 0.000000 1.389975 -0.085216
v -0.021452 1.390810 -0.084096
v 0.036608 1.363035 0.095449
v 0.006610 1.349370 0.100707
v 0.041317 1.357720 0.081673
v 0.006526 1.341640 0.093300
v 0.007001 1.341145 0.077733
v 0.041204 1.354733 0.057370
v 0.071387 1.385521 0.046640
v 0.068156 1.385831 0.077720
v 0.058572 1.386662 0.093469
v 0.000000 1.340404 0.080103
v 0.000000 1.341050 0.095355
v 0.000000 1.348535 0.102963
v 0.032706 1.390878 0.107265
v 0.020857 1.373536 0.112932
v 0.012508 1.391641 0.112798
v 0.009435 1.376159 0.121876
v 0.007399 1.369846 0.119768
v 0.008390 1.365155 0.118558
v 0.000000 1.369842 0.122290
v 0.000000 1.378050 0.128123
v 0.000000 1.391961 0.116355
v 0.000000 1.365282 0.121792
v 0.000000 1.362045 0.116213
v 0.008735 1.361860 0.113153
v 0.000000 1.413422 0.116066
v 0.012737 1.413606 0.113522
v 0.017063 1.446048 0.122483
v 0.030882 1.411565 0.109115
v 0.000000 1.446438 0.124914
v 0.016589 1.475760 0.129554
v 0.000000 1.475377 0.130266
v 0.033047 1.476142 0.127242
v 0.035345 1.426018 0.110194
v 0.046229 1.435705 0.105757
v 0.047324 1.475850 0.122597
v 0.066748 1.449035 0.094179
v 0.068545 1.476887 0.102731
v 0.084793 1.460037 0.081870
v 0.087368 1.477804 0.086886
v 0.090528 1.464057 0.077052
v 0.096205 1.477576 0.069150
v 0.096061 1.456459 0.055206
v 0.088457 1.447636 0.076492
v 0.089922 1.436134 0.067713
v 0.080515 1.426171 0.081766
v 0.081468 1.414213 0.068015
v 0.072097 1.414041 0.087605
v 0.090441 1.426803 0.043964
v 0.084540 1.446971 0.080163
v 0.041099 1.406436 0.104796
v 0.083137 1.409209 0.043114
v 0.035774 1.409429 0.107615
v 0.051143 1.366760 0.037083
v 0.034002 1.357316 0.030809
v 0.041558 1.366746 0.012277
v 0.064555 1.382943 0.015821
v 0.043326 1.387790 -0.021024
v 0.033240 1.374411 -0.021446
v 0.000000 1.388652 -0.041856
v 0.000000 1.377955 -0.039130
v 0.067652 1.379444 0.034390
v 0.018086 1.349203 0.041170
v 0.030428 1.358764 -0.025261
v 0.000000 1.362055 -0.042920
v 0.000000 1.346470 0.043565
v 0.018106 1.343691 0.039399
v 0.031312 1.347291 0.025994
v 0.000000 1.342739 0.042621
v 0.040545 1.351483 0.007848
v -0.006610 1.349370 0.100707
v -0.036608 1.363035 0.095449
v -0.006526 1.341640 0.093300
v -0.041317 1.357720 0.081673
v -0.007001 1.341145 0.077733
v -0.041204 1.354733 0.057370
v -0.071387 1.385521 0.046640
v -0.068156 1.385831 0.077720
v -0.058572 1.386662 0.093469
v 0.000000 1.340404 0.080103
v 0.000000 1.341050 0.095355
v 0.000000 1.348535 0.102963
v -0.032706 1.390878 0.107265
v -0.020857 1.373536 0.112932
v -0.012508 1.391641 0.112798
v -0.009435 1.376159 0.121876
v -0.007399 1.369846 0.119768
v -0.008390 1.365155 0.118558
v 0.000000 1.369842 0.122290
v 0.000000 1.378050 0.128123
v 0.000000 1.391961 0.116355
v 0.000000 1.365282 0.121792
v 0.000000 1.362045 0.116213
v -0.008735 1.361860 0.113153
v 0.000000 1.413422 0.116066
v -0.012737 1.413606 0.113522
v -0.017063 1.446048 0.122483
v -0.030882 1.411565 0.109115
v 0.000000 1.446438 0.124914
v -0.016589 1.475760 0.129554
v 0.000000 1.475377 0.130266
v -0.033047 1.476142 0.127242
v -0.035345 1.426018 0.110194
v -0.046229 1.435705 0.105757
v -0.047324 1.475850 0.122597
v -0.066748 1.449035 0.094179
v -0.068545 1.476887 0.102731
v -0.084793 1.460037 0.081870
v -0.087368 1.477804 0.086886
v -0.090528 1.464057 0.077052
v -0.096205 1.477576 0.069150
v -0.096061 1.456459 0.055206
v -0.088457 1.447636 0.076492
v -0.089922 1.436134 0.067713
v -0.080515 1.426171 0.081766
v -0.081468 1.414213 0.068015
v -0.072097 1.414041 0.087605
v -0.090441 1.426803 0.043964
v -0.084540 1.446971 0.080163
v -0.041099 1.406436 0.104796
v -0.083137 1.409209 0.043114
v -0.035774 1.409429 0.107615
v -0.051143 1.366760 0.037083
v -0.034002 1.357316 0.030809
v -0.041558 1.366746 0.012277
v -0.064555 1.382943 0.015821
v -0.043326 1.387790 -0.021024
v -0.033240 1.374411 -0.021446
v 0.000000 1.388652 -0.041856
v 0.000000 1.377955 -0.039130
v -0.067652 1.379444 0.034390
v -0.018086 1.349203 0.041170
v -0.030428 1.358764 -0.025261
v 0.000000 1.362055 -0.042920
v 0.000000 1.346470 0.043565
v -0.018106 1.343691 0.039399
v -0.031312 1.347291 0.025994
v 0.000000 1.342739 0.042621
v -0.040545 1.351483 0.007848
v 0.115479 1.568454 0.068227
v 0.122793 1.567151 0.059005
v 0.119615 1.606796 0.070680
v 0.130061 1.608879 0.057154
v 0.104300 1.637400 0.088652
v 0.125214 1.635220 0.065587
v 0.264174 1.775844 -0.074732
v 0.276411 1.807713 -0.085872
v 0.110844 1.538588 0.066873
v 0.106161 1.543382 0.073247
v 0.223152 1.713141 -0.039207
v 0.153745 1.643064 0.030910
v 0.215458 1.696225 -0.033291
v 0.155386 1.637172 0.028233
v 0.198348 1.653018 -0.020305
v 0.157448 1.614872 0.020788
v 0.193659 1.639552 -0.015790
v 0.159020 1.608910 0.018608
v 0.267555 1.808627 -0.094033
v 0.091244 1.638731 0.076773
v 0.276411 1.807713 -0.085872
v 0.104300 1.637400 0.088652
v 0.106988 1.608025 0.059031
v 0.119615 1.606796 0.070680
v 0.115479 1.568454 0.068227
v 0.105981 1.568913 0.057946
v 0.105981 1.568913 0.057946
v 0.095763 1.543790 0.063197
v 0.115479 1.568454 0.068227
v 0.101495 1.541109 0.064906
v 0.106161 1.543382 0.073247
v 0.132472 1.556062 0.034400
v 0.152509 1.578675 0.012836
v 0.138261 1.555795 0.040498
v 0.159282 1.578393 0.019745
v 0.178803 1.586794 -0.000341
v 0.170848 1.587169 -0.008399
v 0.185494 1.636750 -0.022488
v 0.193773 1.635885 -0.014763
v 0.193659 1.639552 -0.015790
v 0.186838 1.640264 -0.022151
v 0.198348 1.653018 -0.020305
v 0.191682 1.653715 -0.026525
v 0.200832 1.657659 -0.020990
v 0.192534 1.658525 -0.028730
v 0.216192 1.692411 -0.031442
v 0.207741 1.693289 -0.039273
v 0.215458 1.696225 -0.033291
v 0.209947 1.696795 -0.038393
v 0.223152 1.713141 -0.039207
v 0.217636 1.713711 -0.044296
v 0.217611 1.718151 -0.046395
v 0.225670 1.717319 -0.038967
v 0.264174 1.775844 -0.074732
v 0.253835 1.776908 -0.084237
v 0.276411 1.807713 -0.085872
v 0.267555 1.808627 -0.094033
v 0.153745 1.643064 0.030910
v 0.223152 1.713141 -0.039207
v 0.152361 1.644564 0.035955
v 0.225670 1.717319 -0.038967
v 0.155354 1.633491 0.030930
v 0.155386 1.637172 0.028233
v 0.216192 1.692411 -0.031442
v 0.215458 1.696225 -0.033291
v 0.157448 1.614872 0.020788
v 0.198348 1.653018 -0.020305
v 0.156043 1.616697 0.025620
v 0.200832 1.657659 -0.020990
v 0.158581 1.604761 0.021049
v 0.159020 1.608910 0.018608
v 0.193773 1.635885 -0.014763
v 0.193659 1.639552 -0.015790
v 0.264174 1.775844 -0.074732
v 0.125214 1.635220 0.065587
v 0.225670 1.717319 -0.038967
v 0.152361 1.644564 0.035955
v 0.155354 1.633491 0.030930
v 0.130061 1.608879 0.057154
v 0.156043 1.616697 0.025620
v 0.158581 1.604761 0.021049
v 0.159282 1.578393 0.019745
v 0.122793 1.567151 0.059005
v 0.138261 1.555795 0.040498
v 0.121266 1.522523 0.050292
v 0.110844 1.538588 0.066873
v 0.193773 1.635885 -0.014763
v 0.178803 1.586794 -0.000341
v 0.200832 1.657659 -0.020990
v 0.216192 1.692411 -0.031442
v 0.121266 1.522523 0.050292
v 0.117787 1.522794 0.044555
v 0.105981 1.568913 0.057946
v 0.106988 1.608025 0.059031
v 0.115132 1.567526 0.050746
v 0.120395 1.609871 0.048293
v 0.091244 1.638731 0.076773
v 0.114081 1.636361 0.055401
v 0.253835 1.776908 -0.084237
v 0.267555 1.808627 -0.094033
v 0.101522 1.538728 0.058915
v 0.095763 1.543790 0.063197
v 0.150388 1.637688 0.023621
v 0.148371 1.643619 0.025956
v 0.209947 1.696795 -0.038393
v 0.217636 1.713711 -0.044296
v 0.154771 1.609487 0.014439
v 0.153387 1.615406 0.016838
v 0.186838 1.640264 -0.022151
v 0.191682 1.653715 -0.026525
v 0.148371 1.643619 0.025956
v 0.143596 1.645468 0.027882
v 0.217636 1.713711 -0.044296
v 0.217611 1.718151 -0.046395
v 0.147385 1.634314 0.023576
v 0.150388 1.637688 0.023621
v 0.207741 1.693289 -0.039273
v 0.209947 1.696795 -0.038393
v 0.192534 1.658525 -0.028730
v 0.191682 1.653715 -0.026525
v 0.148859 1.617488 0.018900
v 0.153387 1.615406 0.016838
v 0.151846 1.605014 0.014999
v 0.154771 1.609487 0.014439
v 0.185494 1.636750 -0.022488
v 0.186838 1.640264 -0.022151
v 0.253835 1.776908 -0.084237
v 0.217611 1.718151 -0.046395
v 0.114081 1.636361 0.055401
v 0.143596 1.645468 0.027882
v 0.147385 1.634314 0.023576
v 0.120395 1.609871 0.048293
v 0.148859 1.617488 0.018900
v 0.151846 1.605014 0.014999
v 0.152509 1.578675 0.012836
v 0.185494 1.636750 -0.022488
v 0.170848 1.587169 -0.008399
v 0.192534 1.658525 -0.028730
v 0.207741 1.693289 -0.039273
v 0.115132 1.567526 0.050746
v 0.132472 1.556062 0.034400
v 0.117787 1.522794 0.044555
v 0.101522 1.538728 0.058915
v 0.117787 1.522794 0.044555
v 0.121266 1.522523 0.050292
v 0.101522 1.538728 0.058915
v 0.101522 1.538728 0.058915
v 0.121266 1.522523 0.050292
v 0.101495 1.541109 0.064906
v 0.121266 1.522523 0.050292
v 0.110844 1.538588 0.066873
v 0.101495 1.541109 0.064906
v 0.110844 1.538588 0.066873
v 0.106161 1.543382 0.073247
v 0.101495 1.541109 0.064906
v 0.101522 1.538728 0.058915
v 0.101495 1.541109 0.064906
v 0.095763 1.543790 0.063197
v 0.135034 1.414895 -0.010271
v 0.147365 1.448351 -0.008992
v 0.133843 1.433834 0.003040
v 0.142132 1.456220 0.003661
v 0.255041 1.530131 -0.151215
v 0.271124 1.555603 -0.166102
v 0.157395 1.446337 -0.036725
v 0.230128 1.498660 -0.133035
v 0.159342 1.451175 -0.036612
v 0.240734 1.512429 -0.144436
v 0.147365 1.448351 -0.008992
v 0.160453 1.451734 -0.032516
v 0.255041 1.530131 -0.151215
v 0.244885 1.514840 -0.144849
v 0.157105 1.442815 -0.032504
v 0.135034 1.414895 -0.010271
v 0.157139 1.437129 -0.035860
v 0.222913 1.484469 -0.123441
v 0.230856 1.495457 -0.131091
v 0.154709 1.429026 -0.036009
v 0.133014 1.400547 -0.016202
v 0.167745 1.415608 -0.065151
v 0.189678 1.417652 -0.103815
v 0.214015 1.470732 -0.116923
v 0.155151 1.433020 -0.040426
v 0.214358 1.474136 -0.119004
v 0.156394 1.437069 -0.040286
v 0.219033 1.481772 -0.122683
v 0.271124 1.555603 -0.166102
v 0.261323 1.559478 -0.171033
v 0.142132 1.456220 0.003661
v 0.129085 1.460070 -0.003659
v 0.133843 1.433834 0.003040
v 0.121334 1.437373 -0.004066
v 0.255041 1.530131 -0.151215
v 0.243093 1.534665 -0.157334
v 0.244885 1.514840 -0.144849
v 0.234348 1.518737 -0.150304
v 0.240734 1.512429 -0.144436
v 0.234463 1.514735 -0.147690
v 0.230128 1.498660 -0.133035
v 0.222743 1.501302 -0.136909
v 0.219274 1.499581 -0.137177
v 0.230856 1.495457 -0.131091
v 0.222913 1.484469 -0.123441
v 0.210833 1.488677 -0.129842
v 0.219033 1.481772 -0.122683
v 0.210420 1.484753 -0.127257
v 0.214358 1.474136 -0.119004
v 0.206044 1.476948 -0.123457
v 0.202794 1.474506 -0.122946
v 0.214015 1.470732 -0.116923
v 0.178794 1.420449 -0.109598
v 0.189678 1.417652 -0.103815
v 0.167745 1.415608 -0.065151
v 0.154846 1.419243 -0.072479
v 0.133014 1.400547 -0.016202
v 0.119540 1.404197 -0.023943
v 0.159342 1.451175 -0.036612
v 0.240734 1.512429 -0.144436
v 0.160453 1.451734 -0.032516
v 0.244885 1.514840 -0.144849
v 0.157395 1.446337 -0.036725
v 0.157105 1.442815 -0.032504
v 0.230856 1.495457 -0.131091
v 0.230128 1.498660 -0.133035
v 0.156394 1.437069 -0.040286
v 0.219033 1.481772 -0.122683
v 0.157139 1.437129 -0.035860
v 0.222913 1.484469 -0.123441
v 0.155151 1.433020 -0.040426
v 0.154709 1.429026 -0.036009
v 0.214015 1.470732 -0.116923
v 0.214358 1.474136 -0.119004
v 0.120438 1.420610 -0.017412
v 0.121334 1.437373 -0.004066
v 0.131874 1.453797 -0.016454
v 0.129085 1.460070 -0.003659
v 0.243093 1.534665 -0.157334
v 0.261323 1.559478 -0.171033
v 0.133835 1.451462 -0.017813
v 0.122569 1.416674 -0.018586
v 0.149574 1.448691 -0.041083
v 0.151203 1.453647 -0.041135
v 0.222743 1.501302 -0.136909
v 0.234463 1.514735 -0.147690
v 0.133835 1.451462 -0.017813
v 0.243093 1.534665 -0.157334
v 0.147819 1.455569 -0.039539
v 0.234348 1.518737 -0.150304
v 0.144544 1.446566 -0.039521
v 0.122569 1.416674 -0.018586
v 0.144223 1.440961 -0.043089
v 0.210833 1.488677 -0.129842
v 0.219274 1.499581 -0.137177
v 0.141125 1.433000 -0.043644
v 0.119540 1.404197 -0.023943
v 0.154846 1.419243 -0.072479
v 0.178794 1.420449 -0.109598
v 0.202794 1.474506 -0.122946
v 0.146493 1.435576 -0.045279
v 0.147979 1.439571 -0.044993
v 0.206044 1.476948 -0.123457
v 0.210420 1.484753 -0.127257
v 0.151203 1.453647 -0.041135
v 0.147819 1.455569 -0.039539
v 0.234463 1.514735 -0.147690
v 0.234348 1.518737 -0.150304
v 0.149574 1.448691 -0.041083
v 0.144544 1.446566 -0.039521
v 0.219274 1.499581 -0.137177
v 0.222743 1.501302 -0.136909
v 0.147979 1.439571 -0.044993
v 0.144223 1.440961 -0.043089
v 0.210420 1.484753 -0.127257
v 0.210833 1.488677 -0.129842
v 0.146493 1.435576 -0.045279
v 0.141125 1.433000 -0.043644
v 0.202794 1.474506 -0.122946
v 0.206044 1.476948 -0.123457
v 0.003686 1.822162 0.054250
v 0.003686 1.826776 0.058843
v 0.008386 1.809815 0.059706
v 0.000000 1.822162 0.054250
v 0.000000 1.826776 0.058843
v 0.000000 1.720096 0.011475
v 0.003113 1.720096 0.011475
v 0.008076 1.708809 0.029915
v 0.009745 1.665815 0.044597
v 0.009745 1.704301 0.037835
v 0.009060 1.686516 0.042793
v 0.008655 1.810169 0.066942
v 0.006892 1.884618 0.099303
v 0.003661 1.835973 0.064804
v 0.002566 1.895867 0.096219
v 0.000000 1.835962 0.064819
v 0.000000 1.895867 0.096219
v 0.009745 1.684455 0.049917
v 0.009060 1.682395 0.057041
v 0.009745 1.694977 0.070242
v 0.008076 1.694615 0.079287
v 0.003113 1.694718 0.100466
v 0.008386 1.796898 0.106911
v 0.003686 1.804002 0.117913
v 0.008655 1.800510 0.100805
v 0.006892 1.880826 0.112603
v 0.000000 1.694718 0.100466
v 0.000000 1.804002 0.117913
v 0.003686 1.810389 0.116675
v 0.000000 1.810389 0.116675
v 0.003661 1.821305 0.116229
v 0.002566 1.888756 0.121155
v 0.000000 1.821303 0.116210
v 0.000000 1.888756 0.121155
v 0.008605 1.647982 0.012198
v 0.008409 1.663307 0.015610
v 0.011697 1.661328 0.043354
v 0.003910 1.689158 -0.002124
v 0.004552 1.720039 0.008374
v 0.011697 1.630055 0.033874
v 0.009271 1.635306 -0.004010
v 0.008605 1.634663 0.061982
v 0.008409 1.649456 0.066729
v 0.004552 1.692838 0.103015
v 0.003910 1.660313 0.096886
v 0.009271 1.614535 0.068834
v 0.007026 1.810481 0.065705
v 0.008116 1.706974 0.037000
v 0.006757 1.809356 0.061176
v 0.006446 1.709801 0.032045
v 0.008655 1.810169 0.066942
v 0.002030 1.831977 0.064063
v 0.003661 1.835973 0.064804
v 0.009745 1.704301 0.037835
v 0.008076 1.708809 0.029915
v 0.008386 1.809815 0.059706
v 0.002030 1.825964 0.060443
v 0.003686 1.826776 0.058843
v 0.000000 1.826776 0.058843
v 0.000000 1.825964 0.060442
v 0.000000 1.831953 0.064083
v 0.000000 1.835962 0.064819
v 0.005261 1.893893 0.109137
v 0.008114 1.686398 0.050444
v 0.005261 1.883978 0.101549
v 0.007429 1.687758 0.045742
v 0.002055 1.893057 0.099230
v 0.002137 1.918716 0.116222
v 0.000000 1.894592 0.097717
v 0.000000 1.923997 0.117727
v 0.005261 1.881467 0.110357
v 0.007429 1.685039 0.055146
v 0.000000 1.888463 0.119210
v 0.002055 1.887957 0.117115
v 0.009271 1.635306 -0.004010
v 0.000000 1.635192 -0.003695
v 0.008605 1.647982 0.012198
v 0.000000 1.648220 0.011755
v 0.000000 1.662935 0.015017
v 0.008409 1.663307 0.015610
v 0.003910 1.689158 -0.002124
v 0.000000 1.688985 -0.002278
v 0.000000 1.719989 0.008549
v 0.004552 1.720039 0.008374
v 0.003113 1.720096 0.011475
v 0.000000 1.720096 0.011475
v 0.009060 1.686516 0.042793
v 0.007429 1.687758 0.045742
v 0.009745 1.684455 0.049917
v 0.008114 1.686398 0.050444
v 0.006892 1.884618 0.099303
v 0.005261 1.883978 0.101549
v 0.002055 1.893057 0.099230
v 0.002566 1.895867 0.096219
v 0.000000 1.894592 0.097717
v 0.000000 1.895867 0.096219
v 0.007429 1.685039 0.055146
v 0.009060 1.682395 0.057041
v 0.006892 1.880826 0.112603
v 0.005261 1.881467 0.110357
v 0.002055 1.887957 0.117115
v 0.002566 1.888756 0.121155
v 0.000000 1.888463 0.119210
v 0.000000 1.888756 0.121155
v 0.009745 1.665815 0.044597
v 0.011697 1.661328 0.043354
v 0.003113 1.720096 0.011475
v 0.004552 1.720039 0.008374
v 0.004552 1.692838 0.103015
v 0.003113 1.694718 0.100466
v 0.007026 1.800123 0.102020
v 0.006757 1.797283 0.105419
v 0.008116 1.696825 0.072304
v 0.006446 1.696606 0.077967
v 0.008655 1.800510 0.100805
v 0.002030 1.817519 0.114751
v 0.003661 1.821305 0.116229
v 0.009745 1.694977 0.070242
v 0.008076 1.694615 0.079287
v 0.008386 1.796898 0.106911
v 0.002030 1.810499 0.114656
v 0.003686 1.810389 0.116675
v 0.000000 1.810389 0.116675
v 0.000000 1.810499 0.114656
v 0.000000 1.817508 0.114721
v 0.000000 1.821303 0.116210
v 0.000000 1.634631 0.062483
v 0.000000 1.614605 0.068505
v 0.008605 1.634663 0.061982
v 0.009271 1.614535 0.068834
v 0.000000 1.648815 0.067045
v 0.008409 1.649456 0.066729
v 0.003910 1.660313 0.096886
v 0.000000 1.660081 0.096930
v 0.000000 1.692887 0.102840
v 0.004552 1.692838 0.103015
v 0.003113 1.694718 0.100466
v 0.000000 1.694718 0.100466
v -0.130061 1.608879 0.057154
v -0.122793 1.567151 0.059005
v -0.119615 1.606796 0.070680
v -0.115479 1.568454 0.068227
v -0.104300 1.637400 0.088652
v -0.125214 1.635220 0.065587
v -0.264174 1.775844 -0.074732
v -0.276411 1.807713 -0.085872
v -0.110844 1.538588 0.066873
v -0.106161 1.543382 0.073247
v -0.155386 1.637172 0.028233
v -0.153745 1.643064 0.030910
v -0.215458 1.696225 -0.033291
v -0.223152 1.713141 -0.039207
v -0.159020 1.608910 0.018608
v -0.157448 1.614872 0.020788
v -0.193659 1.639552 -0.015790
v -0.198348 1.653018 -0.020305
v -0.104300 1.637400 0.088652
v -0.091244 1.638731 0.076773
v -0.276411 1.807713 -0.085872
v -0.267555 1.808627 -0.094033
v -0.106988 1.608025 0.059031
v -0.119615 1.606796 0.070680
v -0.115479 1.568454 0.068227
v -0.105981 1.568913 0.057946
v -0.105981 1.568913 0.057946
v -0.115479 1.568454 0.068227
v -0.095763 1.543790 0.063197
v -0.101495 1.541109 0.064906
v -0.106161 1.543382 0.073247
v -0.159282 1.578393 0.019745
v -0.152509 1.578675 0.012836
v -0.138261 1.555795 0.040498
v -0.132472 1.556062 0.034400
v -0.178803 1.586794 -0.000341
v -0.170848 1.587169 -0.008399
v -0.185494 1.636750 -0.022488
v -0.193773 1.635885 -0.014763
v -0.193659 1.639552 -0.015790
v -0.186838 1.640264 -0.022151
v -0.198348 1.653018 -0.020305
v -0.191682 1.653715 -0.026525
v -0.200832 1.657659 -0.020990
v -0.192534 1.658525 -0.028730
v -0.216192 1.692411 -0.031442
v -0.207741 1.693289 -0.039273
v -0.215458 1.696225 -0.033291
v -0.209947 1.696795 -0.038393
v -0.223152 1.713141 -0.039207
v -0.217636 1.713711 -0.044296
v -0.217611 1.718151 -0.046395
v -0.225670 1.717319 -0.038967
v -0.264174 1.775844 -0.074732
v -0.253835 1.776908 -0.084237
v -0.276411 1.807713 -0.085872
v -0.267555 1.808627 -0.094033
v -0.225670 1.717319 -0.038967
v -0.223152 1.713141 -0.039207
v -0.152361 1.644564 0.035955
v -0.153745 1.643064 0.030910
v -0.155354 1.633491 0.030930
v -0.155386 1.637172 0.028233
v -0.216192 1.692411 -0.031442
v -0.215458 1.696225 -0.033291
v -0.200832 1.657659 -0.020990
v -0.198348 1.653018 -0.020305
v -0.156043 1.616697 0.025620
v -0.157448 1.614872 0.020788
v -0.158581 1.604761 0.021049
v -0.159020 1.608910 0.018608
v -0.193773 1.635885 -0.014763
v -0.193659 1.639552 -0.015790
v -0.152361 1.644564 0.035955
v -0.125214 1.635220 0.065587
v -0.225670 1.717319 -0.038967
v -0.264174 1.775844 -0.074732
v -0.155354 1.633491 0.030930
v -0.130061 1.608879 0.057154
v -0.156043 1.616697 0.025620
v -0.158581 1.604761 0.021049
v -0.159282 1.578393 0.019745
v -0.122793 1.567151 0.059005
v -0.138261 1.555795 0.040498
v -0.121266 1.522523 0.050292
v -0.110844 1.538588 0.066873
v -0.193773 1.635885 -0.014763
v -0.178803 1.586794 -0.000341
v -0.200832 1.657659 -0.020990
v -0.216192 1.692411 -0.031442
v -0.117787 1.522794 0.044555
v -0.121266 1.522523 0.050292
v -0.120395 1.609871 0.048293
v -0.106988 1.608025 0.059031
v -0.115132 1.567526 0.050746
v -0.105981 1.568913 0.057946
v -0.091244 1.638731 0.076773
v -0.114081 1.636361 0.055401
v -0.253835 1.776908 -0.084237
v -0.267555 1.808627 -0.094033
v -0.101522 1.538728 0.058915
v -0.095763 1.543790 0.063197
v -0.217636 1.713711 -0.044296
v -0.148371 1.643619 0.025956
v -0.209947 1.696795 -0.038393
v -0.150388 1.637688 0.023621
v -0.191682 1.653715 -0.026525
v -0.153387 1.615406 0.016838
v -0.186838 1.640264 -0.022151
v -0.154771 1.609487 0.014439
v -0.217611 1.718151 -0.046395
v -0.143596 1.645468 0.027882
v -0.217636 1.713711 -0.044296
v -0.148371 1.643619 0.025956
v -0.147385 1.634314 0.023576
v -0.150388 1.637688 0.023621
v -0.207741 1.693289 -0.039273
v -0.209947 1.696795 -0.038393
v -0.153387 1.615406 0.016838
v -0.191682 1.653715 -0.026525
v -0.148859 1.617488 0.018900
v -0.192534 1.658525 -0.028730
v -0.151846 1.605014 0.014999
v -0.154771 1.609487 0.014439
v -0.185494 1.636750 -0.022488
v -0.186838 1.640264 -0.022151
v -0.143596 1.645468 0.027882
v -0.217611 1.718151 -0.046395
v -0.114081 1.636361 0.055401
v -0.253835 1.776908 -0.084237
v -0.147385 1.634314 0.023576
v -0.120395 1.609871 0.048293
v -0.148859 1.617488 0.018900
v -0.151846 1.605014 0.014999
v -0.152509 1.578675 0.012836
v -0.185494 1.636750 -0.022488
v -0.170848 1.587169 -0.008399
v -0.192534 1.658525 -0.028730
v -0.207741 1.693289 -0.039273
v -0.115132 1.567526 0.050746
v -0.132472 1.556062 0.034400
v -0.117787 1.522794 0.044555
v -0.101522 1.538728 0.058915
v -0.110844 1.538588 0.066873
v -0.121266 1.522523 0.050292
v -0.101495 1.541109 0.064906
v -0.117787 1.522794 0.044555
v -0.101522 1.538728 0.058915
v -0.121266 1.522523 0.050292
v -0.121266 1.522523 0.050292
v -0.101522 1.538728 0.058915
v -0.101495 1.541109 0.064906
v -0.106161 1.543382 0.073247
v -0.110844 1.538588 0.066873
v -0.101495 1.541109 0.064906
v -0.101495 1.541109 0.064906
v -0.101522 1.538728 0.058915
v -0.095763 1.543790 0.063197
v -0.142132 1.456220 0.003661
v -0.147365 1.448351 -0.008992
v -0.133843 1.433834 0.003040
v -0.135034 1.414895 -0.010271
v -0.255041 1.530131 -0.151215
v -0.271124 1.555603 -0.166102
v -0.240734 1.512429 -0.144436
v -0.230128 1.498660 -0.133035
v -0.159342 1.451175 -0.036612
v -0.157395 1.446337 -0.036725
v -0.244885 1.514840 -0.144849
v -0.160453 1.451734 -0.032516
v -0.255041 1.530131 -0.151215
v -0.147365 1.448351 -0.008992
v -0.157105 1.442815 -0.032504
v -0.135034 1.414895 -0.010271
v -0.157139 1.437129 -0.035860
v -0.222913 1.484469 -0.123441
v -0.230856 1.495457 -0.131091
v -0.154709 1.429026 -0.036009
v -0.133014 1.400547 -0.016202
v -0.167745 1.415608 -0.065151
v -0.189678 1.417652 -0.103815
v -0.214015 1.470732 -0.116923
v -0.219033 1.481772 -0.122683
v -0.214358 1.474136 -0.119004
v -0.156394 1.437069 -0.040286
v -0.155151 1.433020 -0.040426
v -0.129085 1.460070 -0.003659
v -0.261323 1.559478 -0.171033
v -0.142132 1.456220 0.003661
v -0.271124 1.555603 -0.166102
v -0.133843 1.433834 0.003040
v -0.121334 1.437373 -0.004066
v -0.255041 1.530131 -0.151215
v -0.243093 1.534665 -0.157334
v -0.244885 1.514840 -0.144849
v -0.234348 1.518737 -0.150304
v -0.240734 1.512429 -0.144436
v -0.234463 1.514735 -0.147690
v -0.230128 1.498660 -0.133035
v -0.222743 1.501302 -0.136909
v -0.219274 1.499581 -0.137177
v -0.230856 1.495457 -0.131091
v -0.222913 1.484469 -0.123441
v -0.210833 1.488677 -0.129842
v -0.219033 1.481772 -0.122683
v -0.210420 1.484753 -0.127257
v -0.214358 1.474136 -0.119004
v -0.206044 1.476948 -0.123457
v -0.202794 1.474506 -0.122946
v -0.214015 1.470732 -0.116923
v -0.178794 1.420449 -0.109598
v -0.189678 1.417652 -0.103815
v -0.167745 1.415608 -0.065151
v -0.154846 1.419243 -0.072479
v -0.133014 1.400547 -0.016202
v -0.119540 1.404197 -0.023943
v -0.244885 1.514840 -0.144849
v -0.240734 1.512429 -0.144436
v -0.160453 1.451734 -0.032516
v -0.159342 1.451175 -0.036612
v -0.157395 1.446337 -0.036725
v -0.157105 1.442815 -0.032504
v -0.230856 1.495457 -0.131091
v -0.230128 1.498660 -0.133035
v -0.222913 1.484469 -0.123441
v -0.219033 1.481772 -0.122683
v -0.157139 1.437129 -0.035860
v -0.156394 1.437069 -0.040286
v -0.155151 1.433020 -0.040426
v -0.154709 1.429026 -0.036009
v -0.214015 1.470732 -0.116923
v -0.214358 1.474136 -0.119004
v -0.129085 1.460070 -0.003659
v -0.121334 1.437373 -0.004066
v -0.131874 1.453797 -0.016454
v -0.120438 1.420610 -0.017412
v -0.243093 1.534665 -0.157334
v -0.261323 1.559478 -0.171033
v -0.133835 1.451462 -0.017813
v -0.122569 1.416674 -0.018586
v -0.234463 1.514735 -0.147690
v -0.151203 1.453647 -0.041135
v -0.222743 1.501302 -0.136909
v -0.149574 1.448691 -0.041083
v -0.234348 1.518737 -0.150304
v -0.243093 1.534665 -0.157334
v -0.147819 1.455569 -0.039539
v -0.133835 1.451462 -0.017813
v -0.144544 1.446566 -0.039521
v -0.122569 1.416674 -0.018586
v -0.144223 1.440961 -0.043089
v -0.210833 1.488677 -0.129842
v -0.219274 1.499581 -0.137177
v -0.141125 1.433000 -0.043644
v -0.119540 1.404197 -0.023943
v -0.154846 1.419243 -0.072479
v -0.178794 1.420449 -0.109598
v -0.202794 1.474506 -0.122946
v -0.210420 1.484753 -0.127257
v -0.147979 1.439571 -0.044993
v -0.206044 1.476948 -0.123457
v -0.146493 1.435576 -0.045279
v -0.234348 1.518737 -0.150304
v -0.147819 1.455569 -0.039539
v -0.234463 1.514735 -0.147690
v -0.151203 1.453647 -0.041135
v -0.149574 1.448691 -0.041083
v -0.144544 1.446566 -0.039521
v -0.219274 1.499581 -0.137177
v -0.222743 1.501302 -0.136909
v -0.210833 1.488677 -0.129842
v -0.144223 1.440961 -0.043089
v -0.210420 1.484753 -0.127257
v -0.147979 1.439571 -0.044993
v -0.146493 1.435576 -0.045279
v -0.141125 1.433000 -0.043644
v -0.202794 1.474506 -0.122946
v -0.206044 1.476948 -0.123457
v -0.003686 1.826776 0.058843
v -0.003686 1.822162 0.054250
v -0.008386 1.809815 0.059706
v 0.000000 1.822162 0.054250
v 0.000000 1.826776 0.058843
v 0.000000 1.720096 0.011475
v -0.003113 1.720096 0.011475
v -0.008076 1.708809 0.029915
v -0.009745 1.665815 0.044597
v -0.009745 1.704301 0.037835
v -0.009060 1.686516 0.042793
v -0.008655 1.810169 0.066942
v -0.006892 1.884618 0.099303
v -0.003661 1.835973 0.064804
v -0.002566 1.895867 0.096219
v 0.000000 1.835962 0.064819
v 0.000000 1.895867 0.096219
v -0.009745 1.684455 0.049917
v -0.009060 1.682395 0.057041
v -0.009745 1.694977 0.070242
v -0.008076 1.694615 0.079287
v -0.003113 1.694718 0.100466
v -0.008386 1.796898 0.106911
v -0.003686 1.804002 0.117913
v -0.008655 1.800510 0.100805
v -0.006892 1.880826 0.112603
v 0.000000 1.694718 0.100466
v 0.000000 1.804002 0.117913
v -0.003686 1.810389 0.116675
v 0.000000 1.810389 0.116675
v -0.003661 1.821305 0.116229
v -0.002566 1.888756 0.121155
v 0.000000 1.821303 0.116210
v 0.000000 1.888756 0.121155
v -0.004552 1.720039 0.008374
v -0.003910 1.689158 -0.002124
v -0.011697 1.661328 0.043354
v -0.008409 1.663307 0.015610
v -0.008605 1.647982 0.012198
v -0.011697 1.630055 0.033874
v -0.009271 1.635306 -0.004010
v -0.008605 1.634663 0.061982
v -0.008409 1.649456 0.066729
v -0.004552 1.692838 0.103015
v -0.003910 1.660313 0.096886
v -0.009271 1.614535 0.068834
v -0.006446 1.709801 0.032045
v -0.008116 1.706974 0.037000
v -0.006757 1.809356 0.061176
v -0.007026 1.810481 0.065705
v -0.008655 1.810169 0.066942
v -0.002030 1.831977 0.064063
v -0.003661 1.835973 0.064804
v -0.009745 1.704301 0.037835
v -0.008076 1.708809 0.029915
v -0.008386 1.809815 0.059706
v -0.002030 1.825964 0.060443
v -0.003686 1.826776 0.058843
v 0.000000 1.826776 0.058843
v 0.000000 1.825964 0.060442
v 0.000000 1.831953 0.064083
v 0.000000 1.835962 0.064819
v -0.007429 1.687758 0.045742
v -0.008114 1.686398 0.050444
v -0.005261 1.883978 0.101549
v -0.005261 1.893893 0.109137
v -0.002055 1.893057 0.099230
v -0.002137 1.918716 0.116222
v 0.000000 1.894592 0.097717
v 0.000000 1.923997 0.117727
v -0.005261 1.881467 0.110357
v -0.007429 1.685039 0.055146
v 0.000000 1.888463 0.119210
v -0.002055 1.887957 0.117115
v 0.000000 1.648220 0.011755
v 0.000000 1.635192 -0.003695
v -0.008605 1.647982 0.012198
v -0.009271 1.635306 -0.004010
v 0.000000 1.662935 0.015017
v -0.008409 1.663307 0.015610
v -0.003910 1.689158 -0.002124
v 0.000000 1.688985 -0.002278
v 0.000000 1.719989 0.008549
v -0.004552 1.720039 0.008374
v -0.003113 1.720096 0.011475
v 0.000000 1.720096 0.011475
v -0.008114 1.686398 0.050444
v -0.007429 1.687758 0.045742
v -0.009745 1.684455 0.049917
v -0.009060 1.686516 0.042793
v -0.006892 1.884618 0.099303
v -0.005261 1.883978 0.101549
v -0.002055 1.893057 0.099230
v -0.002566 1.895867 0.096219
v 0.000000 1.894592 0.097717
v 0.000000 1.895867 0.096219
v -0.007429 1.685039 0.055146
v -0.009060 1.682395 0.057041
v -0.006892 1.880826 0.112603
v -0.005261 1.881467 0.110357
v -0.002055 1.887957 0.117115
v -0.002566 1.888756 0.121155
v 0.000000 1.888463 0.119210
v 0.000000 1.888756 0.121155
v -0.004552 1.720039 0.008374
v -0.011697 1.661328 0.043354
v -0.003113 1.720096 0.011475
v -0.009745 1.665815 0.044597
v -0.004552 1.692838 0.103015
v -0.003113 1.694718 0.100466
v -0.006446 1.696606 0.077967
v -0.006757 1.797283 0.105419
v -0.008116 1.696825 0.072304
v -0.007026 1.800123 0.102020
v -0.008655 1.800510 0.100805
v -0.002030 1.817519 0.114751
v -0.003661 1.821305 0.116229
v -0.009745 1.694977 0.070242
v -0.008076 1.694615 0.079287
v -0.008386 1.796898 0.106911
v -0.002030 1.810499 0.114656
v -0.003686 1.810389 0.116675
v 0.000000 1.810389 0.116675
v 0.000000 1.810499 0.114656
v 0.000000 1.817508 0.114721
v 0.000000 1.821303 0.116210
v -0.009271 1.614535 0.068834
v 0.000000 1.614605 0.068505
v -0.008605 1.634663 0.061982
v 0.000000 1.634631 0.062483
v 0.000000 1.648815 0.067045
v -0.008409 1.649456 0.066729
v -0.003910 1.660313 0.096886
v 0.000000 1.660081 0.096930
v 0.000000 1.692887 0.102840
v -0.004552 1.692838 0.103015
v -0.003113 1.694718 0.100466
v 0.000000 1.694718 0.100466
vt 0.633105 0.121876
vt 0.623972 0.151902
vt 0.596240 0.127140
vt 0.628602 0.102011
vt 0.602946 0.091920
vt 0.618087 0.093973
vt 0.854260 0.943719
vt 0.871277 0.961467
vt 0.846278 0.951082
vt 0.863861 0.982561
vt 0.863273 0.995352
vt 0.891168 0.995352
vt 0.890085 0.967917
vt 0.827574 0.924533
vt 0.846455 0.919491
vt 0.922449 0.995352
vt 0.894860 0.948160
vt 0.879354 0.945416
vt 0.866716 0.934687
vt 0.921681 0.971328
vt 0.952430 0.970504
vt 0.952430 0.946098
vt 0.958707 0.995352
vt 0.988163 0.995352
vt 0.923837 0.940583
vt 0.812541 0.883961
vt 0.851396 0.885431
vt 0.862546 0.917648
vt 0.812541 0.918352
vt 0.934385 0.921896
vt 0.952430 0.914957
vt 0.911311 0.882406
vt 0.909428 0.892110
vt 0.858471 0.859639
vt 0.870821 0.878371
vt 0.879688 0.859639
vt 0.868265 0.898329
vt 0.883546 0.883607
vt 0.812541 0.859639
vt 0.555606 0.135201
vt 0.596240 0.127140
vt 0.567107 0.155066
vt 0.555798 0.111691
vt 0.587337 0.162726
vt 0.609267 0.161850
vt 0.596240 0.127140
vt 0.555742 0.111760
vt 0.567819 0.100868
vt 0.624159 0.151813
vt 0.609244 0.161766
vt 0.532122 0.252874
vt 0.502653 0.252874
vt 0.532122 0.228235
vt 0.502653 0.228235
vt 0.475561 0.252874
vt 0.475561 0.228235
vt 0.544222 0.228235
vt 0.544222 0.252874
vt 0.457967 0.228235
vt 0.457967 0.252874
vt 0.626783 0.523070
vt 0.602513 0.520536
vt 0.615247 0.497109
vt 0.611135 0.544432
vt 0.626783 0.495267
vt 0.626783 0.550420
vt 0.579858 0.027083
vt 0.581746 0.016730
vt 0.597062 0.027083
vt 0.597062 0.016730
vt 0.634399 0.016730
vt 0.635063 0.027083
vt 0.572968 0.016730
vt 0.546959 0.027083
vt 0.546959 0.016730
vt 0.677534 0.027083
vt 0.677534 0.016730
vt 0.696707 0.016730
vt 0.696707 0.027083
vt 0.709159 0.016495
vt 0.709159 0.027083
vt 0.581255 0.010450
vt 0.597062 0.010450
vt 0.572474 0.010450
vt 0.634134 0.010450
vt 0.677534 0.010450
vt 0.696707 0.010450
vt 0.709159 0.010450
vt 0.749112 0.016730
vt 0.749112 0.010450
vt 0.749112 0.027083
vt 0.287499 0.786670
vt 0.298058 0.783209
vt 0.283891 0.802729
vt 0.298058 0.802729
vt 0.301964 0.803126
vt 0.300267 0.781419
vt 0.272309 0.791530
vt 0.273194 0.802729
vt 0.251155 0.798299
vt 0.251417 0.802729
vt 0.236368 0.802729
vt 0.485968 0.832520
vt 0.489168 0.832300
vt 0.485968 0.844101
vt 0.490005 0.843779
vt 0.498814 0.860362
vt 0.485968 0.865660
vt 0.517596 0.880594
vt 0.485968 0.888125
vt 0.485968 0.913780
vt 0.512442 0.911287
vt 0.514310 0.930108
vt 0.485968 0.930493
vt 0.489707 0.946061
vt 0.513296 0.947047
vt 0.571790 0.948582
vt 0.571921 0.926650
vt 0.566674 0.974685
vt 0.511847 0.972597
vt 0.569949 0.907973
vt 0.545486 0.886677
vt 0.496742 0.968375
vt 0.501678 0.984031
vt 0.513606 0.992788
vt 0.530819 0.983594
vt 0.571613 0.987160
vt 0.616483 0.978023
vt 0.504933 0.994357
vt 0.620167 0.950896
vt 0.649515 0.949459
vt 0.637148 0.979896
vt 0.633711 0.991907
vt 0.639467 0.990946
vt 0.672847 0.949225
vt 0.649932 0.927113
vt 0.621702 0.926493
vt 0.646480 0.906794
vt 0.672847 0.909318
vt 0.656068 0.889821
vt 0.672847 0.891592
vt 0.672847 0.869800
vt 0.634114 0.884241
vt 0.634770 0.868080
vt 0.660189 0.869009
vt 0.621358 0.900302
vt 0.672847 0.926422
vt 0.615993 0.880066
vt 0.571273 0.883666
vt 0.622191 0.862388
vt 0.661586 0.855804
vt 0.634890 0.849290
vt 0.672847 0.855595
vt 0.661270 0.843636
vt 0.672847 0.844481
vt 0.667082 0.831531
vt 0.672847 0.830894
vt 0.669725 0.817227
vt 0.672847 0.817702
vt 0.177209 0.206997
vt 0.197331 0.190042
vt 0.197484 0.196759
vt 0.170332 0.187603
vt 0.194651 0.182892
vt 0.127898 0.218659
vt 0.168746 0.222964
vt 0.127593 0.230269
vt 0.123160 0.188111
vt 0.098125 0.214593
vt 0.095657 0.185852
vt 0.098615 0.225225
vt 0.070614 0.211296
vt 0.073548 0.203235
vt 0.047949 0.194410
vt 0.050400 0.190649
vt 0.023997 0.179747
vt 0.023820 0.183226
vt 0.011727 0.179704
vt 0.095649 0.135441
vt 0.075415 0.178192
vt 0.125116 0.135441
vt 0.052559 0.174638
vt 0.055793 0.135441
vt 0.173428 0.135441
vt 0.024264 0.168470
vt 0.025849 0.135441
vt 0.203157 0.135441
vt 0.237163 0.174007
vt 0.236280 0.135441
vt 0.268473 0.170388
vt 0.268473 0.135441
vt 0.268473 0.180853
vt 0.236134 0.185415
vt 0.268473 0.183458
vt 0.250022 0.189555
vt 0.228689 0.192119
vt 0.025080 0.009487
vt 0.054594 0.009487
vt 0.025661 0.045878
vt 0.055573 0.045878
vt 0.026642 0.102390
vt 0.056238 0.102390
vt 0.072413 0.045878
vt 0.071829 0.102390
vt 0.088796 0.102390
vt 0.090692 0.045878
vt 0.118116 0.102390
vt 0.118966 0.045878
vt 0.092972 0.009487
vt 0.071770 0.009487
vt 0.074666 0.140499
vt 0.160925 0.102390
vt 0.160072 0.045878
vt 0.121840 0.009487
vt 0.161120 0.009487
vt 0.188461 0.102390
vt 0.187307 0.045878
vt 0.219438 0.102390
vt 0.215201 0.045878
vt 0.188660 0.009487
vt 0.216095 0.009487
vt 0.244149 0.009487
vt 0.244149 0.045878
vt 0.244149 0.102390
vt 0.661270 0.843636
vt 0.641094 0.844768
vt 0.649124 0.834793
vt 0.298961 0.028882
vt 0.301365 0.006634
vt 0.334584 0.028882
vt 0.334584 0.006634
vt 0.372975 0.028882
vt 0.372975 0.006634
vt 0.270827 0.028882
vt 0.269974 0.006634
vt 0.401559 0.006634
vt 0.401124 0.028882
vt 0.441260 0.028882
vt 0.441701 0.006634
vt 0.470271 0.028882
vt 0.471238 0.006634
vt 0.503571 0.028882
vt 0.502131 0.006634
vt 0.531626 0.006634
vt 0.531626 0.028882
vt 0.330877 0.110857
vt 0.325881 0.138003
vt 0.289859 0.099641
vt 0.277090 0.111191
vt 0.284734 0.079958
vt 0.254835 0.079958
vt 0.329185 0.079958
vt 0.366958 0.115716
vt 0.366958 0.079958
vt 0.377306 0.117350
vt 0.377306 0.079958
vt 0.281499 0.071621
vt 0.254835 0.071621
vt 0.325667 0.071621
vt 0.366958 0.071621
vt 0.254835 0.036052
vt 0.282003 0.036052
vt 0.324564 0.036052
vt 0.366958 0.036052
vt 0.377306 0.049649
vt 0.377306 0.071621
vt 0.428984 0.036052
vt 0.428388 0.049649
vt 0.377306 0.148244
vt 0.366958 0.147034
vt 0.161501 0.315748
vt 0.184983 0.327263
vt 0.157128 0.332899
vt 0.175308 0.341017
vt 0.172292 0.296336
vt 0.141877 0.329012
vt 0.141877 0.302799
vt 0.141877 0.270857
vt 0.172112 0.266549
vt 0.220394 0.266549
vt 0.220394 0.305375
vt 0.217012 0.318508
vt 0.249688 0.305375
vt 0.249688 0.320819
vt 0.150754 0.266656
vt 0.150754 0.243180
vt 0.172112 0.243180
vt 0.219802 0.331954
vt 0.249688 0.333166
vt 0.192413 0.337623
vt 0.182780 0.348422
vt 0.620827 0.797431
vt 0.620827 0.809692
vt 0.574714 0.797431
vt 0.564511 0.809692
vt 0.564511 0.763074
vt 0.574714 0.752406
vt 0.521808 0.752406
vt 0.512944 0.763074
vt 0.512944 0.726779
vt 0.521808 0.713846
vt 0.568033 0.713846
vt 0.587041 0.753063
vt 0.583412 0.713846
vt 0.620827 0.713846
vt 0.620827 0.754197
vt 0.476817 0.713846
vt 0.476817 0.726779
vt 0.351787 0.500969
vt 0.339527 0.489998
vt 0.342659 0.488728
vt 0.352632 0.489306
vt 0.336264 0.499771
vt 0.683213 0.562671
vt 0.683213 0.581679
vt 0.644727 0.562671
vt 0.644727 0.581679
vt 0.371463 0.502603
vt 0.353233 0.501196
vt 0.370180 0.495850
vt 0.362934 0.490869
vt 0.354098 0.489987
vt 0.277090 0.111191
vt 0.325881 0.138003
vt 0.289859 0.099641
vt 0.330877 0.110857
vt 0.284734 0.079958
vt 0.254835 0.079958
vt 0.329185 0.079958
vt 0.366958 0.115716
vt 0.366958 0.079958
vt 0.377306 0.117350
vt 0.377306 0.079958
vt 0.281499 0.071621
vt 0.254835 0.071621
vt 0.325667 0.071621
vt 0.366958 0.071621
vt 0.254835 0.036052
vt 0.282003 0.036052
vt 0.324564 0.036052
vt 0.366958 0.036052
vt 0.377306 0.049649
vt 0.377306 0.071621
vt 0.428984 0.036052
vt 0.428388 0.049649
vt 0.377306 0.148244
vt 0.366958 0.147034
vt 0.161501 0.315748
vt 0.157128 0.332899
vt 0.184983 0.327263
vt 0.175308 0.341017
vt 0.172292 0.296336
vt 0.141877 0.329012
vt 0.141877 0.302799
vt 0.141877 0.270857
vt 0.172112 0.266549
vt 0.220394 0.266549
vt 0.220394 0.305375
vt 0.217012 0.318508
vt 0.249688 0.305375
vt 0.249688 0.320819
vt 0.150754 0.266656
vt 0.150754 0.243180
vt 0.172112 0.243180
vt 0.219802 0.331954
vt 0.249688 0.333166
vt 0.192413 0.337623
vt 0.182780 0.348422
vt 0.564511 0.809692
vt 0.620827 0.809692
vt 0.574714 0.797431
vt 0.620827 0.797431
vt 0.564511 0.763074
vt 0.574714 0.752406
vt 0.521808 0.752406
vt 0.512944 0.763074
vt 0.512944 0.726779
vt 0.521808 0.713846
vt 0.568033 0.713846
vt 0.587041 0.753063
vt 0.583412 0.713846
vt 0.620827 0.713846
vt 0.620827 0.754197
vt 0.476817 0.713846
vt 0.476817 0.726779
vt 0.339527 0.489998
vt 0.351787 0.500969
vt 0.342659 0.488728
vt 0.352632 0.489306
vt 0.336264 0.499771
vt 0.683213 0.562671
vt 0.644727 0.562671
vt 0.683213 0.581679
vt 0.644727 0.581679
vt 0.354098 0.489987
vt 0.353233 0.501196
vt 0.362934 0.490869
vt 0.370180 0.495850
vt 0.371463 0.502603
vt 0.329845 0.359412
vt 0.323925 0.349185
vt 0.352616 0.349185
vt 0.351754 0.340266
vt 0.322239 0.340266
vt 0.358453 0.376283
vt 0.375838 0.359637
vt 0.377784 0.376453
vt 0.378443 0.380402
vt 0.353830 0.387446
vt 0.419259 0.387223
vt 0.419259 0.380402
vt 0.355365 0.393984
vt 0.419259 0.393984
vt 0.378201 0.364295
vt 0.380022 0.371236
vt 0.419259 0.364295
vt 0.419259 0.371151
vt 0.376391 0.355110
vt 0.419259 0.349185
vt 0.419259 0.355110
vt 0.419259 0.340266
vt 0.537411 0.373390
vt 0.547955 0.417388
vt 0.503194 0.373390
vt 0.503194 0.417388
vt 0.591522 0.373390
vt 0.601071 0.417388
vt 0.601071 0.379573
vt 0.601071 0.373390
vt 0.503194 0.364354
vt 0.537024 0.364354
vt 0.590381 0.364354
vt 0.503194 0.424969
vt 0.547955 0.424969
vt 0.601071 0.364354
vt 0.801805 0.991535
vt 0.801805 0.957776
vt 0.815819 0.973124
vt 0.815819 0.957776
vt 0.801805 0.919462
vt 0.828606 0.973124
vt 0.828606 0.991535
vt 0.660035 0.393122
vt 0.660035 0.423425
vt 0.613441 0.379777
vt 0.613441 0.423425
vt 0.626615 0.353878
vt 0.660035 0.340974
vt 0.628291 0.338190
vt 0.562236 0.334147
vt 0.552149 0.340647
vt 0.557285 0.332161
vt 0.548265 0.338791
vt 0.573324 0.327595
vt 0.579636 0.319741
vt 0.567768 0.325034
vt 0.631940 0.319741
vt 0.660035 0.319741
vt 0.543226 0.347446
vt 0.531297 0.353878
vt 0.539121 0.346768
vt 0.799509 0.614577
vt 0.792319 0.570499
vt 0.806008 0.611308
vt 0.806008 0.570499
vt 0.792319 0.615768
vt 0.909887 0.744573
vt 0.918041 0.744573
vt 0.909887 0.749905
vt 0.918041 0.749905
vt 0.909887 0.762713
vt 0.918041 0.762713
vt 0.918041 0.766861
vt 0.909887 0.766861
vt 0.909887 0.780091
vt 0.918041 0.780091
vt 0.909887 0.784270
vt 0.918041 0.784270
vt 0.909887 0.796543
vt 0.918041 0.796543
vt 0.918041 0.729696
vt 0.909887 0.729696
vt 0.909887 0.723933
vt 0.918041 0.723933
vt 0.909887 0.709621
vt 0.918041 0.709621
vt 0.827406 0.601913
vt 0.816997 0.601913
vt 0.827406 0.592719
vt 0.816997 0.592719
vt 0.827406 0.583982
vt 0.816997 0.583982
vt 0.827406 0.543191
vt 0.816997 0.543191
vt 0.827406 0.647911
vt 0.816997 0.647911
vt 0.970142 0.727437
vt 0.964275 0.727437
vt 0.970142 0.682090
vt 0.964275 0.682090
vt 0.970142 0.672485
vt 0.964275 0.672485
vt 0.970142 0.664849
vt 0.964275 0.664849
vt 0.964275 0.611160
vt 0.970142 0.611160
vt 0.619629 0.820420
vt 0.565988 0.839511
vt 0.565551 0.820420
vt 0.564177 0.830262
vt 0.619629 0.839511
vt 0.323925 0.349185
vt 0.329845 0.359412
vt 0.352616 0.349185
vt 0.351754 0.340266
vt 0.322239 0.340266
vt 0.358453 0.376283
vt 0.375838 0.359637
vt 0.377784 0.376453
vt 0.378443 0.380402
vt 0.353830 0.387446
vt 0.419259 0.387223
vt 0.419259 0.380402
vt 0.355365 0.393984
vt 0.419259 0.393984
vt 0.378201 0.364295
vt 0.380022 0.371236
vt 0.419259 0.364295
vt 0.419259 0.371151
vt 0.376391 0.355110
vt 0.419259 0.349185
vt 0.419259 0.355110
vt 0.419259 0.340266
vt 0.503194 0.417388
vt 0.547955 0.417388
vt 0.503194 0.373390
vt 0.537411 0.373390
vt 0.591522 0.373390
vt 0.601071 0.417388
vt 0.601071 0.379573
vt 0.601071 0.373390
vt 0.503194 0.364354
vt 0.537024 0.364354
vt 0.590381 0.364354
vt 0.503194 0.424969
vt 0.547955 0.424969
vt 0.601071 0.364354
vt 0.815819 0.957776
vt 0.801805 0.957776
vt 0.815819 0.973124
vt 0.801805 0.991535
vt 0.801805 0.919462
vt 0.828606 0.973124
vt 0.828606 0.991535
vt 0.660035 0.423425
vt 0.660035 0.393122
vt 0.613441 0.379777
vt 0.613441 0.423425
vt 0.626615 0.353878
vt 0.660035 0.340974
vt 0.628291 0.338190
vt 0.562236 0.334147
vt 0.552149 0.340647
vt 0.557285 0.332161
vt 0.548265 0.338791
vt 0.573324 0.327595
vt 0.579636 0.319741
vt 0.567768 0.325034
vt 0.631940 0.319741
vt 0.660035 0.319741
vt 0.543226 0.347446
vt 0.531297 0.353878
vt 0.539121 0.346768
vt 0.806008 0.570499
vt 0.792319 0.570499
vt 0.806008 0.611308
vt 0.799509 0.614577
vt 0.792319 0.615768
vt 0.918041 0.749905
vt 0.918041 0.744573
vt 0.909887 0.749905
vt 0.909887 0.744573
vt 0.909887 0.762713
vt 0.918041 0.762713
vt 0.918041 0.766861
vt 0.909887 0.766861
vt 0.909887 0.780091
vt 0.918041 0.780091
vt 0.909887 0.784270
vt 0.918041 0.784270
vt 0.909887 0.796543
vt 0.918041 0.796543
vt 0.918041 0.729696
vt 0.909887 0.729696
vt 0.909887 0.723933
vt 0.918041 0.723933
vt 0.909887 0.709621
vt 0.918041 0.709621
vt 0.816997 0.592719
vt 0.816997 0.601913
vt 0.827406 0.592719
vt 0.827406 0.601913
vt 0.827406 0.583982
vt 0.816997 0.583982
vt 0.827406 0.543191
vt 0.816997 0.543191
vt 0.827406 0.647911
vt 0.816997 0.647911
vt 0.964275 0.682090
vt 0.964275 0.727437
vt 0.970142 0.682090
vt 0.970142 0.727437
vt 0.970142 0.672485
vt 0.964275 0.672485
vt 0.970142 0.664849
vt 0.964275 0.664849
vt 0.964275 0.611160
vt 0.970142 0.611160
vt 0.564177 0.830262
vt 0.565988 0.839511
vt 0.565551 0.820420
vt 0.619629 0.820420
vt 0.619629 0.839511
vt 0.274182 0.217320
vt 0.280802 0.243391
vt 0.262679 0.224444
vt 0.267856 0.243877
vt 0.232885 0.243877
vt 0.242382 0.211837
vt 0.259541 0.203356
vt 0.273952 0.216967
vt 0.208077 0.214012
vt 0.232449 0.198185
vt 0.202035 0.202859
vt 0.195619 0.221973
vt 0.201756 0.203076
vt 0.188727 0.213645
vt 0.186175 0.209799
vt 0.182635 0.243877
vt 0.192722 0.243877
vt 0.134067 0.797125
vt 0.109948 0.797125
vt 0.134067 0.752167
vt 0.113180 0.746768
vt 0.078723 0.755080
vt 0.079272 0.696998
vt 0.080143 0.797125
vt 0.117919 0.736049
vt 0.134067 0.741642
vt 0.117193 0.711362
vt 0.044546 0.757724
vt 0.040718 0.700747
vt 0.010329 0.760665
vt 0.010265 0.724018
vt 0.037369 0.653058
vt 0.084842 0.653444
vt 0.134067 0.654618
vt 0.134067 0.713059
vt 0.041300 0.797125
vt 0.010393 0.797125
vt 0.010401 0.701885
vt 0.085660 0.610037
vt 0.134067 0.614085
vt 0.042323 0.606231
vt 0.010401 0.607901
vt 0.010401 0.655641
vt 0.134067 0.580697
vt 0.090308 0.580697
vt 0.044121 0.580697
vt 0.010401 0.580697
vt 0.090308 0.572040
vt 0.134067 0.572040
vt 0.010401 0.572040
vt 0.044121 0.572040
vt 0.835885 0.202420
vt 0.835885 0.156654
vt 0.845036 0.202420
vt 0.845036 0.156654
vt 0.845036 0.246718
vt 0.835885 0.252510
vt 0.590029 0.077399
vt 0.590441 0.044541
vt 0.630009 0.089826
vt 0.625044 0.044541
vt 0.546310 0.044541
vt 0.663531 0.044541
vt 0.671606 0.073812
vt 0.715807 0.044541
vt 0.646320 0.642086
vt 0.657774 0.623932
vt 0.683909 0.623932
vt 0.634866 0.641307
vt 0.634866 0.623932
vt 0.611982 0.655796
vt 0.611982 0.623932
vt 0.688447 0.174493
vt 0.716214 0.196547
vt 0.688447 0.241224
vt 0.710200 0.230997
vt 0.267856 0.243877
vt 0.280802 0.243411
vt 0.262679 0.224406
vt 0.274183 0.217339
vt 0.232885 0.243877
vt 0.242382 0.211837
vt 0.259541 0.203372
vt 0.273952 0.216987
vt 0.208077 0.214012
vt 0.232449 0.198185
vt 0.202035 0.202859
vt 0.195619 0.221973
vt 0.201755 0.203076
vt 0.188727 0.213645
vt 0.186175 0.209799
vt 0.182635 0.243877
vt 0.192722 0.243877
vt 0.113180 0.746768
vt 0.109948 0.797125
vt 0.134067 0.752167
vt 0.134067 0.797125
vt 0.078833 0.755098
vt 0.079272 0.696998
vt 0.080252 0.797125
vt 0.117919 0.736049
vt 0.134067 0.741679
vt 0.117193 0.711362
vt 0.044546 0.757724
vt 0.040718 0.700747
vt 0.010330 0.760682
vt 0.010265 0.724018
vt 0.037369 0.653058
vt 0.084842 0.653444
vt 0.134067 0.654618
vt 0.134067 0.713059
vt 0.041300 0.797125
vt 0.010393 0.797125
vt 0.010401 0.701885
vt 0.085660 0.610037
vt 0.134067 0.614085
vt 0.042323 0.606263
vt 0.010401 0.607901
vt 0.010401 0.655641
vt 0.134067 0.580697
vt 0.090308 0.580697
vt 0.044121 0.580697
vt 0.010401 0.580697
vt 0.090308 0.572040
vt 0.134067 0.572040
vt 0.010401 0.572040
vt 0.044121 0.572040
vt 0.663531 0.044541
vt 0.625044 0.044541
vt 0.671606 0.073812
vt 0.630009 0.089826
vt 0.590029 0.077399
vt 0.590441 0.044541
vt 0.715807 0.044541
vt 0.546310 0.044541
vt 0.835885 0.202420
vt 0.845036 0.202420
vt 0.835885 0.156654
vt 0.845036 0.156654
vt 0.845036 0.246718
vt 0.835885 0.252510
vt 0.657774 0.623932
vt 0.646320 0.642086
vt 0.683909 0.623932
vt 0.634866 0.641307
vt 0.634866 0.623932
vt 0.611982 0.655796
vt 0.611982 0.623932
vt 0.273996 0.350666
vt 0.267958 0.316082
vt 0.295700 0.360742
vt 0.295700 0.294134
vt 0.710145 0.810591
vt 0.710145 0.716673
vt 0.721666 0.810591
vt 0.721666 0.716673
vt 0.721666 0.611081
vt 0.710145 0.611081
vt 0.128086 0.407010
vt 0.164654 0.372013
vt 0.167787 0.387804
vt 0.204252 0.364126
vt 0.213169 0.344487
vt 0.209512 0.376889
vt 0.219444 0.374197
vt 0.218314 0.366773
vt 0.239755 0.339800
vt 0.221776 0.342912
vt 0.231753 0.340990
vt 0.228695 0.376061
vt 0.252798 0.339605
vt 0.701677 0.691505
vt 0.701677 0.779661
vt 0.690156 0.691505
vt 0.690156 0.779661
vt 0.701677 0.808181
vt 0.690156 0.808181
vt 0.701677 0.674854
vt 0.690156 0.674854
vt 0.701677 0.656920
vt 0.690156 0.656920
vt 0.517440 0.618578
vt 0.528961 0.618578
vt 0.517440 0.636776
vt 0.528961 0.636776
vt 0.721666 0.716673
vt 0.710145 0.716673
vt 0.721666 0.810591
vt 0.710145 0.810591
vt 0.721666 0.611081
vt 0.710145 0.611081
vt 0.164654 0.372013
vt 0.128086 0.407010
vt 0.167787 0.387804
vt 0.204191 0.364086
vt 0.213169 0.344487
vt 0.209512 0.376889
vt 0.219444 0.374197
vt 0.218314 0.366773
vt 0.239755 0.339800
vt 0.221722 0.342876
vt 0.231753 0.340990
vt 0.228715 0.376031
vt 0.252798 0.339605
vt 0.690156 0.779661
vt 0.701677 0.779661
vt 0.690156 0.691505
vt 0.701677 0.691505
vt 0.701677 0.808181
vt 0.690156 0.808181
vt 0.701677 0.674854
vt 0.690156 0.674854
vt 0.701677 0.656920
vt 0.690156 0.656920
vt 0.528961 0.636776
vt 0.528961 0.618578
vt 0.517440 0.636776
vt 0.517440 0.618578
vt 0.654368 0.508295
vt 0.654368 0.501010
vt 0.654368 0.549451
vt 0.657644 0.549451
vt 0.678666 0.760670
vt 0.678666 0.754185
vt 0.678666 0.811947
vt 0.682028 0.811947
vt 0.702862 0.622274
vt 0.691341 0.622274
vt 0.702862 0.617799
vt 0.691341 0.617799
vt 0.549627 0.622162
vt 0.538106 0.622162
vt 0.549627 0.617025
vt 0.538106 0.617025
vt 0.657644 0.549451
vt 0.657644 0.501010
vt 0.654368 0.549451
vt 0.654368 0.508295
vt 0.682028 0.811947
vt 0.682028 0.754185
vt 0.678666 0.811947
vt 0.678666 0.760670
vt 0.691341 0.617799
vt 0.691341 0.622274
vt 0.702862 0.617799
vt 0.702862 0.622274
vt 0.538106 0.617025
vt 0.538106 0.622162
vt 0.549627 0.617025
vt 0.549627 0.622162
vt 0.623972 0.151902
vt 0.633105 0.121876
vt 0.596240 0.127140
vt 0.628602 0.102011
vt 0.602946 0.091920
vt 0.618087 0.093973
vt 0.863861 0.982561
vt 0.871277 0.961467
vt 0.846278 0.951082
vt 0.854260 0.943719
vt 0.863273 0.995352
vt 0.891168 0.995352
vt 0.890085 0.967917
vt 0.827574 0.924533
vt 0.846455 0.919491
vt 0.922449 0.995352
vt 0.894860 0.948160
vt 0.879354 0.945416
vt 0.866716 0.934687
vt 0.921681 0.971328
vt 0.952430 0.970504
vt 0.952430 0.946098
vt 0.958707 0.995352
vt 0.988163 0.995352
vt 0.923837 0.940583
vt 0.812541 0.883961
vt 0.812541 0.918352
vt 0.851396 0.885431
vt 0.862546 0.917648
vt 0.934385 0.921896
vt 0.952430 0.914957
vt 0.911311 0.882406
vt 0.909428 0.892110
vt 0.858471 0.859639
vt 0.870821 0.878371
vt 0.879688 0.859639
vt 0.868265 0.898329
vt 0.883546 0.883607
vt 0.812541 0.859639
vt 0.596240 0.127140
vt 0.555606 0.135201
vt 0.567107 0.155066
vt 0.555798 0.111691
vt 0.587337 0.162726
vt 0.609267 0.161850
vt 0.596240 0.127140
vt 0.555742 0.111760
vt 0.567819 0.100868
vt 0.609244 0.161766
vt 0.624159 0.151813
vt 0.502653 0.228235
vt 0.502653 0.252874
vt 0.532122 0.228235
vt 0.532122 0.252874
vt 0.475561 0.252874
vt 0.475561 0.228235
vt 0.544222 0.228235
vt 0.544222 0.252874
vt 0.457967 0.228235
vt 0.457967 0.252874
vt 0.602513 0.520536
vt 0.626783 0.523070
vt 0.615247 0.497109
vt 0.611135 0.544432
vt 0.626783 0.495267
vt 0.626783 0.550420
vt 0.597062 0.016730
vt 0.581746 0.016730
vt 0.597062 0.027083
vt 0.579858 0.027083
vt 0.634399 0.016730
vt 0.635063 0.027083
vt 0.572968 0.016730
vt 0.546959 0.027083
vt 0.546959 0.016730
vt 0.677534 0.027083
vt 0.677534 0.016730
vt 0.696707 0.016730
vt 0.696707 0.027083
vt 0.709159 0.016495
vt 0.709159 0.027083
vt 0.581255 0.010450
vt 0.597062 0.010450
vt 0.572474 0.010450
vt 0.634134 0.010450
vt 0.677534 0.010450
vt 0.696707 0.010450
vt 0.709159 0.010450
vt 0.749112 0.016730
vt 0.749112 0.010450
vt 0.749112 0.027083
vt 0.300267 0.781419
vt 0.298058 0.783209
vt 0.301964 0.803126
vt 0.298058 0.802729
vt 0.283891 0.802729
vt 0.287499 0.786670
vt 0.272309 0.791530
vt 0.273194 0.802729
vt 0.251155 0.798299
vt 0.251417 0.802729
vt 0.236368 0.802729
vt 0.490005 0.843779
vt 0.489168 0.832300
vt 0.485968 0.844101
vt 0.485968 0.832520
vt 0.498814 0.860362
vt 0.485968 0.865660
vt 0.517596 0.880594
vt 0.485968 0.888125
vt 0.485968 0.913780
vt 0.512442 0.911287
vt 0.514310 0.930108
vt 0.485968 0.930493
vt 0.489707 0.946061
vt 0.513296 0.947047
vt 0.571790 0.948582
vt 0.571921 0.926650
vt 0.566674 0.974685
vt 0.511847 0.972597
vt 0.569949 0.907973
vt 0.545486 0.886677
vt 0.496742 0.968375
vt 0.501678 0.984031
vt 0.513606 0.992788
vt 0.530819 0.983594
vt 0.571613 0.987160
vt 0.616483 0.978023
vt 0.504933 0.994357
vt 0.620167 0.950896
vt 0.649515 0.949459
vt 0.637148 0.979896
vt 0.633711 0.991907
vt 0.639467 0.990946
vt 0.672847 0.949225
vt 0.649932 0.927113
vt 0.621702 0.926493
vt 0.646480 0.906794
vt 0.672847 0.909318
vt 0.656068 0.889821
vt 0.672847 0.891592
vt 0.672847 0.869800
vt 0.634114 0.884241
vt 0.634770 0.868080
vt 0.660189 0.869009
vt 0.621358 0.900302
vt 0.672847 0.926422
vt 0.615993 0.880066
vt 0.571273 0.883666
vt 0.622191 0.862388
vt 0.661586 0.855804
vt 0.634890 0.849290
vt 0.672847 0.855595
vt 0.661270 0.843636
vt 0.672847 0.844481
vt 0.667082 0.831531
vt 0.672847 0.830894
vt 0.669725 0.817227
vt 0.672847 0.817702
vt 0.197331 0.190042
vt 0.177209 0.206997
vt 0.197484 0.196759
vt 0.170332 0.187603
vt 0.194651 0.182892
vt 0.127898 0.218659
vt 0.168746 0.222964
vt 0.127593 0.230269
vt 0.123160 0.188111
vt 0.098125 0.214593
vt 0.095657 0.185852
vt 0.098615 0.225225
vt 0.070614 0.211296
vt 0.073548 0.203235
vt 0.047949 0.194410
vt 0.050400 0.190649
vt 0.023997 0.179747
vt 0.023820 0.183226
vt 0.011727 0.179704
vt 0.095649 0.135441
vt 0.075415 0.178192
vt 0.125116 0.135441
vt 0.052559 0.174638
vt 0.055793 0.135441
vt 0.173428 0.135441
vt 0.203157 0.135441
vt 0.237163 0.174007
vt 0.236280 0.135441
vt 0.268473 0.170388
vt 0.268473 0.135441
vt 0.268473 0.180853
vt 0.236134 0.185415
vt 0.268473 0.183458
vt 0.250022 0.189555
vt 0.228689 0.192119
vt 0.024264 0.168470
vt 0.025849 0.135441
vt 0.055573 0.045878
vt 0.054594 0.009487
vt 0.025661 0.045878
vt 0.025080 0.009487
vt 0.026642 0.102390
vt 0.056238 0.102390
vt 0.072413 0.045878
vt 0.071829 0.102390
vt 0.088796 0.102390
vt 0.090692 0.045878
vt 0.118116 0.102390
vt 0.118966 0.045878
vt 0.092972 0.009487
vt 0.071770 0.009487
vt 0.074666 0.140499
vt 0.160925 0.102390
vt 0.160072 0.045878
vt 0.121840 0.009487
vt 0.161120 0.009487
vt 0.188461 0.102390
vt 0.187307 0.045878
vt 0.219438 0.102390
vt 0.215201 0.045878
vt 0.188660 0.009487
vt 0.216095 0.009487
vt 0.244149 0.009487
vt 0.244149 0.045878
vt 0.244149 0.102390
vt 0.641094 0.844768
vt 0.661270 0.843636
vt 0.649124 0.834793
vt 0.334584 0.006634
vt 0.301365 0.006634
vt 0.334584 0.028882
vt 0.298961 0.028882
vt 0.372975 0.028882
vt 0.372975 0.006634
vt 0.270827 0.028882
vt 0.269974 0.006634
vt 0.401559 0.006634
vt 0.401124 0.028882
vt 0.441260 0.028882
vt 0.441701 0.006634
vt 0.470271 0.028882
vt 0.471238 0.006634
vt 0.503571 0.028882
vt 0.502131 0.006634
vt 0.531626 0.006634
vt 0.531626 0.028882
vt 0.277090 0.111191
vt 0.325881 0.138003
vt 0.289859 0.099641
vt 0.330877 0.110857
vt 0.284734 0.079958
vt 0.254835 0.079958
vt 0.329185 0.079958
vt 0.366958 0.115716
vt 0.366958 0.079958
vt 0.377306 0.117350
vt 0.377306 0.079958
vt 0.281499 0.071621
vt 0.254835 0.071621
vt 0.325667 0.071621
vt 0.366958 0.071621
vt 0.254835 0.036052
vt 0.282003 0.036052
vt 0.324564 0.036052
vt 0.366958 0.036052
vt 0.377306 0.049649
vt 0.377306 0.071621
vt 0.428984 0.036052
vt 0.428388 0.049649
vt 0.377306 0.148244
vt 0.366958 0.147034
vt 0.175308 0.341017
vt 0.184983 0.327263
vt 0.157128 0.332899
vt 0.161501 0.315748
vt 0.172292 0.296336
vt 0.141877 0.329012
vt 0.141877 0.302799
vt 0.141877 0.270857
vt 0.172112 0.266549
vt 0.220394 0.266549
vt 0.220394 0.305375
vt 0.217012 0.318508
vt 0.249688 0.305375
vt 0.249688 0.320819
vt 0.150754 0.266656
vt 0.150754 0.243180
vt 0.172112 0.243180
vt 0.219802 0.331954
vt 0.249688 0.333166
vt 0.192413 0.337623
vt 0.182780 0.348422
vt 0.564511 0.809692
vt 0.620827 0.809692
vt 0.574714 0.797431
vt 0.620827 0.797431
vt 0.564511 0.763074
vt 0.574714 0.752406
vt 0.521808 0.752406
vt 0.512944 0.763074
vt 0.512944 0.726779
vt 0.521808 0.713846
vt 0.568033 0.713846
vt 0.587041 0.753063
vt 0.583412 0.713846
vt 0.620827 0.713846
vt 0.620827 0.754197
vt 0.476817 0.713846
vt 0.476817 0.726779
vt 0.339527 0.489998
vt 0.351787 0.500969
vt 0.342659 0.488728
vt 0.352632 0.489306
vt 0.336264 0.499771
vt 0.644727 0.581679
vt 0.683213 0.581679
vt 0.644727 0.562671
vt 0.683213 0.562671
vt 0.354098 0.489987
vt 0.353233 0.501196
vt 0.362934 0.490869
vt 0.370180 0.495850
vt 0.371463 0.502603
vt 0.330877 0.110857
vt 0.325881 0.138003
vt 0.289859 0.099641
vt 0.277090 0.111191
vt 0.284734 0.079958
vt 0.254835 0.079958
vt 0.329185 0.079958
vt 0.366958 0.115716
vt 0.366958 0.079958
vt 0.377306 0.117350
vt 0.377306 0.079958
vt 0.281499 0.071621
vt 0.254835 0.071621
vt 0.325667 0.071621
vt 0.366958 0.071621
vt 0.254835 0.036052
vt 0.282003 0.036052
vt 0.324564 0.036052
vt 0.366958 0.036052
vt 0.377306 0.049649
vt 0.377306 0.071621
vt 0.428984 0.036052
vt 0.428388 0.049649
vt 0.377306 0.148244
vt 0.366958 0.147034
vt 0.175308 0.341017
vt 0.157128 0.332899
vt 0.184983 0.327263
vt 0.161501 0.315748
vt 0.172292 0.296336
vt 0.141877 0.329012
vt 0.141877 0.302799
vt 0.141877 0.270857
vt 0.172112 0.266549
vt 0.220394 0.266549
vt 0.220394 0.305375
vt 0.217012 0.318508
vt 0.249688 0.305375
vt 0.249688 0.320819
vt 0.150754 0.266656
vt 0.150754 0.243180
vt 0.172112 0.243180
vt 0.219802 0.331954
vt 0.249688 0.333166
vt 0.192413 0.337623
vt 0.182780 0.348422
vt 0.620827 0.797431
vt 0.620827 0.809692
vt 0.574714 0.797431
vt 0.564511 0.809692
vt 0.564511 0.763074
vt 0.574714 0.752406
vt 0.521808 0.752406
vt 0.512944 0.763074
vt 0.512944 0.726779
vt 0.521808 0.713846
vt 0.568033 0.713846
vt 0.587041 0.753063
vt 0.583412 0.713846
vt 0.620827 0.713846
vt 0.620827 0.754197
vt 0.476817 0.713846
vt 0.476817 0.726779
vt 0.351787 0.500969
vt 0.339527 0.489998
vt 0.342659 0.488728
vt 0.352632 0.489306
vt 0.336264 0.499771
vt 0.644727 0.581679
vt 0.644727 0.562671
vt 0.683213 0.581679
vt 0.683213 0.562671
vt 0.371463 0.502603
vt 0.353233 0.501196
vt 0.370180 0.495850
vt 0.362934 0.490869
vt 0.354098 0.489987
vt 0.323925 0.349185
vt 0.329845 0.359412
vt 0.352616 0.349185
vt 0.351754 0.340266
vt 0.322239 0.340266
vt 0.358453 0.376283
vt 0.375838 0.359637
vt 0.377784 0.376453
vt 0.378443 0.380402
vt 0.353830 0.387446
vt 0.419259 0.387223
vt 0.419259 0.380402
vt 0.355365 0.393984
vt 0.419259 0.393984
vt 0.378201 0.364295
vt 0.380022 0.371236
vt 0.419259 0.364295
vt 0.419259 0.371151
vt 0.376391 0.355110
vt 0.419259 0.349185
vt 0.419259 0.355110
vt 0.419259 0.340266
vt 0.503194 0.417388
vt 0.547955 0.417388
vt 0.503194 0.373390
vt 0.537411 0.373390
vt 0.591522 0.373390
vt 0.601071 0.417388
vt 0.601071 0.379573
vt 0.601071 0.373390
vt 0.503194 0.364354
vt 0.537024 0.364354
vt 0.590381 0.364354
vt 0.503194 0.424969
vt 0.547955 0.424969
vt 0.601071 0.364354
vt 0.815819 0.957776
vt 0.801805 0.957776
vt 0.815819 0.973124
vt 0.801805 0.991535
vt 0.801805 0.919462
vt 0.828606 0.973124
vt 0.828606 0.991535
vt 0.660035 0.423425
vt 0.660035 0.393122
vt 0.613441 0.379777
vt 0.613441 0.423425
vt 0.626615 0.353878
vt 0.660035 0.340974
vt 0.628291 0.338190
vt 0.562236 0.334147
vt 0.552149 0.340647
vt 0.557285 0.332161
vt 0.548265 0.338791
vt 0.573324 0.327595
vt 0.579636 0.319741
vt 0.567768 0.325034
vt 0.631940 0.319741
vt 0.660035 0.319741
vt 0.543226 0.347446
vt 0.531297 0.353878
vt 0.539121 0.346768
vt 0.806008 0.570499
vt 0.792319 0.570499
vt 0.806008 0.611308
vt 0.799509 0.614577
vt 0.792319 0.615768
vt 0.918041 0.749905
vt 0.918041 0.744573
vt 0.909887 0.749905
vt 0.909887 0.744573
vt 0.909887 0.762713
vt 0.918041 0.762713
vt 0.918041 0.766861
vt 0.909887 0.766861
vt 0.909887 0.780091
vt 0.918041 0.780091
vt 0.909887 0.784270
vt 0.918041 0.784270
vt 0.909887 0.796543
vt 0.918041 0.796543
vt 0.918041 0.729696
vt 0.909887 0.729696
vt 0.909887 0.723933
vt 0.918041 0.723933
vt 0.909887 0.709621
vt 0.918041 0.709621
vt 0.816997 0.592719
vt 0.816997 0.601913
vt 0.827406 0.592719
vt 0.827406 0.601913
vt 0.827406 0.583982
vt 0.816997 0.583982
vt 0.827406 0.543191
vt 0.816997 0.543191
vt 0.827406 0.647911
vt 0.816997 0.647911
vt 0.964275 0.682090
vt 0.964275 0.727437
vt 0.970142 0.682090
vt 0.970142 0.727437
vt 0.970142 0.672485
vt 0.964275 0.672485
vt 0.970142 0.664849
vt 0.964275 0.664849
vt 0.964275 0.611160
vt 0.970142 0.611160
vt 0.564177 0.830262
vt 0.565988 0.839511
vt 0.565551 0.820420
vt 0.619629 0.820420
vt 0.619629 0.839511
vt 0.329845 0.359412
vt 0.323925 0.349185
vt 0.352616 0.349185
vt 0.351754 0.340266
vt 0.322239 0.340266
vt 0.358453 0.376283
vt 0.375838 0.359637
vt 0.377784 0.376453
vt 0.378443 0.380402
vt 0.353830 0.387446
vt 0.419259 0.387223
vt 0.419259 0.380402
vt 0.355365 0.393984
vt 0.419259 0.393984
vt 0.378201 0.364295
vt 0.380022 0.371236
vt 0.419259 0.364295
vt 0.419259 0.371151
vt 0.376391 0.355110
vt 0.419259 0.349185
vt 0.419259 0.355110
vt 0.419259 0.340266
vt 0.537411 0.373390
vt 0.547955 0.417388
vt 0.503194 0.373390
vt 0.503194 0.417388
vt 0.591522 0.373390
vt 0.601071 0.417388
vt 0.601071 0.379573
vt 0.601071 0.373390
vt 0.503194 0.364354
vt 0.537024 0.364354
vt 0.590381 0.364354
vt 0.503194 0.424969
vt 0.547955 0.424969
vt 0.601071 0.364354
vt 0.801805 0.991535
vt 0.801805 0.957776
vt 0.815819 0.973124
vt 0.815819 0.957776
vt 0.801805 0.919462
vt 0.828606 0.973124
vt 0.828606 0.991535
vt 0.660035 0.393122
vt 0.660035 0.423425
vt 0.613441 0.379777
vt 0.613441 0.423425
vt 0.626615 0.353878
vt 0.660035 0.340974
vt 0.628291 0.338190
vt 0.562236 0.334147
vt 0.552149 0.340647
vt 0.557285 0.332161
vt 0.548265 0.338791
vt 0.573324 0.327595
vt 0.579636 0.319741
vt 0.567768 0.325034
vt 0.631940 0.319741
vt 0.660035 0.319741
vt 0.543226 0.347446
vt 0.531297 0.353878
vt 0.539121 0.346768
vt 0.799509 0.614577
vt 0.792319 0.570499
vt 0.806008 0.611308
vt 0.806008 0.570499
vt 0.792319 0.615768
vt 0.909887 0.744573
vt 0.918041 0.744573
vt 0.909887 0.749905
vt 0.918041 0.749905
vt 0.909887 0.762713
vt 0.918041 0.762713
vt 0.918041 0.766861
vt 0.909887 0.766861
vt 0.909887 0.780091
vt 0.918041 0.780091
vt 0.909887 0.784270
vt 0.918041 0.784270
vt 0.909887 0.796543
vt 0.918041 0.796543
vt 0.918041 0.729696
vt 0.909887 0.729696
vt 0.909887 0.723933
vt 0.918041 0.723933
vt 0.909887 0.709621
vt 0.918041 0.709621
vt 0.827406 0.601913
vt 0.816997 0.601913
vt 0.827406 0.592719
vt 0.816997 0.592719
vt 0.827406 0.583982
vt 0.816997 0.583982
vt 0.827406 0.543191
vt 0.816997 0.543191
vt 0.827406 0.647911
vt 0.816997 0.647911
vt 0.970142 0.727437
vt 0.964275 0.727437
vt 0.970142 0.682090
vt 0.964275 0.682090
vt 0.970142 0.672485
vt 0.964275 0.672485
vt 0.970142 0.664849
vt 0.964275 0.664849
vt 0.964275 0.611160
vt 0.970142 0.611160
vt 0.619629 0.820420
vt 0.565988 0.839511
vt 0.565551 0.820420
vt 0.564177 0.830262
vt 0.619629 0.839511
vt 0.267856 0.243877
vt 0.280802 0.243391
vt 0.262679 0.224444
vt 0.274182 0.217320
vt 0.232885 0.243877
vt 0.242382 0.211837
vt 0.259541 0.203356
vt 0.273952 0.216967
vt 0.208077 0.214012
vt 0.232449 0.198185
vt 0.202035 0.202859
vt 0.195619 0.221973
vt 0.201756 0.203076
vt 0.188727 0.213645
vt 0.186175 0.209799
vt 0.182635 0.243877
vt 0.192722 0.243877
vt 0.113180 0.746768
vt 0.109948 0.797125
vt 0.134067 0.752167
vt 0.134067 0.797125
vt 0.078723 0.755080
vt 0.079272 0.696998
vt 0.080143 0.797125
vt 0.117919 0.736049
vt 0.134067 0.741642
vt 0.117193 0.711362
vt 0.044546 0.757724
vt 0.040718 0.700747
vt 0.010329 0.760665
vt 0.010265 0.724018
vt 0.037369 0.653058
vt 0.084842 0.653444
vt 0.134067 0.654618
vt 0.134067 0.713059
vt 0.041300 0.797125
vt 0.010393 0.797125
vt 0.010401 0.701885
vt 0.085660 0.610037
vt 0.134067 0.614085
vt 0.042323 0.606231
vt 0.010401 0.607901
vt 0.010401 0.655641
vt 0.134067 0.580697
vt 0.090308 0.580697
vt 0.044121 0.580697
vt 0.010401 0.580697
vt 0.090308 0.572040
vt 0.134067 0.572040
vt 0.010401 0.572040
vt 0.044121 0.572040
vt 0.845036 0.156654
vt 0.835885 0.156654
vt 0.845036 0.202420
vt 0.835885 0.202420
vt 0.845036 0.246718
vt 0.835885 0.252510
vt 0.625044 0.044541
vt 0.590441 0.044541
vt 0.630009 0.089826
vt 0.590029 0.077399
vt 0.546310 0.044541
vt 0.663531 0.044541
vt 0.671606 0.073812
vt 0.715807 0.044541
vt 0.657774 0.623932
vt 0.646320 0.642086
vt 0.683909 0.623932
vt 0.634866 0.641307
vt 0.634866 0.623932
vt 0.611982 0.655796
vt 0.611982 0.623932
vt 0.710200 0.230997
vt 0.716214 0.196547
vt 0.688447 0.241224
vt 0.688447 0.174493
vt 0.274183 0.217339
vt 0.280802 0.243411
vt 0.262679 0.224406
vt 0.267856 0.243877
vt 0.232885 0.243877
vt 0.242382 0.211837
vt 0.259541 0.203372
vt 0.273952 0.216987
vt 0.208077 0.214012
vt 0.232449 0.198185
vt 0.202035 0.202859
vt 0.195619 0.221973
vt 0.201755 0.203076
vt 0.188727 0.213645
vt 0.186175 0.209799
vt 0.182635 0.243877
vt 0.192722 0.243877
vt 0.134067 0.797125
vt 0.109948 0.797125
vt 0.134067 0.752167
vt 0.113180 0.746768
vt 0.078833 0.755098
vt 0.079272 0.696998
vt 0.080252 0.797125
vt 0.117919 0.736049
vt 0.134067 0.741679
vt 0.117193 0.711362
vt 0.044546 0.757724
vt 0.040718 0.700747
vt 0.010330 0.760682
vt 0.010265 0.724018
vt 0.037369 0.653058
vt 0.084842 0.653444
vt 0.134067 0.654618
vt 0.134067 0.713059
vt 0.041300 0.797125
vt 0.010393 0.797125
vt 0.010401 0.701885
vt 0.085660 0.610037
vt 0.134067 0.614085
vt 0.042323 0.606263
vt 0.010401 0.607901
vt 0.010401 0.655641
vt 0.134067 0.580697
vt 0.090308 0.580697
vt 0.044121 0.580697
vt 0.010401 0.580697
vt 0.090308 0.572040
vt 0.134067 0.572040
vt 0.010401 0.572040
vt 0.044121 0.572040
vt 0.630009 0.089826
vt 0.625044 0.044541
vt 0.671606 0.073812
vt 0.663531 0.044541
vt 0.590029 0.077399
vt 0.590441 0.044541
vt 0.715807 0.044541
vt 0.546310 0.044541
vt 0.845036 0.156654
vt 0.845036 0.202420
vt 0.835885 0.156654
vt 0.835885 0.202420
vt 0.845036 0.246718
vt 0.835885 0.252510
vt 0.646320 0.642086
vt 0.657774 0.623932
vt 0.683909 0.623932
vt 0.634866 0.641307
vt 0.634866 0.623932
vt 0.611982 0.655796
vt 0.611982 0.623932
vt 0.295700 0.294134
vt 0.267958 0.316082
vt 0.295700 0.360742
vt 0.273996 0.350666
vt 0.721666 0.716673
vt 0.710145 0.716673
vt 0.721666 0.810591
vt 0.710145 0.810591
vt 0.721666 0.611081
vt 0.710145 0.611081
vt 0.164654 0.372013
vt 0.128086 0.407010
vt 0.167787 0.387804
vt 0.204252 0.364126
vt 0.213169 0.344487
vt 0.209512 0.376889
vt 0.219444 0.374197
vt 0.218314 0.366773
vt 0.239755 0.339800
vt 0.221776 0.342912
vt 0.231753 0.340990
vt 0.228695 0.376061
vt 0.252798 0.339605
vt 0.690156 0.779661
vt 0.701677 0.779661
vt 0.690156 0.691505
vt 0.701677 0.691505
vt 0.701677 0.808181
vt 0.690156 0.808181
vt 0.701677 0.674854
vt 0.690156 0.674854
vt 0.701677 0.656920
vt 0.690156 0.656920
vt 0.528961 0.636776
vt 0.528961 0.618578
vt 0.517440 0.636776
vt 0.517440 0.618578
vt 0.710145 0.810591
vt 0.710145 0.716673
vt 0.721666 0.810591
vt 0.721666 0.716673
vt 0.721666 0.611081
vt 0.710145 0.611081
vt 0.128086 0.407010
vt 0.164654 0.372013
vt 0.167787 0.387804
vt 0.204191 0.364086
vt 0.213169 0.344487
vt 0.209512 0.376889
vt 0.219444 0.374197
vt 0.218314 0.366773
vt 0.239755 0.339800
vt 0.221722 0.342876
vt 0.231753 0.340990
vt 0.228715 0.376031
vt 0.252798 0.339605
vt 0.701677 0.691505
vt 0.701677 0.779661
vt 0.690156 0.691505
vt 0.690156 0.779661
vt 0.701677 0.808181
vt 0.690156 0.808181
vt 0.701677 0.674854
vt 0.690156 0.674854
vt 0.701677 0.656920
vt 0.690156 0.656920
vt 0.517440 0.618578
vt 0.528961 0.618578
vt 0.517440 0.636776
vt 0.528961 0.636776
vt 0.657644 0.549451
vt 0.654368 0.501010
vt 0.654368 0.549451
vt 0.654368 0.508295
vt 0.682028 0.811947
vt 0.678666 0.754185
vt 0.678666 0.811947
vt 0.678666 0.760670
vt 0.691341 0.617799
vt 0.691341 0.622274
vt 0.702862 0.617799
vt 0.702862 0.622274
vt 0.538106 0.617025
vt 0.538106 0.622162
vt 0.549627 0.617025
vt 0.549627 0.622162
vt 0.654368 0.508295
vt 0.657644 0.501010
vt 0.654368 0.549451
vt 0.657644 0.549451
vt 0.678666 0.760670
vt 0.682028 0.754185
vt 0.678666 0.811947
vt 0.682028 0.811947
vt 0.702862 0.622274
vt 0.691341 0.622274
vt 0.702862 0.617799
vt 0.691341 0.617799
vt 0.549627 0.622162
vt 0.538106 0.622162
vt 0.549627 0.617025
vt 0.538106 0.617025
vt 0.728999 0.311137
vt 0.765171 0.311137
vt 0.728999 0.338101
vt 0.765171 0.345416
vt 0.750417 0.279116
vt 0.757583 0.280060
vt 0.765171 0.175295
vt 0.757583 0.187654
vt 0.722630 0.302008
vt 0.742249 0.279345
vt 0.742249 0.205031
vt 0.750417 0.190651
vt 0.733470 0.278870
vt 0.687356 0.295491
vt 0.733470 0.213051
vt 0.728999 0.373086
vt 0.765171 0.373086
vt 0.665910 0.658257
vt 0.665013 0.681431
vt 0.659675 0.658856
vt 0.642958 0.668367
vt 0.628471 0.681431
vt 0.963178 0.449195
vt 0.953320 0.449195
vt 0.963178 0.420788
vt 0.953320 0.420788
vt 0.963178 0.395130
vt 0.953320 0.395130
vt 0.953320 0.385435
vt 0.963178 0.385435
vt 0.963178 0.352560
vt 0.953320 0.352560
vt 0.953320 0.241325
vt 0.963178 0.241325
vt 0.963178 0.235041
vt 0.953320 0.235041
vt 0.953320 0.226817
vt 0.963178 0.226817
vt 0.953320 0.221610
vt 0.963178 0.221610
vt 0.953320 0.205966
vt 0.963178 0.205966
vt 0.963178 0.200446
vt 0.953320 0.200446
vt 0.953320 0.194255
vt 0.963178 0.194255
vt 0.953320 0.187670
vt 0.963178 0.187670
vt 0.953320 0.173027
vt 0.963178 0.173027
vt 0.963178 0.006915
vt 0.953320 0.006915
vt 0.568241 0.243498
vt 0.548642 0.273421
vt 0.545600 0.263277
vt 0.633273 0.306315
vt 0.641737 0.306237
vt 0.634004 0.308000
vt 0.543572 0.307663
vt 0.658958 0.305818
vt 0.643124 0.307094
vt 0.659196 0.307854
vt 0.665025 0.305837
vt 0.682036 0.305963
vt 0.667181 0.307112
vt 0.823375 0.363143
vt 0.812276 0.363143
vt 0.823375 0.304228
vt 0.812276 0.304228
vt 0.823375 0.292763
vt 0.812276 0.292763
vt 0.812276 0.233000
vt 0.823375 0.233000
vt 0.817149 0.718754
vt 0.828423 0.718754
vt 0.817149 0.763118
vt 0.828423 0.763118
vt 0.828423 0.706816
vt 0.817149 0.706816
vt 0.817149 0.660612
vt 0.828423 0.660612
vt 0.819745 0.849758
vt 0.819745 0.770954
vt 0.825650 0.844833
vt 0.825650 0.770954
vt 0.588693 0.217998
vt 0.527014 0.217998
vt 0.582305 0.207699
vt 0.527014 0.207699
vt 0.435378 0.341653
vt 0.443503 0.363858
vt 0.426820 0.346826
vt 0.426820 0.376500
vt 0.426820 0.315050
vt 0.444591 0.334103
vt 0.457754 0.349082
vt 0.446868 0.370180
vt 0.426820 0.387265
vt 0.364145 0.660282
vt 0.364145 0.630217
vt 0.393689 0.660282
vt 0.393689 0.630217
vt 0.340189 0.630217
vt 0.340189 0.660282
vt 0.309291 0.630217
vt 0.309291 0.660282
vt 0.297123 0.660282
vt 0.364145 0.688063
vt 0.393689 0.688063
vt 0.340189 0.688063
vt 0.309291 0.688063
vt 0.364145 0.621564
vt 0.393689 0.621564
vt 0.340189 0.621564
vt 0.314753 0.621564
vt 0.302229 0.621564
vt 0.285139 0.660282
vt 0.393689 0.698698
vt 0.364145 0.698698
vt 0.340189 0.698698
vt 0.302474 0.698698
vt 0.523384 0.504806
vt 0.499539 0.494630
vt 0.524587 0.494630
vt 0.501505 0.517607
vt 0.480894 0.506423
vt 0.560488 0.494976
vt 0.533858 0.507196
vt 0.532212 0.482319
vt 0.587011 0.446653
vt 0.587106 0.487117
vt 0.532212 0.462081
vt 0.532212 0.436026
vt 0.618065 0.472319
vt 0.644951 0.453032
vt 0.638263 0.436026
vt 0.660096 0.436026
vt 0.486085 0.480527
vt 0.457657 0.495957
vt 0.476473 0.463833
vt 0.448064 0.472791
vt 0.469182 0.436249
vt 0.442535 0.452278
vt 0.440801 0.436249
vt 0.509258 0.459405
vt 0.502855 0.451384
vt 0.522264 0.436249
vt 0.498709 0.436249
vt 0.469732 0.431221
vt 0.440086 0.431221
vt 0.416275 0.431221
vt 0.498600 0.431221
vt 0.522264 0.431221
vt 0.364145 0.660282
vt 0.393689 0.660282
vt 0.364145 0.630217
vt 0.393689 0.630217
vt 0.340262 0.630217
vt 0.340262 0.660282
vt 0.309291 0.630217
vt 0.309291 0.660282
vt 0.297195 0.660282
vt 0.364145 0.688063
vt 0.393689 0.688063
vt 0.340262 0.688063
vt 0.309291 0.688063
vt 0.364145 0.621564
vt 0.393689 0.621564
vt 0.340262 0.621564
vt 0.314826 0.621564
vt 0.302229 0.621564
vt 0.285139 0.660282
vt 0.393689 0.698698
vt 0.364145 0.698698
vt 0.340262 0.698698
vt 0.302474 0.698698
vt 0.242990 0.525886
vt 0.266833 0.535990
vt 0.268032 0.525886
vt 0.244665 0.548941
vt 0.224058 0.537356
vt 0.560488 0.494976
vt 0.532212 0.482319
vt 0.533858 0.507196
vt 0.587011 0.446653
vt 0.587106 0.487117
vt 0.532212 0.462081
vt 0.532212 0.436026
vt 0.618065 0.472319
vt 0.644951 0.453166
vt 0.638263 0.436026
vt 0.660096 0.436026
vt 0.486085 0.480527
vt 0.476473 0.463833
vt 0.457657 0.495957
vt 0.448064 0.472791
vt 0.469182 0.436249
vt 0.442535 0.452278
vt 0.440801 0.436249
vt 0.509258 0.459405
vt 0.502855 0.451384
vt 0.522264 0.436249
vt 0.498709 0.436249
vt 0.469732 0.431221
vt 0.440086 0.431221
vt 0.416275 0.431221
vt 0.498600 0.431221
vt 0.522264 0.431221
vt 0.384873 0.589079
vt 0.401064 0.564820
vt 0.417043 0.589079
vt 0.430228 0.609324
vt 0.543416 0.589079
vt 0.543416 0.609324
vt 0.644255 0.589079
vt 0.644255 0.609324
vt 0.697225 0.589079
vt 0.697225 0.609324
vt 0.384873 0.609324
vt 0.393732 0.556041
vt 0.404742 0.556642
vt 0.357253 0.548643
vt 0.372950 0.527098
vt 0.372950 0.522636
vt 0.276415 0.548643
vt 0.276415 0.522636
vt 0.782449 0.854579
vt 0.782449 0.836907
vt 0.804249 0.854579
vt 0.804249 0.731853
vt 0.782449 0.731853
vt 0.782449 0.634023
vt 0.804249 0.634023
vt 0.804249 0.634023
vt 0.782449 0.634023
vt 0.782449 0.731853
vt 0.782449 0.836907
vt 0.837972 0.328385
vt 0.832806 0.288193
vt 0.843364 0.288193
vt 0.843364 0.270521
vt 0.832806 0.270521
vt 0.843364 0.328385
vt 0.843364 0.407459
vt 0.837972 0.407459
vt 0.843364 0.500172
vt 0.837972 0.500172
vt 0.837972 0.328385
vt 0.988168 0.496576
vt 0.988168 0.560707
vt 0.978263 0.496576
vt 0.978263 0.560707
vt 0.978263 0.384771
vt 0.988168 0.384771
vt 0.978263 0.249916
vt 0.988168 0.249916
vt 0.988168 0.189573
vt 0.978263 0.189573
vt 0.978263 0.159967
vt 0.988168 0.159967
vt 0.988168 0.100739
vt 0.978263 0.100739
vt 0.988168 0.007913
vt 0.978263 0.007913
vt 0.800387 0.010993
vt 0.800387 0.010993
vt 0.800387 0.110972
vt 0.800387 0.110972
vt 0.800387 0.118905
vt 0.800387 0.118905
vt 0.808938 0.118905
vt 0.808938 0.118905
vt 0.800387 0.160777
vt 0.808938 0.160777
vt 0.800387 0.174536
vt 0.808938 0.174536
vt 0.808938 0.185511
vt 0.800387 0.185511
vt 0.800387 0.218856
vt 0.808938 0.218856
vt 0.638829 0.698673
vt 0.663321 0.698673
vt 0.638829 0.698673
vt 0.663321 0.698673
vt 0.663321 0.792272
vt 0.638829 0.749080
vt 0.663321 0.810790
vt 0.638829 0.810790
vt 0.663321 0.792272
vt 0.638829 0.810790
vt 0.638829 0.749080
vt 0.401064 0.564820
vt 0.384873 0.589079
vt 0.417043 0.589079
vt 0.393732 0.556041
vt 0.404742 0.556642
vt 0.357253 0.548643
vt 0.372950 0.527098
vt 0.372950 0.522636
vt 0.276415 0.548643
vt 0.276415 0.522636
vt 0.430228 0.609324
vt 0.543416 0.589079
vt 0.543416 0.609324
vt 0.644255 0.589079
vt 0.644255 0.609324
vt 0.697225 0.589079
vt 0.697225 0.609324
vt 0.384873 0.609324
vt 0.782449 0.731853
vt 0.782449 0.836907
vt 0.804249 0.731853
vt 0.804249 0.854579
vt 0.782449 0.854579
vt 0.782449 0.634023
vt 0.804249 0.634023
vt 0.843364 0.288193
vt 0.832806 0.288193
vt 0.837972 0.328385
vt 0.843364 0.270521
vt 0.832806 0.270521
vt 0.843364 0.328385
vt 0.843364 0.407459
vt 0.837972 0.407459
vt 0.843364 0.500172
vt 0.837972 0.500172
vt 0.988168 0.496576
vt 0.978263 0.496576
vt 0.988168 0.560707
vt 0.978263 0.560707
vt 0.978263 0.384430
vt 0.988168 0.384430
vt 0.978263 0.249916
vt 0.988168 0.249916
vt 0.988168 0.189573
vt 0.978263 0.189573
vt 0.978263 0.159967
vt 0.988168 0.159967
vt 0.988168 0.100739
vt 0.978263 0.100739
vt 0.988168 0.007913
vt 0.978263 0.007913
vt 0.808938 0.160777
vt 0.808938 0.118905
vt 0.800387 0.160777
vt 0.800387 0.118905
vt 0.800387 0.174536
vt 0.808938 0.174536
vt 0.808938 0.185511
vt 0.800387 0.185511
vt 0.800387 0.218856
vt 0.808938 0.218856
vt 0.638829 0.698673
vt 0.638829 0.749080
vt 0.663321 0.698673
vt 0.663321 0.792272
vt 0.663321 0.810790
vt 0.638829 0.810790
vt 0.422279 0.639051
vt 0.443942 0.639051
vt 0.419709 0.674325
vt 0.431577 0.680189
vt 0.406036 0.672566
vt 0.406036 0.639051
vt 0.406036 0.696235
vt 0.440339 0.634703
vt 0.421574 0.634703
vt 0.406036 0.634703
vt 0.414971 0.334286
vt 0.378186 0.334286
vt 0.391604 0.318455
vt 0.347208 0.307789
vt 0.343046 0.334286
vt 0.343717 0.310543
vt 0.329551 0.315716
vt 0.328134 0.334286
vt 0.304934 0.334286
vt 0.384821 0.409403
vt 0.367977 0.418141
vt 0.365918 0.409403
vt 0.380921 0.437421
vt 0.409394 0.409403
vt 0.409394 0.428587
vt 0.409394 0.461657
vt 0.540801 0.819240
vt 0.554552 0.819240
vt 0.540801 0.811781
vt 0.554552 0.812264
vt 0.554552 0.804703
vt 0.540801 0.802263
vt 0.554552 0.802635
vt 0.554552 0.798641
vt 0.540801 0.797845
vt 0.554552 0.790858
vt 0.540801 0.790858
vt 0.554552 0.771308
vt 0.540801 0.771308
vt 0.554552 0.819240
vt 0.540801 0.819240
vt 0.554552 0.812264
vt 0.540801 0.811781
vt 0.554552 0.804703
vt 0.540801 0.802263
vt 0.554552 0.802635
vt 0.554552 0.798641
vt 0.540801 0.797845
vt 0.554552 0.790858
vt 0.540801 0.790858
vt 0.554552 0.771308
vt 0.540801 0.771308
vt 0.711698 0.148015
vt 0.711698 0.162058
vt 0.689041 0.148015
vt 0.689041 0.162058
vt 0.739239 0.162058
vt 0.739239 0.148015
vt 0.760953 0.148015
vt 0.760953 0.162058
vt 0.689041 0.123823
vt 0.711698 0.123823
vt 0.739239 0.123823
vt 0.711935 0.086742
vt 0.739482 0.086729
vt 0.760953 0.088218
vt 0.760953 0.123823
vt 0.689041 0.095360
vt 0.738546 0.066231
vt 0.724282 0.060938
vt 0.743908 0.061638
vt 0.760953 0.074657
vt 0.760953 0.070892
vt 0.731694 0.048764
vt 0.712875 0.071840
vt 0.706026 0.073494
vt 0.698100 0.082080
vt 0.689041 0.081488
vt 0.711698 0.148015
vt 0.689041 0.148015
vt 0.711698 0.162058
vt 0.689041 0.162058
vt 0.739239 0.148015
vt 0.739239 0.162058
vt 0.760953 0.148015
vt 0.760953 0.162058
vt 0.689041 0.123823
vt 0.711698 0.123823
vt 0.739239 0.123823
vt 0.711698 0.095360
vt 0.739482 0.086729
vt 0.760953 0.123823
vt 0.760953 0.088218
vt 0.689041 0.095360
vt 0.719463 0.078105
vt 0.712875 0.071840
vt 0.738546 0.066231
vt 0.724282 0.060938
vt 0.743908 0.061638
vt 0.760953 0.070892
vt 0.760953 0.074657
vt 0.731694 0.048764
vt 0.689041 0.081488
vt 0.452866 0.414847
vt 0.424826 0.414847
vt 0.453667 0.401417
vt 0.435613 0.391735
vt 0.435822 0.422855
vt 0.454407 0.422855
vt 0.478337 0.414847
vt 0.479815 0.422855
vt 0.424510 0.422855
vt 0.494596 0.422855
vt 0.494596 0.414847
vt 0.476960 0.404170
vt 0.494596 0.404170
vt 0.472562 0.388828
vt 0.465178 0.371917
vt 0.494596 0.366862
vt 0.494596 0.386761
vt 0.435613 0.391735
vt 0.424826 0.414847
vt 0.453667 0.401417
vt 0.452866 0.414847
vt 0.454407 0.422855
vt 0.478337 0.414847
vt 0.479815 0.422855
vt 0.424510 0.422855
vt 0.494596 0.422855
vt 0.494596 0.414847
vt 0.476930 0.404170
vt 0.494596 0.404170
vt 0.472562 0.388828
vt 0.465178 0.371917
vt 0.494596 0.386761
vt 0.494596 0.366862
vt 0.765171 0.345416
vt 0.765171 0.311137
vt 0.728999 0.338101
vt 0.728999 0.311137
vt 0.750417 0.279116
vt 0.757583 0.280060
vt 0.765171 0.175295
vt 0.757583 0.187654
vt 0.722630 0.302008
vt 0.742249 0.279345
vt 0.742249 0.205031
vt 0.750417 0.190651
vt 0.733470 0.278870
vt 0.687356 0.295491
vt 0.733470 0.213051
vt 0.728999 0.373086
vt 0.765171 0.373086
vt 0.642958 0.668367
vt 0.665013 0.681431
vt 0.659675 0.658856
vt 0.665910 0.658257
vt 0.628471 0.681431
vt 0.953320 0.420788
vt 0.953320 0.449195
vt 0.963178 0.420788
vt 0.963178 0.449195
vt 0.963178 0.395130
vt 0.953320 0.395130
vt 0.953320 0.385435
vt 0.963178 0.385435
vt 0.963178 0.352560
vt 0.953320 0.352560
vt 0.953320 0.241325
vt 0.963178 0.241325
vt 0.963178 0.235041
vt 0.953320 0.235041
vt 0.953320 0.226817
vt 0.963178 0.226817
vt 0.953320 0.221610
vt 0.963178 0.221610
vt 0.953320 0.205966
vt 0.963178 0.205966
vt 0.963178 0.200446
vt 0.953320 0.200446
vt 0.953320 0.194255
vt 0.963178 0.194255
vt 0.953320 0.187670
vt 0.963178 0.187670
vt 0.953320 0.173027
vt 0.963178 0.173027
vt 0.963178 0.006915
vt 0.953320 0.006915
vt 0.548642 0.273421
vt 0.568241 0.243498
vt 0.545600 0.263277
vt 0.633273 0.306315
vt 0.641737 0.306237
vt 0.634004 0.308000
vt 0.543572 0.307663
vt 0.658958 0.305818
vt 0.643124 0.307094
vt 0.659196 0.307854
vt 0.665025 0.305837
vt 0.682036 0.305963
vt 0.667181 0.307112
vt 0.812276 0.304228
vt 0.812276 0.363143
vt 0.823375 0.304228
vt 0.823375 0.363143
vt 0.823375 0.292763
vt 0.812276 0.292763
vt 0.812276 0.233000
vt 0.823375 0.233000
vt 0.828423 0.763118
vt 0.828423 0.718754
vt 0.817149 0.763118
vt 0.817149 0.718754
vt 0.828423 0.706816
vt 0.817149 0.706816
vt 0.817149 0.660612
vt 0.828423 0.660612
vt 0.825650 0.770954
vt 0.819745 0.770954
vt 0.825650 0.844833
vt 0.819745 0.849758
vt 0.527014 0.207699
vt 0.527014 0.217998
vt 0.582305 0.207699
vt 0.588693 0.217998
vt 0.426820 0.376500
vt 0.443503 0.363858
vt 0.426820 0.346826
vt 0.435378 0.341653
vt 0.426820 0.315050
vt 0.444591 0.334103
vt 0.457754 0.349082
vt 0.446868 0.370180
vt 0.426820 0.387265
vt 0.393689 0.630217
vt 0.364145 0.630217
vt 0.393689 0.660282
vt 0.364145 0.660282
vt 0.340189 0.630217
vt 0.340189 0.660282
vt 0.309291 0.630217
vt 0.309291 0.660282
vt 0.297123 0.660282
vt 0.364145 0.688063
vt 0.393689 0.688063
vt 0.340189 0.688063
vt 0.309291 0.688063
vt 0.364145 0.621564
vt 0.393689 0.621564
vt 0.340189 0.621564
vt 0.314753 0.621564
vt 0.302229 0.621564
vt 0.285139 0.660282
vt 0.393689 0.698698
vt 0.364145 0.698698
vt 0.340189 0.698698
vt 0.302474 0.698698
vt 0.499539 0.494630
vt 0.523384 0.504806
vt 0.524587 0.494630
vt 0.501505 0.517607
vt 0.480894 0.506423
vt 0.533858 0.507196
vt 0.560488 0.494976
vt 0.532212 0.482319
vt 0.587011 0.446653
vt 0.587106 0.487117
vt 0.532212 0.462081
vt 0.532212 0.436026
vt 0.618065 0.472319
vt 0.644951 0.453032
vt 0.638263 0.436026
vt 0.660096 0.436026
vt 0.448064 0.472791
vt 0.457657 0.495957
vt 0.476473 0.463833
vt 0.486085 0.480527
vt 0.469182 0.436249
vt 0.442535 0.452278
vt 0.440801 0.436249
vt 0.509258 0.459405
vt 0.502855 0.451384
vt 0.522264 0.436249
vt 0.498709 0.436249
vt 0.469732 0.431221
vt 0.440086 0.431221
vt 0.416275 0.431221
vt 0.498600 0.431221
vt 0.522264 0.431221
vt 0.393689 0.630217
vt 0.393689 0.660282
vt 0.364145 0.630217
vt 0.364145 0.660282
vt 0.340262 0.630217
vt 0.340262 0.660282
vt 0.309291 0.630217
vt 0.309291 0.660282
vt 0.297195 0.660282
vt 0.364145 0.688063
vt 0.393689 0.688063
vt 0.340262 0.688063
vt 0.309291 0.688063
vt 0.364145 0.621564
vt 0.393689 0.621564
vt 0.340262 0.621564
vt 0.314826 0.621564
vt 0.302229 0.621564
vt 0.285139 0.660282
vt 0.393689 0.698698
vt 0.364145 0.698698
vt 0.340262 0.698698
vt 0.302474 0.698698
vt 0.266833 0.535990
vt 0.242990 0.525886
vt 0.268032 0.525886
vt 0.244665 0.548941
vt 0.224058 0.537356
vt 0.532212 0.482319
vt 0.560488 0.494976
vt 0.533858 0.507196
vt 0.587011 0.446653
vt 0.587106 0.487117
vt 0.532212 0.462081
vt 0.532212 0.436026
vt 0.618065 0.472319
vt 0.644951 0.453166
vt 0.638263 0.436026
vt 0.660096 0.436026
vt 0.448064 0.472791
vt 0.476473 0.463833
vt 0.457657 0.495957
vt 0.486085 0.480527
vt 0.469182 0.436249
vt 0.442535 0.452278
vt 0.440801 0.436249
vt 0.509258 0.459405
vt 0.502855 0.451384
vt 0.522264 0.436249
vt 0.498709 0.436249
vt 0.469732 0.431221
vt 0.440086 0.431221
vt 0.416275 0.431221
vt 0.498600 0.431221
vt 0.522264 0.431221
vt 0.401064 0.564820
vt 0.384873 0.589079
vt 0.417043 0.589079
vt 0.430228 0.609324
vt 0.543416 0.589079
vt 0.543416 0.609324
vt 0.644255 0.589079
vt 0.644255 0.609324
vt 0.697225 0.589079
vt 0.697225 0.609324
vt 0.384873 0.609324
vt 0.393732 0.556041
vt 0.404742 0.556642
vt 0.357253 0.548643
vt 0.372950 0.527098
vt 0.372950 0.522636
vt 0.276415 0.548643
vt 0.276415 0.522636
vt 0.782449 0.731853
vt 0.782449 0.836907
vt 0.804249 0.731853
vt 0.804249 0.854579
vt 0.782449 0.854579
vt 0.782449 0.634023
vt 0.804249 0.634023
vt 0.804249 0.634023
vt 0.782449 0.634023
vt 0.782449 0.731853
vt 0.782449 0.836907
vt 0.832806 0.288193
vt 0.837972 0.328385
vt 0.843364 0.288193
vt 0.843364 0.270521
vt 0.832806 0.270521
vt 0.843364 0.328385
vt 0.843364 0.407459
vt 0.837972 0.407459
vt 0.843364 0.500172
vt 0.837972 0.500172
vt 0.837972 0.328385
vt 0.978263 0.560707
vt 0.988168 0.560707
vt 0.978263 0.496576
vt 0.988168 0.496576
vt 0.978263 0.384771
vt 0.988168 0.384771
vt 0.978263 0.249916
vt 0.988168 0.249916
vt 0.988168 0.189573
vt 0.978263 0.189573
vt 0.978263 0.159967
vt 0.988168 0.159967
vt 0.988168 0.100739
vt 0.978263 0.100739
vt 0.988168 0.007913
vt 0.978263 0.007913
vt 0.800387 0.110972
vt 0.800387 0.010993
vt 0.800387 0.110972
vt 0.800387 0.010993
vt 0.800387 0.118905
vt 0.800387 0.118905
vt 0.808938 0.118905
vt 0.808938 0.118905
vt 0.800387 0.160777
vt 0.808938 0.160777
vt 0.800387 0.174536
vt 0.808938 0.174536
vt 0.808938 0.185511
vt 0.800387 0.185511
vt 0.800387 0.218856
vt 0.808938 0.218856
vt 0.663321 0.698673
vt 0.663321 0.698673
vt 0.638829 0.698673
vt 0.638829 0.698673
vt 0.663321 0.792272
vt 0.638829 0.749080
vt 0.663321 0.810790
vt 0.638829 0.810790
vt 0.663321 0.792272
vt 0.638829 0.810790
vt 0.638829 0.749080
vt 0.384873 0.589079
vt 0.401064 0.564820
vt 0.417043 0.589079
vt 0.393732 0.556041
vt 0.404742 0.556642
vt 0.357253 0.548643
vt 0.372950 0.527098
vt 0.372950 0.522636
vt 0.276415 0.548643
vt 0.276415 0.522636
vt 0.430228 0.609324
vt 0.543416 0.589079
vt 0.543416 0.609324
vt 0.644255 0.589079
vt 0.644255 0.609324
vt 0.697225 0.589079
vt 0.697225 0.609324
vt 0.384873 0.609324
vt 0.782449 0.854579
vt 0.782449 0.836907
vt 0.804249 0.854579
vt 0.804249 0.731853
vt 0.782449 0.731853
vt 0.782449 0.634023
vt 0.804249 0.634023
vt 0.843364 0.288193
vt 0.837972 0.328385
vt 0.832806 0.288193
vt 0.843364 0.270521
vt 0.832806 0.270521
vt 0.843364 0.328385
vt 0.843364 0.407459
vt 0.837972 0.407459
vt 0.843364 0.500172
vt 0.837972 0.500172
vt 0.978263 0.560707
vt 0.978263 0.496576
vt 0.988168 0.560707
vt 0.988168 0.496576
vt 0.978263 0.384430
vt 0.988168 0.384430
vt 0.978263 0.249916
vt 0.988168 0.249916
vt 0.988168 0.189573
vt 0.978263 0.189573
vt 0.978263 0.159967
vt 0.988168 0.159967
vt 0.988168 0.100739
vt 0.978263 0.100739
vt 0.988168 0.007913
vt 0.978263 0.007913
vt 0.800387 0.118905
vt 0.808938 0.118905
vt 0.800387 0.160777
vt 0.808938 0.160777
vt 0.800387 0.174536
vt 0.808938 0.174536
vt 0.808938 0.185511
vt 0.800387 0.185511
vt 0.800387 0.218856
vt 0.808938 0.218856
vt 0.663321 0.792272
vt 0.638829 0.749080
vt 0.663321 0.698673
vt 0.638829 0.698673
vt 0.663321 0.810790
vt 0.638829 0.810790
vt 0.431577 0.680189
vt 0.443942 0.639051
vt 0.419709 0.674325
vt 0.422279 0.639051
vt 0.406036 0.672566
vt 0.406036 0.639051
vt 0.406036 0.696235
vt 0.440339 0.634703
vt 0.421574 0.634703
vt 0.406036 0.634703
vt 0.378186 0.334286
vt 0.414971 0.334286
vt 0.391604 0.318455
vt 0.347208 0.307789
vt 0.343046 0.334286
vt 0.343717 0.310543
vt 0.329551 0.315716
vt 0.328134 0.334286
vt 0.304934 0.334286
vt 0.367977 0.418141
vt 0.384821 0.409403
vt 0.365918 0.409403
vt 0.380921 0.437421
vt 0.409394 0.409403
vt 0.409394 0.428587
vt 0.409394 0.461657
vt 0.554552 0.812264
vt 0.554552 0.819240
vt 0.540801 0.811781
vt 0.540801 0.819240
vt 0.554552 0.804703
vt 0.540801 0.802263
vt 0.554552 0.802635
vt 0.554552 0.798641
vt 0.540801 0.797845
vt 0.554552 0.790858
vt 0.540801 0.790858
vt 0.554552 0.771308
vt 0.540801 0.771308
vt 0.540801 0.811781
vt 0.540801 0.819240
vt 0.554552 0.812264
vt 0.554552 0.819240
vt 0.554552 0.804703
vt 0.540801 0.802263
vt 0.554552 0.802635
vt 0.554552 0.798641
vt 0.540801 0.797845
vt 0.554552 0.790858
vt 0.540801 0.790858
vt 0.554552 0.771308
vt 0.540801 0.771308
vt 0.689041 0.162058
vt 0.711698 0.162058
vt 0.689041 0.148015
vt 0.711698 0.148015
vt 0.739239 0.162058
vt 0.739239 0.148015
vt 0.760953 0.148015
vt 0.760953 0.162058
vt 0.689041 0.123823
vt 0.711698 0.123823
vt 0.739239 0.123823
vt 0.711935 0.086742
vt 0.739482 0.086729
vt 0.760953 0.088218
vt 0.760953 0.123823
vt 0.689041 0.095360
vt 0.738546 0.066231
vt 0.724282 0.060938
vt 0.743908 0.061638
vt 0.760953 0.074657
vt 0.760953 0.070892
vt 0.731694 0.048764
vt 0.712875 0.071840
vt 0.706026 0.073494
vt 0.698100 0.082080
vt 0.689041 0.081488
vt 0.689041 0.162058
vt 0.689041 0.148015
vt 0.711698 0.162058
vt 0.711698 0.148015
vt 0.739239 0.148015
vt 0.739239 0.162058
vt 0.760953 0.148015
vt 0.760953 0.162058
vt 0.689041 0.123823
vt 0.711698 0.123823
vt 0.739239 0.123823
vt 0.711698 0.095360
vt 0.739482 0.086729
vt 0.760953 0.123823
vt 0.760953 0.088218
vt 0.689041 0.095360
vt 0.719463 0.078105
vt 0.712875 0.071840
vt 0.738546 0.066231
vt 0.724282 0.060938
vt 0.743908 0.061638
vt 0.760953 0.070892
vt 0.760953 0.074657
vt 0.731694 0.048764
vt 0.689041 0.081488
vt 0.435613 0.391735
vt 0.424826 0.414847
vt 0.453667 0.401417
vt 0.452866 0.414847
vt 0.435822 0.422855
vt 0.424510 0.422855
vt 0.454407 0.422855
vt 0.478337 0.414847
vt 0.479815 0.422855
vt 0.494596 0.422855
vt 0.494596 0.414847
vt 0.476960 0.404170
vt 0.494596 0.404170
vt 0.472562 0.388828
vt 0.465178 0.371917
vt 0.494596 0.366862
vt 0.494596 0.386761
vt 0.452866 0.414847
vt 0.424826 0.414847
vt 0.453667 0.401417
vt 0.435613 0.391735
vt 0.454407 0.422855
vt 0.478337 0.414847
vt 0.479815 0.422855
vt 0.424510 0.422855
vt 0.494596 0.422855
vt 0.494596 0.414847
vt 0.476930 0.404170
vt 0.494596 0.404170
vt 0.472562 0.388828
vt 0.465178 0.371917
vt 0.494596 0.386761
vt 0.494596 0.366862
vt 0.512608 0.835111
vt 0.512608 0.777766
vt 0.523196 0.835111
vt 0.523196 0.777766
vt 0.042145 0.276074
vt 0.073826 0.294796
vt 0.041462 0.279664
vt 0.041512 0.303815
vt 0.030880 0.277082
vt 0.030880 0.299120
vt 0.030880 0.326242
vt 0.005450 0.326242
vt 0.005450 0.299120
vt 0.041512 0.330398
vt 0.030705 0.374615
vt 0.041512 0.376635
vt 0.080050 0.332274
vt 0.080311 0.378967
vt 0.072780 0.417702
vt 0.041512 0.412022
vt 0.041294 0.438134
vt 0.065140 0.437269
vt 0.030705 0.411382
vt 0.015033 0.333800
vt 0.015033 0.372000
vt 0.030198 0.436745
vt 0.005450 0.437636
vt 0.005450 0.410605
vt 0.005450 0.372369
vt 0.062357 0.444813
vt 0.051203 0.464515
vt 0.034362 0.442027
vt 0.034696 0.456807
vt 0.037806 0.481405
vt 0.005450 0.333659
vt 0.109646 0.528635
vt 0.075885 0.518258
vt 0.108168 0.487729
vt 0.089809 0.488131
vt 0.103677 0.466112
vt 0.082822 0.477668
vt 0.081189 0.466112
vt 0.073810 0.472443
vt 0.069885 0.473630
vt 0.076754 0.484633
vt 0.133663 0.513625
vt 0.133663 0.482628
vt 0.132898 0.466069
vt 0.133663 0.549182
vt 0.107808 0.553247
vt 0.057233 0.505783
vt 0.066378 0.544626
vt 0.040099 0.529066
vt 0.045415 0.500319
vt 0.023996 0.515331
vt 0.030753 0.548126
vt 0.057911 0.558811
vt 0.073343 0.554295
vt 0.011032 0.525772
vt 0.945740 0.731002
vt 0.930143 0.727332
vt 0.957791 0.727332
vt 0.957791 0.709304
vt 0.930143 0.709304
vt 0.930143 0.731002
vt 0.957791 0.689386
vt 0.930143 0.699843
vt 0.930143 0.689386
vt 0.957791 0.657511
vt 0.930143 0.674748
vt 0.930143 0.657511
vt 0.957791 0.626326
vt 0.930143 0.626326
vt 0.930143 0.612895
vt 0.957791 0.612895
vt 0.957791 0.764793
vt 0.940915 0.759380
vt 0.425939 0.189665
vt 0.425939 0.220556
vt 0.399914 0.189812
vt 0.399914 0.221629
vt 0.425939 0.267071
vt 0.399914 0.268715
vt 0.435863 0.305297
vt 0.412792 0.304954
vt 0.466527 0.305297
vt 0.466527 0.267071
vt 0.399914 0.173260
vt 0.382914 0.268715
vt 0.382914 0.305297
vt 0.434651 0.189665
vt 0.434651 0.173260
vt 0.450498 0.213726
vt 0.450499 0.241830
vt 0.436128 0.201919
vt 0.436128 0.241830
vt 0.474323 0.213726
vt 0.474323 0.201919
vt 0.500940 0.213726
vt 0.500940 0.201919
vt 0.507230 0.201919
vt 0.507230 0.213726
vt 0.522102 0.213726
vt 0.522102 0.201919
vt 0.597072 0.627733
vt 0.588112 0.636658
vt 0.565660 0.627733
vt 0.605572 0.866979
vt 0.594135 0.866979
vt 0.605572 0.847780
vt 0.594135 0.847780
vt 0.569856 0.866979
vt 0.569856 0.847780
vt 0.626082 0.244071
vt 0.626082 0.255998
vt 0.607406 0.237669
vt 0.626082 0.228268
vt 0.646188 0.224206
vt 0.646188 0.248649
vt 0.626082 0.219948
vt 0.646188 0.208353
vt 0.659660 0.204649
vt 0.678613 0.223926
vt 0.678613 0.203199
vt 0.678613 0.252850
vt 0.678613 0.274539
vt 0.646188 0.268294
vt 0.106448 0.429323
vt 0.106552 0.439177
vt 0.093089 0.429323
vt 0.093193 0.439177
vt 0.588714 0.515621
vt 0.588714 0.543147
vt 0.559327 0.515621
vt 0.559327 0.526860
vt 0.542466 0.515621
vt 0.588714 0.505402
vt 0.559327 0.505402
vt 0.539385 0.510512
vt 0.035866 0.249576
vt 0.026570 0.223828
vt 0.036428 0.228283
vt 0.028534 0.220555
vt 0.054453 0.252798
vt 0.042145 0.276074
vt 0.073657 0.281033
vt 0.072674 0.297561
vt 0.005450 0.277082
vt 0.766184 0.032407
vt 0.759159 0.032407
vt 0.766184 0.017652
vt 0.759159 0.017652
vt 0.573783 0.651712
vt 0.567768 0.648429
vt 0.574594 0.648429
vt 0.602060 0.648429
vt 0.602060 0.656106
vt 0.577462 0.655580
vt 0.602060 0.672694
vt 0.582985 0.667721
vt 0.595726 0.674214
vt 0.361154 0.243437
vt 0.364677 0.226351
vt 0.376488 0.231816
vt 0.341867 0.222873
vt 0.337891 0.252327
vt 0.332660 0.223245
vt 0.357729 0.275082
vt 0.361481 0.271775
vt 0.373754 0.258235
vt 0.379629 0.249551
vt 0.385698 0.238799
vt 0.343421 0.280040
vt 0.363219 0.297845
vt 0.348542 0.302736
vt 0.290811 0.223703
vt 0.290811 0.280774
vt 0.094853 0.305958
vt 0.112284 0.305202
vt 0.111630 0.340043
vt 0.094853 0.283974
vt 0.112162 0.283287
vt 0.131032 0.305958
vt 0.130678 0.341601
vt 0.131032 0.283974
vt 0.131032 0.271059
vt 0.112918 0.271437
vt 0.094853 0.271059
vt 0.131010 0.265442
vt 0.094842 0.259824
vt 0.108548 0.259824
vt 0.130988 0.259824
vt 0.094853 0.340160
vt 0.021684 0.225654
vt 0.022473 0.252326
vt 0.006971 0.220418
vt 0.007767 0.247812
vt 0.007283 0.263013
vt 0.015025 0.211401
vt 0.072674 0.297561
vt 0.074787 0.246842
vt 0.066609 0.244476
vt 0.074787 0.225212
vt 0.066609 0.225212
vt 0.066609 0.255967
vt 0.074787 0.255967
vt 0.281366 0.140519
vt 0.303619 0.142513
vt 0.281366 0.157816
vt 0.303619 0.157816
vt 0.324426 0.157816
vt 0.138444 0.860327
vt 0.129151 0.860327
vt 0.138444 0.837347
vt 0.129151 0.837347
vt 0.138444 0.811382
vt 0.129151 0.811382
vt 0.034696 0.456807
vt 0.037929 0.481538
vt 0.024706 0.487645
vt 0.025505 0.490557
vt 0.106414 0.354661
vt 0.106414 0.373130
vt 0.093054 0.354661
vt 0.093054 0.373130
vt 0.131896 0.362256
vt 0.131896 0.373130
vt 0.131896 0.354661
vt 0.106414 0.399285
vt 0.093081 0.399285
vt 0.093089 0.422448
vt 0.106448 0.422448
vt 0.523196 0.777766
vt 0.512608 0.777766
vt 0.523196 0.835111
vt 0.512608 0.835111
vt 0.041512 0.303815
vt 0.073826 0.294796
vt 0.041462 0.279664
vt 0.042145 0.276074
vt 0.030880 0.277082
vt 0.030880 0.299120
vt 0.030880 0.326242
vt 0.005450 0.326242
vt 0.005450 0.299120
vt 0.041512 0.330398
vt 0.030705 0.374615
vt 0.041512 0.376635
vt 0.080050 0.332274
vt 0.080311 0.378967
vt 0.072780 0.417702
vt 0.041512 0.412022
vt 0.041294 0.438134
vt 0.065140 0.437269
vt 0.030705 0.411382
vt 0.015033 0.333800
vt 0.015033 0.372000
vt 0.030198 0.436745
vt 0.005450 0.437636
vt 0.005450 0.410605
vt 0.005450 0.372369
vt 0.062357 0.444813
vt 0.051203 0.464515
vt 0.034362 0.442027
vt 0.034696 0.456807
vt 0.037806 0.481405
vt 0.005450 0.333659
vt 0.089809 0.488131
vt 0.075885 0.518258
vt 0.108168 0.487729
vt 0.109646 0.528635
vt 0.103677 0.466112
vt 0.082822 0.477668
vt 0.081189 0.466112
vt 0.073810 0.472443
vt 0.069885 0.473630
vt 0.076754 0.484633
vt 0.133663 0.513625
vt 0.133663 0.482628
vt 0.132898 0.466069
vt 0.133663 0.549182
vt 0.107808 0.553247
vt 0.057233 0.505783
vt 0.066378 0.544626
vt 0.040099 0.529066
vt 0.045415 0.500319
vt 0.023996 0.515331
vt 0.030753 0.548126
vt 0.057911 0.558811
vt 0.073343 0.554295
vt 0.011032 0.525772
vt 0.930143 0.727332
vt 0.945740 0.731002
vt 0.957791 0.727332
vt 0.957791 0.709304
vt 0.930143 0.709304
vt 0.930143 0.731002
vt 0.957791 0.689386
vt 0.930143 0.699843
vt 0.930143 0.689386
vt 0.957791 0.657511
vt 0.930143 0.674748
vt 0.930143 0.657511
vt 0.957791 0.626326
vt 0.930143 0.626326
vt 0.930143 0.612895
vt 0.957791 0.612895
vt 0.957791 0.764793
vt 0.940915 0.759380
vt 0.399914 0.221629
vt 0.425939 0.220556
vt 0.399914 0.189812
vt 0.425939 0.189665
vt 0.425939 0.267071
vt 0.399914 0.268715
vt 0.435863 0.305297
vt 0.412792 0.304954
vt 0.466527 0.305297
vt 0.466527 0.267071
vt 0.399914 0.173260
vt 0.382914 0.268715
vt 0.382914 0.305297
vt 0.434651 0.189665
vt 0.434651 0.173260
vt 0.436128 0.241830
vt 0.450499 0.241830
vt 0.436128 0.201919
vt 0.450498 0.213726
vt 0.474323 0.213726
vt 0.474323 0.201919
vt 0.500940 0.213726
vt 0.500940 0.201919
vt 0.507230 0.201919
vt 0.507230 0.213726
vt 0.522102 0.213726
vt 0.522102 0.201919
vt 0.588112 0.636658
vt 0.597072 0.627733
vt 0.565660 0.627733
vt 0.594135 0.847780
vt 0.594135 0.866979
vt 0.605572 0.847780
vt 0.605572 0.866979
vt 0.569856 0.866979
vt 0.569856 0.847780
vt 0.626082 0.255998
vt 0.626082 0.244071
vt 0.607406 0.237669
vt 0.626082 0.228268
vt 0.646188 0.224206
vt 0.646188 0.248649
vt 0.626082 0.219948
vt 0.646188 0.208353
vt 0.659660 0.204649
vt 0.678613 0.223926
vt 0.678613 0.203199
vt 0.678613 0.252850
vt 0.678613 0.274539
vt 0.646188 0.268294
vt 0.093193 0.439177
vt 0.106552 0.439177
vt 0.093089 0.429323
vt 0.106448 0.429323
vt 0.559327 0.526860
vt 0.588714 0.543147
vt 0.559327 0.515621
vt 0.588714 0.515621
vt 0.542466 0.515621
vt 0.588714 0.505402
vt 0.559327 0.505402
vt 0.539385 0.510512
vt 0.028534 0.220555
vt 0.026570 0.223828
vt 0.036428 0.228283
vt 0.035866 0.249576
vt 0.054453 0.252798
vt 0.042145 0.276074
vt 0.073657 0.281033
vt 0.072674 0.297561
vt 0.005450 0.277082
vt 0.759159 0.017652
vt 0.759159 0.032407
vt 0.766184 0.017652
vt 0.766184 0.032407
vt 0.567768 0.648429
vt 0.573783 0.651712
vt 0.574594 0.648429
vt 0.602060 0.648429
vt 0.602060 0.656106
vt 0.577462 0.655580
vt 0.602060 0.672694
vt 0.582985 0.667721
vt 0.595726 0.674214
vt 0.364677 0.226351
vt 0.361154 0.243437
vt 0.376488 0.231816
vt 0.341867 0.222873
vt 0.337891 0.252327
vt 0.332660 0.223245
vt 0.357729 0.275082
vt 0.361481 0.271775
vt 0.373754 0.258235
vt 0.379629 0.249551
vt 0.385698 0.238799
vt 0.343421 0.280040
vt 0.363219 0.297845
vt 0.348542 0.302736
vt 0.290811 0.223703
vt 0.290811 0.280774
vt 0.112284 0.305202
vt 0.094853 0.305958
vt 0.111630 0.340043
vt 0.094853 0.283974
vt 0.112162 0.283287
vt 0.131032 0.305958
vt 0.130678 0.341601
vt 0.131032 0.283974
vt 0.131032 0.271059
vt 0.112918 0.271437
vt 0.094853 0.271059
vt 0.131010 0.265442
vt 0.094842 0.259824
vt 0.108548 0.259824
vt 0.130988 0.259824
vt 0.094853 0.340160
vt 0.007767 0.247812
vt 0.022473 0.252326
vt 0.006971 0.220418
vt 0.021684 0.225654
vt 0.007283 0.263013
vt 0.015025 0.211401
vt 0.072674 0.297561
vt 0.066609 0.225212
vt 0.066609 0.244476
vt 0.074787 0.225212
vt 0.074787 0.246842
vt 0.066609 0.255967
vt 0.074787 0.255967
vt 0.303619 0.157816
vt 0.303619 0.142513
vt 0.281366 0.157816
vt 0.281366 0.140519
vt 0.324426 0.157816
vt 0.129151 0.837347
vt 0.129151 0.860327
vt 0.138444 0.837347
vt 0.138444 0.860327
vt 0.138444 0.811382
vt 0.129151 0.811382
vt 0.025505 0.490557
vt 0.037929 0.481538
vt 0.024706 0.487645
vt 0.034696 0.456807
vt 0.093054 0.373130
vt 0.106414 0.373130
vt 0.093054 0.354661
vt 0.106414 0.354661
vt 0.131896 0.362256
vt 0.131896 0.373130
vt 0.131896 0.354661
vt 0.106414 0.399285
vt 0.093081 0.399285
vt 0.093089 0.422448
vt 0.106448 0.422448
vt 0.184363 0.655298
vt 0.151219 0.644573
vt 0.191766 0.637422
vt 0.150181 0.630661
vt 0.152979 0.612018
vt 0.200683 0.607901
vt 0.252234 0.637823
vt 0.228081 0.663575
vt 0.211284 0.676329
vt 0.144327 0.613989
vt 0.144327 0.630829
vt 0.144327 0.644932
vt 0.181611 0.695232
vt 0.166616 0.682629
vt 0.159229 0.705835
vt 0.154573 0.695953
vt 0.152779 0.688684
vt 0.152797 0.677300
vt 0.144327 0.687858
vt 0.144327 0.698565
vt 0.144327 0.711885
vt 0.144327 0.679190
vt 0.144327 0.669345
vt 0.153354 0.667356
vt 0.144327 0.728065
vt 0.160639 0.725595
vt 0.166113 0.760934
vt 0.181946 0.718350
vt 0.144327 0.761045
vt 0.167398 0.795570
vt 0.144327 0.795768
vt 0.190175 0.793421
vt 0.188892 0.732923
vt 0.205697 0.739448
vt 0.210084 0.788977
vt 0.238471 0.742624
vt 0.241091 0.779557
vt 0.268453 0.743816
vt 0.268661 0.769743
vt 0.278093 0.744851
vt 0.294112 0.754505
vt 0.297051 0.725616
vt 0.269282 0.727463
vt 0.273284 0.710117
vt 0.251349 0.707666
vt 0.258780 0.686353
vt 0.236046 0.699707
vt 0.291746 0.685844
vt 0.263177 0.729438
vt 0.194056 0.708609
vt 0.279350 0.663574
vt 0.187728 0.714422
vt 0.229257 0.600412
vt 0.217159 0.577792
vt 0.252946 0.579222
vt 0.258789 0.611167
vt 0.298619 0.598951
vt 0.300953 0.579825
vt 0.352182 0.590799
vt 0.349455 0.578889
vt 0.245880 0.618438
vt 0.178435 0.571636
vt 0.302957 0.561403
vt 0.349677 0.561403
vt 0.144327 0.567280
vt 0.181341 0.561403
vt 0.215812 0.561403
vt 0.144327 0.561403
vt 0.249613 0.561403
vt 0.151219 0.644573
vt 0.184363 0.655298
vt 0.150181 0.630661
vt 0.191766 0.637422
vt 0.152979 0.612018
vt 0.200683 0.607901
vt 0.252234 0.637823
vt 0.228081 0.663575
vt 0.211284 0.676329
vt 0.144327 0.613989
vt 0.144327 0.630829
vt 0.144327 0.644932
vt 0.181611 0.695232
vt 0.166616 0.682629
vt 0.159229 0.705835
vt 0.154573 0.695953
vt 0.152779 0.688684
vt 0.152797 0.677300
vt 0.144327 0.687858
vt 0.144327 0.698565
vt 0.144327 0.711885
vt 0.144327 0.679190
vt 0.144327 0.669345
vt 0.153354 0.667356
vt 0.144327 0.728065
vt 0.160639 0.725595
vt 0.166113 0.760934
vt 0.181946 0.718350
vt 0.144327 0.761045
vt 0.167398 0.795570
vt 0.144327 0.795768
vt 0.190175 0.793421
vt 0.188892 0.732923
vt 0.205697 0.739448
vt 0.210084 0.788977
vt 0.238471 0.742624
vt 0.241091 0.779557
vt 0.268453 0.743816
vt 0.268661 0.769743
vt 0.278093 0.744851
vt 0.294112 0.754505
vt 0.297051 0.725616
vt 0.269282 0.727463
vt 0.273284 0.710117
vt 0.251349 0.707666
vt 0.258780 0.686353
vt 0.236046 0.699707
vt 0.291746 0.685844
vt 0.263177 0.729438
vt 0.194056 0.708609
vt 0.279350 0.663574
vt 0.187728 0.714422
vt 0.229257 0.600412
vt 0.217159 0.577792
vt 0.252946 0.579222
vt 0.258789 0.611167
vt 0.298619 0.598951
vt 0.300953 0.579825
vt 0.352182 0.590799
vt 0.349455 0.578889
vt 0.245880 0.618438
vt 0.178435 0.571636
vt 0.302957 0.561403
vt 0.349677 0.561403
vt 0.144327 0.567280
vt 0.181341 0.561403
vt 0.215812 0.561403
vt 0.144327 0.561403
vt 0.249613 0.561403
vt 0.759250 0.810934
vt 0.735686 0.810934
vt 0.759250 0.790873
vt 0.735686 0.790873
vt 0.759250 0.772064
vt 0.735686 0.772064
vt 0.735686 0.630835
vt 0.759250 0.630835
vt 0.735850 0.828778
vt 0.760244 0.828156
vt 0.813164 0.530832
vt 0.813164 0.376511
vt 0.823434 0.516605
vt 0.823434 0.376511
vt 0.789708 0.008900
vt 0.789708 0.128066
vt 0.777463 0.024105
vt 0.777463 0.128066
vt 0.856762 0.304030
vt 0.856762 0.506161
vt 0.856762 0.304030
vt 0.856762 0.506161
vt 0.856762 0.531034
vt 0.856762 0.531034
vt 0.856762 0.549642
vt 0.856762 0.549642
vt 0.872164 0.548680
vt 0.869691 0.565633
vt 0.856762 0.549642
vt 0.865698 0.567213
vt 0.856762 0.567196
vt 0.857038 0.609078
vt 0.857038 0.623707
vt 0.857038 0.609078
vt 0.857038 0.623707
vt 0.857038 0.639595
vt 0.857038 0.639595
vt 0.857038 0.743664
vt 0.857038 0.743664
vt 0.857038 0.752823
vt 0.857038 0.752823
vt 0.857038 0.763810
vt 0.857038 0.763810
vt 0.857038 0.773270
vt 0.857038 0.773270
vt 0.857038 0.787557
vt 0.857038 0.787557
vt 0.857038 0.793662
vt 0.857038 0.793662
vt 0.857038 0.806228
vt 0.857038 0.806228
vt 0.857038 0.813263
vt 0.857038 0.813263
vt 0.857038 0.829209
vt 0.857038 0.829209
vt 0.857038 0.852765
vt 0.857038 0.852765
vt 0.837655 0.628549
vt 0.837655 0.511178
vt 0.844706 0.628549
vt 0.844706 0.511178
vt 0.844706 0.634238
vt 0.837655 0.634238
vt 0.844706 0.740592
vt 0.837655 0.740592
vt 0.941416 0.511600
vt 0.941416 0.599838
vt 0.934585 0.511600
vt 0.934585 0.599838
vt 0.934585 0.502803
vt 0.941416 0.502803
vt 0.934585 0.423250
vt 0.941416 0.423250
vt 0.632634 0.577425
vt 0.464255 0.577425
vt 0.617422 0.570499
vt 0.473020 0.570499
vt 0.471084 0.561280
vt 0.455246 0.558748
vt 0.469525 0.556008
vt 0.467095 0.546740
vt 0.443253 0.513511
vt 0.429648 0.542535
vt 0.428628 0.517169
vt 0.404874 0.518308
vt 0.405238 0.536124
vt 0.566424 0.546740
vt 0.457078 0.505643
vt 0.586170 0.556008
vt 0.599190 0.561280
vt 0.857059 0.585797
vt 0.857038 0.585799
vt 0.759250 0.810934
vt 0.759250 0.790873
vt 0.735686 0.810934
vt 0.735686 0.790873
vt 0.759250 0.772064
vt 0.735686 0.772064
vt 0.735686 0.630835
vt 0.759250 0.630835
vt 0.736335 0.828781
vt 0.759675 0.828157
vt 0.823434 0.376511
vt 0.813164 0.376511
vt 0.823434 0.516605
vt 0.813164 0.530832
vt 0.777463 0.128066
vt 0.789708 0.128066
vt 0.777463 0.024105
vt 0.789708 0.008900
vt 0.837655 0.628549
vt 0.844706 0.628549
vt 0.837655 0.511178
vt 0.844706 0.511178
vt 0.844706 0.634238
vt 0.837655 0.634238
vt 0.844706 0.740592
vt 0.837655 0.740592
vt 0.934585 0.599838
vt 0.941416 0.599838
vt 0.934585 0.511600
vt 0.941416 0.511600
vt 0.934585 0.502803
vt 0.941416 0.502803
vt 0.934585 0.423250
vt 0.941416 0.423250
vt 0.632634 0.577425
vt 0.617422 0.570499
vt 0.464255 0.577425
vt 0.473020 0.570499
vt 0.471084 0.561280
vt 0.455246 0.558748
vt 0.469525 0.556008
vt 0.467095 0.546740
vt 0.443253 0.513511
vt 0.566328 0.546740
vt 0.457078 0.505643
vt 0.586170 0.556008
vt 0.599190 0.561280
vt 0.429648 0.542535
vt 0.428628 0.517169
vt 0.404876 0.518355
vt 0.405235 0.536287
vt 0.216199 0.115318
vt 0.216199 0.115318
vt 0.240972 0.114445
vt 0.240972 0.114445
vt 0.216199 0.115318
vt 0.245570 0.119238
vt 0.216199 0.115318
vt 0.240972 0.114445
vt 0.245570 0.119238
vt 0.240972 0.114445
vt 0.250542 0.114228
vt 0.245570 0.119238
vt 0.240972 0.114445
vt 0.245570 0.119238
vt 0.250542 0.114228
vt 0.732548 0.986432
vt 0.732548 0.967099
vt 0.752065 0.986432
vt 0.752065 0.967099
vt 0.732548 0.851526
vt 0.752065 0.851526
vt 0.779261 0.263389
vt 0.779261 0.155445
vt 0.787979 0.263389
vt 0.787979 0.138708
vt 0.456328 0.700311
vt 0.486320 0.694004
vt 0.623002 0.700311
vt 0.609563 0.694004
vt 0.486320 0.685250
vt 0.456328 0.666527
vt 0.482061 0.679553
vt 0.577502 0.679553
vt 0.588975 0.685250
vt 0.482061 0.671531
vt 0.456328 0.646230
vt 0.473611 0.646230
vt 0.497254 0.646230
vt 0.559823 0.671531
vt 0.795855 0.325807
vt 0.795855 0.243317
vt 0.804595 0.325807
vt 0.804595 0.230151
vt 0.939708 0.199240
vt 0.939708 0.199240
vt 0.939708 0.028661
vt 0.939708 0.028661
vt 0.939708 0.007223
vt 0.939708 0.007223
vt 0.939708 0.227644
vt 0.939708 0.227644
vt 0.939708 0.241658
vt 0.939708 0.241658
vt 0.939708 0.249549
vt 0.939708 0.249549
vt 0.939708 0.262707
vt 0.939708 0.262707
vt 0.939708 0.267190
vt 0.939708 0.267190
vt 0.939708 0.278848
vt 0.939708 0.278848
vt 0.939708 0.282726
vt 0.939708 0.282726
vt 0.939708 0.294019
vt 0.939708 0.294019
vt 0.939708 0.299933
vt 0.939708 0.299933
vt 0.939708 0.364797
vt 0.939708 0.364797
vt 0.939708 0.388901
vt 0.939708 0.388901
vt 0.939708 0.411416
vt 0.939708 0.411416
vt 0.899469 0.166829
vt 0.899469 0.260635
vt 0.893198 0.166829
vt 0.893198 0.260635
vt 0.899469 0.156768
vt 0.893198 0.156768
vt 0.893198 0.076456
vt 0.899469 0.076456
vt 0.961812 0.532778
vt 0.961812 0.598399
vt 0.955749 0.532778
vt 0.955749 0.598399
vt 0.961812 0.521918
vt 0.955749 0.521918
vt 0.955749 0.464983
vt 0.961812 0.464983
vt 0.735904 0.986432
vt 0.752065 0.986432
vt 0.735904 0.967099
vt 0.752065 0.967099
vt 0.732548 0.851526
vt 0.752065 0.851526
vt 0.729192 0.967099
vt 0.729192 0.986432
vt 0.779261 0.263389
vt 0.787979 0.263389
vt 0.779261 0.155445
vt 0.787979 0.138708
vt 0.456328 0.700311
vt 0.623002 0.700311
vt 0.486320 0.694004
vt 0.609563 0.694004
vt 0.486320 0.685250
vt 0.456328 0.666527
vt 0.482061 0.679553
vt 0.577502 0.679553
vt 0.588975 0.685250
vt 0.482061 0.671531
vt 0.456328 0.646230
vt 0.473611 0.646230
vt 0.497254 0.646230
vt 0.559823 0.671531
vt 0.795855 0.325807
vt 0.804595 0.325807
vt 0.795855 0.243317
vt 0.804595 0.230151
vt 0.899469 0.166829
vt 0.893198 0.166829
vt 0.899469 0.260635
vt 0.893198 0.260635
vt 0.899469 0.156768
vt 0.893198 0.156768
vt 0.893198 0.076456
vt 0.899469 0.076456
vt 0.961812 0.532778
vt 0.955749 0.532778
vt 0.961812 0.598399
vt 0.955749 0.598399
vt 0.961812 0.521918
vt 0.955749 0.521918
vt 0.955749 0.464983
vt 0.961812 0.464983
vt 0.790689 0.538468
vt 0.790689 0.543866
vt 0.773627 0.530136
vt 0.803514 0.538960
vt 0.803514 0.544679
vt 0.803514 0.443047
vt 0.790689 0.441475
vt 0.773627 0.437406
vt 0.750113 0.404324
vt 0.766203 0.437406
vt 0.757968 0.423213
vt 0.766203 0.532143
vt 0.757968 0.602454
vt 0.777037 0.552876
vt 0.765179 0.612262
vt 0.784538 0.557063
vt 0.771591 0.616285
vt 0.750735 0.423213
vt 0.745114 0.423213
vt 0.735713 0.438214
vt 0.728421 0.438214
vt 0.709418 0.443276
vt 0.728421 0.531626
vt 0.709418 0.540018
vt 0.735713 0.532884
vt 0.745114 0.602754
vt 0.699905 0.445149
vt 0.699905 0.540629
vt 0.709418 0.545345
vt 0.699905 0.546307
vt 0.727130 0.554400
vt 0.738177 0.610862
vt 0.719321 0.559094
vt 0.731168 0.615336
vt 0.337427 0.423283
vt 0.326396 0.424801
vt 0.322611 0.405709
vt 0.311922 0.442780
vt 0.288024 0.441816
vt 0.347625 0.405709
vt 0.347625 0.430089
vt 0.336721 0.388324
vt 0.325650 0.387267
vt 0.287043 0.371606
vt 0.311163 0.368454
vt 0.347625 0.381253
vt 0.882720 0.521502
vt 0.882720 0.414090
vt 0.889162 0.521502
vt 0.889162 0.414090
vt 0.876100 0.521502
vt 0.882720 0.542198
vt 0.876100 0.542198
vt 0.876100 0.407208
vt 0.895171 0.407208
vt 0.895171 0.521502
vt 0.889162 0.542198
vt 0.895171 0.542198
vt 0.895171 0.550845
vt 0.889162 0.550845
vt 0.882720 0.550845
vt 0.876100 0.550845
vt 0.888517 0.807102
vt 0.888517 0.658834
vt 0.892648 0.798992
vt 0.892558 0.658834
vt 0.895372 0.802621
vt 0.888517 0.824448
vt 0.898097 0.806251
vt 0.888517 0.828790
vt 0.884076 0.799128
vt 0.884076 0.658834
vt 0.880132 0.806678
vt 0.882104 0.802903
vt 0.498722 0.814329
vt 0.481481 0.814329
vt 0.498722 0.800263
vt 0.481481 0.800263
vt 0.481481 0.789654
vt 0.498722 0.789654
vt 0.498722 0.768011
vt 0.481481 0.768011
vt 0.481481 0.745446
vt 0.498722 0.745446
vt 0.498722 0.739447
vt 0.481481 0.739447
vt 0.908381 0.150855
vt 0.919810 0.150855
vt 0.908381 0.159762
vt 0.919810 0.159762
vt 0.908381 0.031990
vt 0.919810 0.031990
vt 0.919810 0.018857
vt 0.908381 0.018857
vt 0.919810 0.008237
vt 0.908381 0.008237
vt 0.919810 0.168666
vt 0.908381 0.168666
vt 0.908381 0.299957
vt 0.919810 0.299957
vt 0.919810 0.307368
vt 0.908381 0.307368
vt 0.919810 0.312727
vt 0.908381 0.312727
vt 0.845596 0.800597
vt 0.838993 0.800597
vt 0.845596 0.755992
vt 0.838993 0.755992
vt 0.838993 0.844742
vt 0.845596 0.844742
vt 0.892830 0.631686
vt 0.883422 0.631686
vt 0.892830 0.566921
vt 0.883422 0.566921
vt 0.898655 0.631686
vt 0.892830 0.643991
vt 0.898655 0.643991
vt 0.898655 0.560136
vt 0.877333 0.560136
vt 0.877333 0.631686
vt 0.883422 0.643991
vt 0.877333 0.643991
vt 0.877333 0.648741
vt 0.883422 0.648741
vt 0.892830 0.648741
vt 0.898655 0.648741
vt 0.778779 0.352109
vt 0.778779 0.337564
vt 0.798786 0.352109
vt 0.798786 0.337564
vt 0.778779 0.362601
vt 0.798786 0.362601
vt 0.798786 0.384716
vt 0.778779 0.384716
vt 0.778779 0.407619
vt 0.798786 0.407619
vt 0.798786 0.412764
vt 0.778779 0.412764
vt 0.735686 0.790873
vt 0.735686 0.810934
vt 0.759250 0.790873
vt 0.759250 0.810934
vt 0.759250 0.772064
vt 0.735686 0.772064
vt 0.735686 0.630835
vt 0.759250 0.630835
vt 0.735850 0.828778
vt 0.760244 0.828156
vt 0.823434 0.376511
vt 0.813164 0.376511
vt 0.823434 0.516605
vt 0.813164 0.530832
vt 0.777463 0.128066
vt 0.789708 0.128066
vt 0.777463 0.024105
vt 0.789708 0.008900
vt 0.856762 0.506161
vt 0.856762 0.506161
vt 0.856762 0.304030
vt 0.856762 0.304030
vt 0.856762 0.531034
vt 0.856762 0.531034
vt 0.856762 0.549642
vt 0.856762 0.549642
vt 0.872164 0.548680
vt 0.856762 0.549642
vt 0.869691 0.565633
vt 0.865698 0.567213
vt 0.856762 0.567196
vt 0.857038 0.623707
vt 0.857038 0.623707
vt 0.857038 0.609078
vt 0.857038 0.609078
vt 0.857038 0.639595
vt 0.857038 0.639595
vt 0.857038 0.743664
vt 0.857038 0.743664
vt 0.857038 0.752823
vt 0.857038 0.752823
vt 0.857038 0.763810
vt 0.857038 0.763810
vt 0.857038 0.773270
vt 0.857038 0.773270
vt 0.857038 0.787557
vt 0.857038 0.787557
vt 0.857038 0.793662
vt 0.857038 0.793662
vt 0.857038 0.806228
vt 0.857038 0.806228
vt 0.857038 0.813263
vt 0.857038 0.813263
vt 0.857038 0.829209
vt 0.857038 0.829209
vt 0.857038 0.852765
vt 0.857038 0.852765
vt 0.844706 0.511178
vt 0.837655 0.511178
vt 0.844706 0.628549
vt 0.837655 0.628549
vt 0.844706 0.634238
vt 0.837655 0.634238
vt 0.844706 0.740592
vt 0.837655 0.740592
vt 0.934585 0.599838
vt 0.941416 0.599838
vt 0.934585 0.511600
vt 0.941416 0.511600
vt 0.934585 0.502803
vt 0.941416 0.502803
vt 0.934585 0.423250
vt 0.941416 0.423250
vt 0.473020 0.570499
vt 0.464255 0.577425
vt 0.617422 0.570499
vt 0.632634 0.577425
vt 0.471084 0.561280
vt 0.455246 0.558748
vt 0.469525 0.556008
vt 0.467095 0.546740
vt 0.443253 0.513511
vt 0.429648 0.542535
vt 0.428628 0.517169
vt 0.404874 0.518308
vt 0.405238 0.536124
vt 0.566424 0.546740
vt 0.457078 0.505643
vt 0.586170 0.556008
vt 0.599190 0.561280
vt 0.857038 0.585799
vt 0.857059 0.585797
vt 0.735686 0.790873
vt 0.759250 0.790873
vt 0.735686 0.810934
vt 0.759250 0.810934
vt 0.759250 0.772064
vt 0.735686 0.772064
vt 0.735686 0.630835
vt 0.759250 0.630835
vt 0.736335 0.828781
vt 0.759675 0.828157
vt 0.813164 0.530832
vt 0.813164 0.376511
vt 0.823434 0.516605
vt 0.823434 0.376511
vt 0.789708 0.008900
vt 0.789708 0.128066
vt 0.777463 0.024105
vt 0.777463 0.128066
vt 0.844706 0.511178
vt 0.844706 0.628549
vt 0.837655 0.511178
vt 0.837655 0.628549
vt 0.844706 0.634238
vt 0.837655 0.634238
vt 0.844706 0.740592
vt 0.837655 0.740592
vt 0.941416 0.511600
vt 0.941416 0.599838
vt 0.934585 0.511600
vt 0.934585 0.599838
vt 0.934585 0.502803
vt 0.941416 0.502803
vt 0.934585 0.423250
vt 0.941416 0.423250
vt 0.473020 0.570499
vt 0.617422 0.570499
vt 0.464255 0.577425
vt 0.632634 0.577425
vt 0.471084 0.561280
vt 0.455246 0.558748
vt 0.469525 0.556008
vt 0.467095 0.546740
vt 0.443253 0.513511
vt 0.566328 0.546740
vt 0.457078 0.505643
vt 0.586170 0.556008
vt 0.599190 0.561280
vt 0.429648 0.542535
vt 0.428628 0.517169
vt 0.404876 0.518355
vt 0.405235 0.536287
vt 0.240972 0.114445
vt 0.216199 0.115318
vt 0.245570 0.119238
vt 0.216199 0.115318
vt 0.240972 0.114445
vt 0.216199 0.115318
vt 0.216199 0.115318
vt 0.240972 0.114445
vt 0.245570 0.119238
vt 0.250542 0.114228
vt 0.240972 0.114445
vt 0.245570 0.119238
vt 0.245570 0.119238
vt 0.240972 0.114445
vt 0.250542 0.114228
vt 0.752065 0.967099
vt 0.732548 0.967099
vt 0.752065 0.986432
vt 0.732548 0.986432
vt 0.732548 0.851526
vt 0.752065 0.851526
vt 0.787979 0.138708
vt 0.779261 0.155445
vt 0.787979 0.263389
vt 0.779261 0.263389
vt 0.609563 0.694004
vt 0.486320 0.694004
vt 0.623002 0.700311
vt 0.456328 0.700311
vt 0.486320 0.685250
vt 0.456328 0.666527
vt 0.482061 0.679553
vt 0.577502 0.679553
vt 0.588975 0.685250
vt 0.482061 0.671531
vt 0.456328 0.646230
vt 0.473611 0.646230
vt 0.497254 0.646230
vt 0.559823 0.671531
vt 0.804595 0.230151
vt 0.795855 0.243317
vt 0.804595 0.325807
vt 0.795855 0.325807
vt 0.939708 0.028661
vt 0.939708 0.199240
vt 0.939708 0.028661
vt 0.939708 0.199240
vt 0.939708 0.007223
vt 0.939708 0.007223
vt 0.939708 0.227644
vt 0.939708 0.227644
vt 0.939708 0.241658
vt 0.939708 0.241658
vt 0.939708 0.249549
vt 0.939708 0.249549
vt 0.939708 0.262707
vt 0.939708 0.262707
vt 0.939708 0.267190
vt 0.939708 0.267190
vt 0.939708 0.278848
vt 0.939708 0.278848
vt 0.939708 0.282726
vt 0.939708 0.282726
vt 0.939708 0.294019
vt 0.939708 0.294019
vt 0.939708 0.299933
vt 0.939708 0.299933
vt 0.939708 0.364797
vt 0.939708 0.364797
vt 0.939708 0.388901
vt 0.939708 0.388901
vt 0.939708 0.411416
vt 0.939708 0.411416
vt 0.893198 0.260635
vt 0.899469 0.260635
vt 0.893198 0.166829
vt 0.899469 0.166829
vt 0.899469 0.156768
vt 0.893198 0.156768
vt 0.893198 0.076456
vt 0.899469 0.076456
vt 0.955749 0.598399
vt 0.961812 0.598399
vt 0.955749 0.532778
vt 0.961812 0.532778
vt 0.961812 0.521918
vt 0.955749 0.521918
vt 0.955749 0.464983
vt 0.961812 0.464983
vt 0.752065 0.967099
vt 0.752065 0.986432
vt 0.735904 0.967099
vt 0.735904 0.986432
vt 0.732548 0.851526
vt 0.752065 0.851526
vt 0.729192 0.967099
vt 0.729192 0.986432
vt 0.787979 0.138708
vt 0.787979 0.263389
vt 0.779261 0.155445
vt 0.779261 0.263389
vt 0.609563 0.694004
vt 0.623002 0.700311
vt 0.486320 0.694004
vt 0.456328 0.700311
vt 0.486320 0.685250
vt 0.456328 0.666527
vt 0.482061 0.679553
vt 0.577502 0.679553
vt 0.588975 0.685250
vt 0.482061 0.671531
vt 0.456328 0.646230
vt 0.473611 0.646230
vt 0.497254 0.646230
vt 0.559823 0.671531
vt 0.804595 0.230151
vt 0.804595 0.325807
vt 0.795855 0.243317
vt 0.795855 0.325807
vt 0.893198 0.260635
vt 0.893198 0.166829
vt 0.899469 0.260635
vt 0.899469 0.166829
vt 0.899469 0.156768
vt 0.893198 0.156768
vt 0.893198 0.076456
vt 0.899469 0.076456
vt 0.955749 0.598399
vt 0.955749 0.532778
vt 0.961812 0.598399
vt 0.961812 0.532778
vt 0.961812 0.521918
vt 0.955749 0.521918
vt 0.955749 0.464983
vt 0.961812 0.464983
vt 0.790689 0.543866
vt 0.790689 0.538468
vt 0.773627 0.530136
vt 0.803514 0.538960
vt 0.803514 0.544679
vt 0.803514 0.443047
vt 0.790689 0.441475
vt 0.773627 0.437406
vt 0.750113 0.404324
vt 0.766203 0.437406
vt 0.757968 0.423213
vt 0.766203 0.532143
vt 0.757968 0.602454
vt 0.777037 0.552876
vt 0.765179 0.612262
vt 0.784538 0.557063
vt 0.771591 0.616285
vt 0.750735 0.423213
vt 0.745114 0.423213
vt 0.735713 0.438214
vt 0.728421 0.438214
vt 0.709418 0.443276
vt 0.728421 0.531626
vt 0.709418 0.540018
vt 0.735713 0.532884
vt 0.745114 0.602754
vt 0.699905 0.445149
vt 0.699905 0.540629
vt 0.709418 0.545345
vt 0.699905 0.546307
vt 0.727130 0.554400
vt 0.738177 0.610862
vt 0.719321 0.559094
vt 0.731168 0.615336
vt 0.288024 0.441816
vt 0.311922 0.442780
vt 0.322611 0.405709
vt 0.326396 0.424801
vt 0.337427 0.423283
vt 0.347625 0.405709
vt 0.347625 0.430089
vt 0.336721 0.388324
vt 0.325650 0.387267
vt 0.287043 0.371606
vt 0.311163 0.368454
vt 0.347625 0.381253
vt 0.889162 0.414090
vt 0.882720 0.414090
vt 0.889162 0.521502
vt 0.882720 0.521502
vt 0.876100 0.521502
vt 0.882720 0.542198
vt 0.876100 0.542198
vt 0.876100 0.407208
vt 0.895171 0.407208
vt 0.895171 0.521502
vt 0.889162 0.542198
vt 0.895171 0.542198
vt 0.895171 0.550845
vt 0.889162 0.550845
vt 0.882720 0.550845
vt 0.876100 0.550845
vt 0.892558 0.658834
vt 0.888517 0.658834
vt 0.892648 0.798992
vt 0.888517 0.807102
vt 0.895372 0.802621
vt 0.888517 0.824448
vt 0.898097 0.806251
vt 0.888517 0.828790
vt 0.884076 0.799128
vt 0.884076 0.658834
vt 0.880132 0.806678
vt 0.882104 0.802903
vt 0.481481 0.800263
vt 0.481481 0.814329
vt 0.498722 0.800263
vt 0.498722 0.814329
vt 0.481481 0.789654
vt 0.498722 0.789654
vt 0.498722 0.768011
vt 0.481481 0.768011
vt 0.481481 0.745446
vt 0.498722 0.745446
vt 0.498722 0.739447
vt 0.481481 0.739447
vt 0.919810 0.159762
vt 0.919810 0.150855
vt 0.908381 0.159762
vt 0.908381 0.150855
vt 0.908381 0.031990
vt 0.919810 0.031990
vt 0.919810 0.018857
vt 0.908381 0.018857
vt 0.919810 0.008237
vt 0.908381 0.008237
vt 0.919810 0.168666
vt 0.908381 0.168666
vt 0.908381 0.299957
vt 0.919810 0.299957
vt 0.919810 0.307368
vt 0.908381 0.307368
vt 0.919810 0.312727
vt 0.908381 0.312727
vt 0.838993 0.755992
vt 0.838993 0.800597
vt 0.845596 0.755992
vt 0.845596 0.800597
vt 0.838993 0.844742
vt 0.845596 0.844742
vt 0.883422 0.566921
vt 0.883422 0.631686
vt 0.892830 0.566921
vt 0.892830 0.631686
vt 0.898655 0.631686
vt 0.892830 0.643991
vt 0.898655 0.643991
vt 0.898655 0.560136
vt 0.877333 0.560136
vt 0.877333 0.631686
vt 0.883422 0.643991
vt 0.877333 0.643991
vt 0.877333 0.648741
vt 0.883422 0.648741
vt 0.892830 0.648741
vt 0.898655 0.648741
vt 0.798786 0.337564
vt 0.778779 0.337564
vt 0.798786 0.352109
vt 0.778779 0.352109
vt 0.778779 0.362601
vt 0.798786 0.362601
vt 0.798786 0.384716
vt 0.778779 0.384716
vt 0.778779 0.407619
vt 0.798786 0.407619
vt 0.798786 0.412764
vt 0.778779 0.412764
vn 0.7134 0.0933 -0.6945
vn 0.6761 0.4449 -0.5873
vn 0.9721 0.2347 -0.0007
vn 0.8913 -0.1876 -0.4128
vn 0.9719 0.2353 0.0003
vn 0.9961 -0.0446 0.0763
vn 0.1651 0.9553 0.2452
vn 0.2052 0.9337 -0.2935
vn 0.6960 0.7002 0.1590
vn 0.3459 0.4306 -0.8336
vn 0.0000 0.4683 -0.8836
vn -0.0000 0.5458 -0.8379
vn 0.1213 0.5846 -0.8022
vn 0.4088 0.4491 0.7945
vn 0.1480 0.7579 0.6353
vn 0.0000 0.1288 -0.9917
vn 0.6761 0.4450 -0.5873
vn 0.7113 0.6777 -0.1865
vn 0.6791 0.7124 0.1766
vn 0.1018 0.1050 -0.9892
vn 0.1211 -0.2281 -0.9661
vn 0.2764 -0.2896 -0.9164
vn 0.0000 -0.1715 -0.9852
vn 0.0000 -0.4319 -0.9019
vn -0.0000 0.4694 0.8830
vn 0.2127 0.4426 0.8711
vn 0.6513 0.5961 0.4695
vn 0.0000 0.2912 0.9567
vn 0.6560 -0.5770 -0.4865
vn 0.9251 -0.3230 0.1996
vn 0.9961 -0.0445 0.0763
vn 0.1929 0.1059 0.9755
vn 0.6391 0.1449 0.7554
vn 0.6051 -0.1824 0.7750
vn 0.7535 0.4055 0.5175
vn 0.9195 -0.0399 0.3909
vn 0.0000 0.1946 0.9809
vn 0.7536 0.4055 0.5174
vn 0.9195 -0.0399 0.3910
vn 0.6791 0.7124 0.1767
vn 0.7113 0.6776 -0.1865
vn 0.6792 0.7124 0.1767
vn 0.9721 0.2348 -0.0007
vn 0.7114 0.6776 -0.1865
vn 0.4117 0.7922 -0.4505
vn 0.7117 0.6945 0.1053
vn 0.5016 0.5721 0.6490
vn 0.4088 0.4490 0.7945
vn 0.0000 0.8579 -0.5139
vn -0.0000 0.5353 0.8446
vn 0.0000 0.9701 0.2425
vn 0.5016 0.5720 0.6490
vn -0.0000 0.5354 0.8446
vn 0.1929 0.1058 0.9755
vn -0.1069 -0.3677 0.9238
vn 0.2965 -0.6565 0.6937
vn 0.7840 -0.5976 0.1683
vn -0.1067 -0.3644 0.9251
vn 0.0000 -0.2032 0.9791
vn 0.5025 -0.7786 -0.3758
vn 0.1913 -0.5541 -0.8102
vn 0.1656 -0.5285 -0.8326
vn -0.0463 -0.3413 0.9388
vn 0.3458 -0.7024 0.6221
vn -0.0301 -0.2907 0.9563
vn 0.6756 -0.7247 0.1355
vn 0.6103 -0.6467 -0.4575
vn 0.1021 -0.6749 -0.7308
vn 0.2423 -0.6559 -0.7149
vn -0.0000 -0.7768 -0.6298
vn 0.0000 -0.4441 -0.8960
vn 0.1964 0.1365 0.9710
vn 0.0000 0.1354 0.9908
vn -0.0000 -0.1471 0.9891
vn 0.1518 -0.1000 0.9833
vn -0.0000 -0.0748 0.9972
vn 0.1213 -0.0848 0.9890
vn 0.0000 -0.0856 0.9963
vn 0.0000 0.0671 0.9977
vn 0.0000 -0.9707 -0.2402
vn 0.0413 -0.9846 -0.1699
vn 0.0000 -0.9526 0.3043
vn 0.0765 -0.9401 0.3321
vn -0.1603 -0.4381 0.8845
vn -0.0000 -0.5629 0.8265
vn 0.1701 -0.0429 0.9845
vn -0.0000 -0.2117 0.9773
vn -0.0000 0.0288 0.9996
vn 0.3717 0.1354 0.9184
vn 0.5025 0.1199 0.8562
vn 0.1214 -0.0848 0.9890
vn 0.5340 -0.0696 0.8426
vn 0.9790 -0.0191 0.2032
vn 0.9247 0.3012 0.2328
vn 0.9176 -0.3098 0.2489
vn 0.4197 -0.1865 0.8883
vn 0.8863 0.4004 0.2328
vn 0.6804 0.2724 0.6804
vn 0.6757 -0.7247 0.1355
vn 0.7139 -0.1683 -0.6797
vn 0.1913 -0.2210 -0.9563
vn 0.2471 -0.4708 -0.8469
vn 0.0861 0.1818 -0.9796
vn 0.6201 0.3287 -0.7123
vn 0.0107 0.4783 -0.8781
vn -0.0000 0.4204 -0.9073
vn -0.1369 0.3200 -0.9375
vn -0.0000 0.2545 -0.9671
vn 0.0000 -0.1061 -0.9944
vn 0.2340 0.3219 -0.9174
vn 0.2430 -0.0296 -0.9696
vn -0.2380 -0.0579 -0.9695
vn 0.5828 0.4960 -0.6437
vn -0.0000 0.0984 -0.9951
vn 0.7976 0.2308 -0.5573
vn 0.9676 0.2405 0.0762
vn 0.7119 0.1017 -0.6949
vn -0.2874 -0.4282 -0.8568
vn 0.2091 -0.3601 -0.9092
vn -0.0000 -0.5408 -0.8411
vn -0.2962 -0.6423 -0.7069
vn 0.0000 -0.7657 -0.6433
vn -0.4466 -0.7760 -0.4454
vn -0.0000 -0.8784 -0.4779
vn 0.0831 -0.2290 -0.9699
vn 0.7475 0.2926 -0.5964
vn -0.0226 0.0583 -0.9980
vn 0.9505 0.3066 0.0494
vn 0.9306 0.3323 0.1533
vn 0.5803 0.2784 0.7653
vn 0.5602 0.2288 0.7962
vn -0.0623 0.0494 0.9968
vn -0.4771 -0.2649 0.8380
vn -0.5201 -0.8075 0.2783
vn 0.0766 -0.9401 0.3321
vn 0.6658 0.1002 0.7394
vn -0.0413 0.0573 0.9975
vn 0.9707 0.1928 0.1432
vn -0.5773 -0.1576 0.8012
vn -0.5908 -0.2538 0.7659
vn 0.7499 0.1938 -0.6325
vn -0.9478 -0.2599 0.1845
vn -0.9369 -0.2859 0.2010
vn -0.0913 0.0239 -0.9955
vn -0.7750 -0.1777 -0.6065
vn -0.7937 -0.1868 -0.5789
vn -0.9370 -0.2859 0.2010
vn -0.5201 -0.8074 0.2784
vn -0.5681 -0.5121 -0.6442
vn -0.4465 -0.7760 -0.4454
vn -0.9387 -0.3025 0.1656
vn -0.5797 -0.3125 0.7525
vn -0.9324 -0.2869 0.2197
vn -0.5346 -0.2687 0.8013
vn -0.9307 -0.2718 0.2450
vn -0.4936 -0.2368 0.8368
vn 0.0727 -0.1950 0.9781
vn 0.0171 -0.1243 0.9921
vn 0.6314 -0.0148 0.7753
vn 0.6965 -0.0705 0.7141
vn 0.9838 0.0899 0.1554
vn 0.9893 0.0463 0.1381
vn 0.7337 -0.0806 0.6747
vn 0.0572 -0.2314 0.9712
vn -0.0679 -0.0010 0.9977
vn 0.7805 0.1084 -0.6157
vn 0.7818 0.0322 -0.6227
vn 0.9965 0.0225 0.0807
vn 0.7511 0.0039 -0.6602
vn -0.0712 -0.0303 -0.9970
vn -0.0651 -0.0708 -0.9954
vn -0.7905 -0.1978 -0.5796
vn -0.7930 -0.1931 -0.5778
vn -0.0989 -0.0897 -0.9910
vn -0.7951 -0.2189 -0.5657
vn -0.5681 -0.5121 -0.6443
vn -0.5908 -0.2537 0.7659
vn -0.4936 -0.2368 0.8369
vn -0.9370 -0.2858 0.2010
vn -0.9307 -0.2718 0.2449
vn 0.6366 0.7636 0.1081
vn 0.0401 0.9730 0.2275
vn 0.5447 0.6674 0.5079
vn 0.1088 0.7795 0.6169
vn 0.5045 0.7928 0.3419
vn 0.0954 0.8356 0.5409
vn 0.6666 0.7453 0.0131
vn 0.5112 0.7705 -0.3807
vn 0.4462 0.8212 -0.3558
vn 0.5146 0.7433 -0.4274
vn 0.5751 0.6287 -0.5235
vn 0.6721 0.5160 0.5311
vn 0.1486 0.5174 0.8428
vn 0.8448 0.5332 0.0455
vn 0.5420 0.4657 -0.6996
vn 0.1341 -0.6358 0.7602
vn 0.6280 -0.6153 0.4765
vn 0.7631 -0.6448 0.0432
vn 0.5251 -0.6104 -0.5931
vn 0.1748 -0.4134 -0.8936
vn 0.8145 0.2585 -0.5194
vn -0.1041 -0.8007 -0.5900
vn -0.1006 -0.8150 -0.5707
vn -0.0459 0.9644 -0.2603
vn -0.0506 0.9566 -0.2869
vn 0.5477 0.7834 0.2937
vn 0.8152 0.5026 0.2879
vn 0.0844 0.8738 0.4789
vn 0.1421 0.5750 0.8057
vn 0.9017 0.4263 -0.0726
vn 0.5751 0.6287 -0.5234
vn 0.9020 0.4316 0.0136
vn 0.8092 0.5716 0.1361
vn 0.6434 0.7456 -0.1736
vn 0.7839 0.4257 -0.4520
vn -0.0934 0.8431 -0.5295
vn -0.1590 0.4026 -0.9014
vn 0.8145 0.2585 -0.5195
vn 0.5625 -0.2028 0.8016
vn 0.8317 0.1615 -0.5311
vn -0.1671 0.2716 -0.9478
vn 0.8967 0.2272 0.3798
vn 0.1651 0.3096 0.9364
vn -0.1372 0.6128 -0.7783
vn 0.7090 0.6568 -0.2568
vn 0.9220 0.3452 -0.1754
vn 0.7936 0.5088 0.3336
vn 0.9019 0.4316 0.0136
vn 0.5625 -0.2028 0.8015
vn 0.7038 -0.5192 0.4850
vn 0.7351 -0.6215 -0.2708
vn 0.5933 0.2030 -0.7789
vn 0.4513 -0.5819 -0.6766
vn -0.1370 -0.6143 -0.7771
vn -0.1717 0.1513 -0.9735
vn 0.1283 -0.6742 0.7274
vn 0.1282 -0.6774 0.7243
vn 0.7038 -0.5191 0.4849
vn 0.5624 -0.2028 0.8016
vn 0.1277 -0.6774 0.7244
vn -0.1050 -0.8149 -0.5699
vn 0.1340 -0.6358 0.7602
vn -0.1040 -0.8007 -0.5900
vn -0.3382 0.6674 0.6635
vn -0.5612 0.7636 0.3193
vn -0.3572 0.7928 0.4938
vn -0.6219 0.7453 0.2403
vn -0.6106 0.7705 -0.1829
vn -0.5410 0.8212 -0.1818
vn -0.6297 0.7433 -0.2256
vn -0.7195 0.6287 -0.2952
vn -0.4499 0.5160 0.7289
vn -0.7783 0.5332 0.3317
vn -0.7486 0.4657 -0.4720
vn -0.4272 -0.6153 0.6625
vn -0.7023 -0.6448 0.3016
vn -0.6963 -0.6104 -0.3778
vn -0.4699 -0.4134 -0.7800
vn -0.9430 0.2585 -0.2095
vn -0.4142 0.7834 0.4634
vn 0.0845 0.8738 0.4789
vn -0.6676 0.5026 0.5493
vn -0.8721 0.4263 0.2401
vn -0.7194 0.6287 -0.2952
vn -0.8429 0.4316 0.3213
vn -0.7138 0.5716 0.4046
vn -0.6640 0.7456 0.0569
vn -0.8912 0.4257 -0.1566
vn -0.1589 0.4026 -0.9015
vn -0.9430 0.2585 -0.2096
vn -0.4699 -0.4134 -0.7799
vn -0.2544 -0.2028 0.9456
vn -0.9632 0.1615 -0.2146
vn -0.7127 0.2272 0.6636
vn -0.7540 0.6568 0.0011
vn -0.9264 0.3452 0.1505
vn -0.6317 0.5088 0.5849
vn -0.8429 0.4316 0.3212
vn -0.2545 -0.2028 0.9456
vn -0.4955 -0.5192 0.6964
vn -0.7834 -0.6215 -0.0030
vn -0.8240 0.2030 -0.5290
vn -0.6554 -0.5819 -0.4814
vn -0.1716 0.1513 -0.9735
vn 0.1280 -0.6742 0.7274
vn -0.6555 -0.5819 -0.4814
vn 0.1282 -0.6742 0.7274
vn -0.7834 -0.6215 -0.0031
vn -0.4955 -0.5191 0.6964
vn -0.1371 -0.6143 -0.7771
vn 0.1314 -0.6774 0.7238
vn -0.4698 -0.4134 -0.7800
vn -0.6963 -0.6104 -0.3777
vn -0.4272 -0.6153 0.6626
vn 0.1341 -0.6358 0.7601
vn 0.9849 0.1689 0.0379
vn 0.8553 -0.5154 -0.0533
vn 0.8966 -0.2314 -0.3776
vn -0.3930 -0.7637 -0.5121
vn -0.2284 -0.9670 -0.1129
vn 0.8411 0.5345 -0.0827
vn 0.7176 0.3718 -0.5889
vn 0.7171 0.5003 -0.4852
vn 0.8780 0.0697 -0.4735
vn -0.2521 0.7910 -0.5574
vn 0.4554 0.8385 -0.2991
vn 0.7928 -0.2167 -0.5697
vn -0.9396 0.1908 -0.2842
vn -0.6054 0.5962 -0.5272
vn 0.8715 -0.0339 -0.4893
vn 0.7422 0.6580 0.1272
vn 0.7977 -0.2193 -0.5617
vn 0.4536 0.8310 -0.3220
vn 0.7940 0.6079 0.0030
vn 0.8244 -0.0800 -0.5604
vn 0.4289 0.8400 -0.3325
vn -0.4052 -0.5453 -0.7338
vn 0.7436 0.0858 0.6631
vn 0.6439 0.7073 -0.2918
vn 0.1495 0.2972 0.9431
vn -0.0666 0.9919 0.1086
vn 0.8268 -0.2772 0.4893
vn 0.7361 0.5104 -0.4447
vn 0.8553 -0.5154 -0.0534
vn 0.1684 -0.8448 0.5079
vn -0.2761 -0.8392 0.4685
vn -0.3330 -0.8087 0.4849
vn -0.2008 0.3471 -0.9161
vn -0.4111 0.1366 -0.9013
vn -0.2284 -0.9670 -0.1128
vn 0.6438 0.7074 -0.2918
vn 0.7360 0.5104 -0.4447
vn 0.9849 0.1688 0.0379
vn -0.9396 0.1907 -0.2841
vn -0.4110 0.1366 -0.9013
vn -0.2007 0.3471 -0.9161
vn -0.9616 -0.2685 -0.0562
vn -0.6534 -0.5837 -0.4820
vn -0.9951 0.0210 -0.0966
vn -0.4919 -0.6000 -0.6309
vn -0.6729 0.4785 -0.5641
vn -0.9978 -0.0145 -0.0644
vn -0.6577 0.5110 -0.5534
vn -0.2283 -0.9670 -0.1129
vn -0.5879 -0.6120 -0.5290
vn -0.6054 0.5963 -0.5272
vn -0.5260 -0.5707 -0.6305
vn 0.6074 0.3305 -0.7224
vn 0.4675 0.8262 0.3144
vn 0.7261 -0.1737 -0.6653
vn 0.2023 -0.6260 -0.7532
vn 0.3524 0.9258 -0.1367
vn 0.2017 -0.6261 -0.7532
vn -0.4918 -0.6000 -0.6309
vn 0.4537 0.8309 -0.3221
vn -0.6729 0.4785 -0.5642
vn -0.9951 0.0210 -0.0965
vn 0.4291 0.8274 0.3623
vn 0.2660 -0.5928 -0.7602
vn -0.5879 -0.6121 -0.5289
vn -0.5261 -0.5707 -0.6305
vn 0.4554 0.8385 -0.2992
vn -0.6053 0.5963 -0.5272
vn 0.4676 0.8261 0.3144
vn 0.4289 0.8399 -0.3325
vn -0.6577 0.5111 -0.5533
vn 0.3524 0.9258 -0.1368
vn 0.4288 0.8400 -0.3325
vn 0.2022 -0.6260 -0.7532
vn 0.3066 0.9517 0.0143
vn 0.5753 0.4979 -0.6489
vn 0.8781 0.0697 -0.4735
vn 0.7520 -0.1085 -0.6502
vn 0.7519 -0.1085 -0.6502
vn -0.7185 -0.6530 0.2395
vn -0.9198 0.0022 0.3923
vn -0.9198 -0.3903 -0.0396
vn 0.3065 -0.7025 -0.6423
vn 0.3319 -0.9180 -0.2171
vn -0.8921 0.3829 0.2397
vn -0.9321 0.2275 -0.2820
vn -0.9162 0.3574 -0.1814
vn -0.9876 -0.0935 -0.1264
vn -0.1001 0.8043 -0.5857
vn -0.6660 0.7404 -0.0905
vn -0.8955 -0.3644 -0.2556
vn 0.7299 0.3368 -0.5948
vn 0.2680 0.6727 -0.6897
vn -0.9698 -0.1950 -0.1467
vn -0.7470 0.5278 0.4042
vn -0.8967 -0.3676 -0.2464
vn -0.6714 0.7325 -0.1128
vn -0.8306 0.4658 0.3052
vn -0.9441 -0.2347 -0.2313
vn -0.6538 0.7452 -0.1311
vn 0.2019 -0.4921 -0.8468
vn -0.0665 0.9919 0.1086
vn -0.8145 0.5797 -0.0204
vn 0.1494 0.2972 0.9431
vn -0.4609 -0.0196 0.8872
vn -0.5385 -0.3967 0.7434
vn -0.9208 0.3654 -0.1364
vn -0.7185 -0.6530 0.2394
vn 0.5619 -0.7659 0.3126
vn 0.6148 -0.7258 0.3086
vn 0.0330 0.1755 -0.9839
vn 0.3318 -0.9180 -0.2171
vn -0.8922 0.3829 0.2397
vn -0.1002 0.8043 -0.5857
vn -0.8145 0.5798 -0.0204
vn 0.5618 -0.7659 0.3126
vn 0.0330 0.1754 -0.9839
vn -0.2009 0.3471 -0.9161
vn 0.9086 -0.1049 -0.4042
vn 0.5263 -0.4805 -0.7015
vn 0.8764 0.1847 -0.4448
vn 0.3275 -0.5283 -0.7833
vn 0.3366 0.5668 -0.7519
vn 0.8963 0.1512 -0.4168
vn 0.2020 -0.4922 -0.8467
vn 0.3210 0.5967 -0.7355
vn 0.4541 -0.5209 -0.7228
vn 0.3541 -0.4937 -0.7943
vn -0.3497 -0.6742 -0.6505
vn -0.4560 0.7454 0.4863
vn -0.8756 -0.3138 -0.3673
vn -0.8715 0.2011 -0.4473
vn -0.5281 0.8488 0.0270
vn 0.3274 -0.5284 -0.7833
vn -0.8968 -0.3675 -0.2465
vn -0.3496 -0.6742 -0.6505
vn 0.3366 0.5668 -0.7520
vn 0.8764 0.1847 -0.4447
vn -0.4039 0.7545 0.5173
vn -0.4163 -0.6525 -0.6332
vn 0.2679 0.6727 -0.6897
vn 0.8963 0.1512 -0.4169
vn -0.4561 0.7453 0.4863
vn 0.3210 0.5967 -0.7354
vn -0.9441 -0.2348 -0.2313
vn 0.2019 -0.4922 -0.8468
vn -0.9321 0.2274 -0.2820
vn -0.8715 0.2011 -0.4472
vn -0.8756 -0.3139 -0.3673
vn -0.8306 0.4658 0.3053
vn -0.4560 0.7454 0.4862
vn -0.4364 0.8867 0.1525
vn -0.7470 0.5277 0.4043
vn -0.6714 0.7325 -0.1127
vn -0.8439 0.3737 -0.3848
vn -0.9049 -0.2535 -0.3420
vn -0.9049 -0.2534 -0.3420
vn -0.4039 0.7545 0.5172
vn 0.3466 0.6613 -0.6652
vn -0.1617 0.6425 -0.7490
vn 0.0453 0.9686 -0.2445
vn -0.1665 0.9466 -0.2760
vn -0.1428 0.9872 0.0704
vn 0.2078 0.9768 -0.0520
vn 0.7164 0.6466 -0.2621
vn 0.3467 0.6613 -0.6652
vn 0.2145 0.9704 0.1108
vn 0.7163 0.6467 -0.2620
vn 0.7968 0.5601 0.2266
vn 0.0560 0.9716 0.2301
vn 0.6009 0.6979 0.3898
vn 0.5646 0.1865 0.8040
vn -0.1703 0.8026 -0.5716
vn -0.1288 0.9706 0.2035
vn 0.3466 0.6614 -0.6652
vn -0.0958 0.0715 -0.9928
vn 0.5074 0.0021 -0.8617
vn 0.9488 0.1290 -0.2883
vn 0.9700 -0.0890 -0.2263
vn 0.2907 -0.2839 -0.9137
vn -0.0444 -0.2569 -0.9654
vn 0.5493 -0.0609 -0.8334
vn 0.9183 0.0047 0.3960
vn 0.8346 -0.1649 0.5255
vn 0.1761 -0.0371 0.9837
vn 0.1210 -0.2542 0.9596
vn 0.8408 -0.0384 0.5400
vn 0.9237 -0.0147 -0.3829
vn -0.0515 -0.2159 -0.9750
vn -0.0637 -0.1410 -0.9880
vn 0.5645 0.1865 0.8041
vn 0.1173 -0.2240 0.9675
vn 0.8903 0.2659 -0.3697
vn -0.1112 0.1911 -0.9752
vn 0.8454 0.2242 0.4848
vn 0.0748 0.0704 0.9947
vn 0.1122 -0.1876 0.9758
vn -0.0638 -0.1374 -0.9885
vn 0.9006 -0.2003 -0.3856
vn 0.8076 -0.0942 0.5821
vn 0.0791 0.0443 0.9959
vn 0.3728 -0.9258 -0.0620
vn 0.0889 -0.8683 -0.4880
vn 0.1641 -0.6795 0.7151
vn 0.3159 -0.8358 0.4491
vn 0.1762 -0.0371 0.9837
vn 0.2723 -0.1455 0.9511
vn 0.6008 0.6979 0.3898
vn 0.0782 0.0507 0.9957
vn 0.1210 -0.2541 0.9596
vn 0.6636 0.4699 -0.5820
vn 0.0282 0.3483 0.9370
vn 0.0957 -0.0809 0.9921
vn -0.1522 0.9876 -0.0381
vn 0.1468 -0.5598 0.8156
vn 0.2724 -0.1455 0.9511
vn 0.0781 0.0507 0.9957
vn -0.1027 0.1162 -0.9879
vn -0.1521 0.9876 -0.0381
vn -0.3611 0.0506 -0.9312
vn -0.1024 0.1144 -0.9881
vn 0.6009 0.6978 0.3898
vn -0.1703 0.8026 -0.5717
vn 0.3728 -0.9259 -0.0619
vn -0.3671 0.9064 -0.2090
vn -0.6314 0.5127 -0.5818
vn -0.4903 0.8715 0.0082
vn -0.9075 0.4018 -0.1222
vn -0.4675 0.8676 0.1696
vn -0.9075 0.4018 -0.1221
vn -0.8762 0.3078 0.3708
vn -0.2986 0.9181 0.2606
vn -0.8762 0.3079 0.3708
vn -0.7035 0.5001 0.5049
vn -0.4516 0.0333 0.8916
vn -0.1702 0.8027 -0.5716
vn -0.6189 -0.1687 -0.7671
vn -0.9788 -0.1623 -0.1250
vn -0.9256 -0.3726 -0.0669
vn -0.3426 -0.3784 -0.8599
vn -0.0445 -0.2569 -0.9654
vn -0.6355 -0.2379 -0.7345
vn -0.7996 -0.2543 0.5440
vn -0.6500 -0.3875 0.6537
vn 0.0095 -0.0622 0.9980
vn -0.6908 -0.2667 0.6720
vn -0.9304 -0.2897 -0.2245
vn 0.1173 -0.2241 0.9675
vn -0.9775 -0.0150 -0.2102
vn -0.1112 0.1912 -0.9752
vn -0.7806 -0.0192 0.6248
vn 0.1123 -0.1876 0.9758
vn -0.8532 -0.4662 -0.2339
vn -0.6352 -0.3119 0.7066
vn -0.0903 -0.9957 -0.0220
vn 0.0224 -0.8800 0.4744
vn 0.1467 -0.5597 0.8156
vn 0.0957 -0.0808 0.9921
vn -0.0535 -0.1884 0.9806
vn -0.8597 0.2402 -0.4508
vn -0.7035 0.5002 0.5049
vn -0.1026 0.1162 -0.9879
vn 0.1693 0.1306 -0.9769
vn 0.0224 -0.8801 0.4743
vn 0.9126 -0.4085 0.0167
vn 0.9681 -0.2419 -0.0647
vn 0.7998 -0.3876 0.4583
vn 0.6372 -0.2229 0.7378
vn 0.6227 -0.0746 0.7789
vn 0.9967 0.0732 -0.0340
vn 0.7999 -0.3875 0.4583
vn 0.0945 -0.0973 0.9908
vn 0.0904 -0.0845 0.9923
vn -0.3477 -0.0494 0.9363
vn -0.5078 -0.2950 0.8094
vn 0.1177 -0.1187 0.9859
vn 0.5943 0.0349 0.8034
vn 0.5944 0.0349 0.8034
vn -0.7698 -0.1106 0.6286
vn -0.0527 0.6459 0.7616
vn -0.7698 -0.1107 0.6286
vn -0.0526 0.6459 0.7616
vn -0.9945 -0.0986 0.0340
vn 0.2574 0.9622 0.0892
vn 0.5943 0.0349 0.8035
vn 0.9741 0.2254 -0.0184
vn -0.9424 -0.3343 0.0120
vn -0.3477 -0.0495 0.9363
vn -0.9983 0.0081 0.0574
vn 0.6227 -0.0747 0.7789
vn 0.5335 -0.0711 -0.8428
vn 0.8224 -0.3366 -0.4586
vn 0.5442 0.0895 -0.8342
vn 0.5335 -0.0710 -0.8428
vn -0.0978 0.0961 -0.9906
vn -0.0898 0.0825 -0.9925
vn 0.5442 0.0895 -0.8341
vn -0.6106 0.0374 -0.7910
vn -0.6142 -0.1707 -0.7704
vn -0.1150 0.1178 -0.9864
vn 0.5058 0.2082 -0.8372
vn 0.5058 0.2081 -0.8372
vn -0.8249 -0.0026 -0.5652
vn -0.1160 0.7835 -0.6105
vn -0.6106 0.0375 -0.7910
vn 0.0638 -0.1159 0.9912
vn 0.0652 -0.1164 0.9911
vn 0.8297 0.0286 0.5575
vn 0.4526 -0.0654 0.8893
vn 0.0668 -0.1201 0.9905
vn 0.0670 -0.1202 0.9905
vn 0.8240 0.0631 0.5631
vn 0.4992 -0.0230 0.8662
vn 0.9916 0.1257 -0.0290
vn 0.9908 0.1342 -0.0170
vn 0.9856 0.1664 -0.0294
vn 0.9890 0.1466 -0.0172
vn 0.3207 0.1559 -0.9343
vn -0.0620 0.1146 -0.9915
vn 0.7818 0.1711 -0.5995
vn -0.0603 0.1139 -0.9917
vn 0.3731 0.1939 -0.9073
vn -0.0640 0.1194 -0.9908
vn 0.7722 0.2104 -0.5995
vn -0.0636 0.1192 -0.9908
vn 0.7818 0.1710 -0.5996
vn 0.3207 0.1560 -0.9343
vn 0.7722 0.2104 -0.5996
vn -0.6761 0.4449 -0.5873
vn -0.7134 0.0933 -0.6945
vn -0.9721 0.2347 -0.0007
vn -0.8913 -0.1876 -0.4128
vn -0.9961 -0.0446 0.0763
vn -0.9721 0.2348 -0.0007
vn -0.3459 0.4306 -0.8336
vn -0.2052 0.9337 -0.2935
vn -0.6960 0.7002 0.1590
vn -0.1651 0.9553 0.2452
vn -0.1213 0.5846 -0.8022
vn -0.4088 0.4491 0.7945
vn -0.1480 0.7579 0.6353
vn -0.6761 0.4450 -0.5873
vn -0.7113 0.6777 -0.1865
vn -0.6791 0.7124 0.1766
vn -0.1018 0.1050 -0.9892
vn -0.1211 -0.2281 -0.9661
vn -0.2764 -0.2896 -0.9164
vn -0.2127 0.4426 0.8711
vn -0.6513 0.5961 0.4695
vn -0.6560 -0.5770 -0.4865
vn -0.9251 -0.3230 0.1996
vn -0.9961 -0.0445 0.0763
vn -0.1929 0.1059 0.9755
vn -0.6391 0.1449 0.7554
vn -0.6051 -0.1824 0.7750
vn -0.7535 0.4055 0.5175
vn -0.9195 -0.0399 0.3909
vn -0.7536 0.4055 0.5174
vn -0.9195 -0.0399 0.3910
vn -0.6791 0.7124 0.1767
vn -0.6792 0.7124 0.1767
vn -0.7113 0.6776 -0.1865
vn -0.7114 0.6776 -0.1865
vn -0.7117 0.6945 0.1053
vn -0.4117 0.7922 -0.4505
vn -0.5016 0.5721 0.6490
vn -0.4088 0.4490 0.7945
vn -0.4117 0.7921 -0.4505
vn -0.5016 0.5720 0.6490
vn -0.2965 -0.6565 0.6937
vn 0.1069 -0.3677 0.9238
vn -0.1929 0.1058 0.9755
vn -0.7840 -0.5976 0.1683
vn 0.1067 -0.3644 0.9251
vn -0.5025 -0.7786 -0.3758
vn -0.1913 -0.5541 -0.8102
vn -0.1656 -0.5285 -0.8326
vn 0.0463 -0.3413 0.9388
vn -0.3458 -0.7024 0.6221
vn 0.0301 -0.2907 0.9563
vn -0.6756 -0.7247 0.1355
vn -0.6103 -0.6467 -0.4575
vn -0.1021 -0.6749 -0.7308
vn -0.2423 -0.6559 -0.7149
vn -0.1964 0.1365 0.9710
vn -0.1518 -0.1000 0.9833
vn -0.1213 -0.0848 0.9890
vn -0.0765 -0.9401 0.3321
vn -0.0413 -0.9846 -0.1699
vn 0.1603 -0.4381 0.8845
vn -0.1701 -0.0429 0.9845
vn -0.3717 0.1354 0.9184
vn -0.5025 0.1199 0.8562
vn -0.1214 -0.0848 0.9890
vn -0.5340 -0.0696 0.8426
vn -0.9790 -0.0191 0.2032
vn -0.9247 0.3012 0.2328
vn -0.9176 -0.3098 0.2489
vn -0.4197 -0.1865 0.8883
vn -0.8863 0.4004 0.2328
vn -0.6804 0.2724 0.6804
vn -0.6757 -0.7247 0.1355
vn -0.7139 -0.1683 -0.6797
vn -0.1913 -0.2210 -0.9563
vn -0.2471 -0.4708 -0.8469
vn -0.0861 0.1818 -0.9796
vn -0.6201 0.3287 -0.7123
vn -0.0107 0.4783 -0.8781
vn 0.1369 0.3200 -0.9375
vn -0.2340 0.3219 -0.9174
vn -0.2430 -0.0296 -0.9696
vn 0.2380 -0.0579 -0.9695
vn -0.5828 0.4960 -0.6437
vn -0.7976 0.2308 -0.5573
vn -0.9676 0.2405 0.0762
vn -0.7119 0.1017 -0.6949
vn 0.2874 -0.4282 -0.8568
vn -0.2091 -0.3601 -0.9092
vn 0.2962 -0.6423 -0.7069
vn 0.4466 -0.7760 -0.4454
vn -0.0831 -0.2290 -0.9699
vn -0.7475 0.2926 -0.5964
vn 0.0226 0.0583 -0.9980
vn -0.9505 0.3066 0.0494
vn -0.9306 0.3323 0.1533
vn -0.5803 0.2784 0.7653
vn -0.5602 0.2288 0.7962
vn 0.0623 0.0494 0.9968
vn 0.4771 -0.2649 0.8380
vn 0.5201 -0.8075 0.2783
vn -0.0766 -0.9401 0.3321
vn -0.6658 0.1002 0.7394
vn 0.0413 0.0573 0.9975
vn -0.9707 0.1928 0.1432
vn 0.5773 -0.1576 0.8012
vn 0.5908 -0.2538 0.7659
vn -0.7499 0.1938 -0.6325
vn 0.0913 0.0239 -0.9955
vn 0.7750 -0.1777 -0.6065
vn 0.7937 -0.1868 -0.5789
vn 0.9478 -0.2599 0.1845
vn 0.9370 -0.2859 0.2010
vn 0.5201 -0.8074 0.2784
vn 0.5681 -0.5121 -0.6443
vn 0.4465 -0.7760 -0.4454
vn 0.9369 -0.2859 0.2010
vn 0.5346 -0.2687 0.8013
vn 0.5797 -0.3125 0.7525
vn 0.9324 -0.2869 0.2197
vn 0.9387 -0.3025 0.1656
vn 0.9307 -0.2718 0.2450
vn 0.4936 -0.2368 0.8368
vn -0.0727 -0.1950 0.9781
vn -0.0171 -0.1243 0.9921
vn -0.6314 -0.0148 0.7753
vn -0.6965 -0.0705 0.7141
vn -0.9838 0.0899 0.1554
vn -0.9893 0.0463 0.1381
vn -0.7337 -0.0806 0.6747
vn -0.0572 -0.2314 0.9712
vn 0.0679 -0.0010 0.9977
vn -0.7805 0.1084 -0.6157
vn -0.7818 0.0322 -0.6227
vn -0.9965 0.0225 0.0807
vn -0.7511 0.0039 -0.6602
vn 0.0712 -0.0303 -0.9970
vn 0.0651 -0.0708 -0.9954
vn 0.7905 -0.1978 -0.5796
vn 0.7930 -0.1931 -0.5778
vn 0.0989 -0.0897 -0.9910
vn 0.7951 -0.2189 -0.5657
vn 0.4936 -0.2368 0.8369
vn 0.5908 -0.2537 0.7659
vn 0.9370 -0.2858 0.2010
vn 0.9307 -0.2718 0.2449
vn -0.1088 0.7795 0.6169
vn -0.0401 0.9730 0.2275
vn -0.5447 0.6674 0.5079
vn -0.6366 0.7636 0.1081
vn -0.5045 0.7928 0.3419
vn -0.0954 0.8356 0.5409
vn -0.6666 0.7453 0.0131
vn -0.5112 0.7705 -0.3807
vn -0.4462 0.8212 -0.3558
vn -0.5146 0.7433 -0.4274
vn -0.5751 0.6287 -0.5235
vn -0.6721 0.5160 0.5311
vn -0.1486 0.5174 0.8428
vn -0.8448 0.5332 0.0455
vn -0.5420 0.4657 -0.6996
vn -0.1341 -0.6358 0.7602
vn -0.6280 -0.6153 0.4765
vn -0.7631 -0.6448 0.0432
vn -0.5251 -0.6104 -0.5931
vn -0.1748 -0.4134 -0.8936
vn -0.8145 0.2585 -0.5194
vn 0.1041 -0.8007 -0.5900
vn 0.1006 -0.8150 -0.5707
vn 0.0459 0.9644 -0.2603
vn 0.0506 0.9566 -0.2869
vn -0.1421 0.5750 0.8057
vn -0.8152 0.5026 0.2879
vn -0.0844 0.8738 0.4789
vn -0.5477 0.7834 0.2937
vn -0.9017 0.4263 -0.0726
vn -0.5751 0.6287 -0.5234
vn -0.9020 0.4316 0.0136
vn -0.8092 0.5716 0.1361
vn -0.6434 0.7456 -0.1736
vn -0.7839 0.4257 -0.4520
vn 0.0934 0.8431 -0.5295
vn 0.1590 0.4026 -0.9014
vn -0.8145 0.2585 -0.5195
vn -0.5625 -0.2028 0.8016
vn -0.8317 0.1615 -0.5311
vn 0.1671 0.2716 -0.9478
vn -0.8967 0.2272 0.3798
vn -0.1651 0.3096 0.9364
vn -0.7090 0.6568 -0.2568
vn 0.1372 0.6128 -0.7783
vn -0.9220 0.3452 -0.1754
vn -0.7936 0.5088 0.3336
vn -0.9019 0.4316 0.0136
vn -0.5625 -0.2028 0.8015
vn -0.7038 -0.5192 0.4850
vn -0.7351 -0.6215 -0.2708
vn -0.5933 0.2030 -0.7789
vn -0.4513 -0.5819 -0.6766
vn 0.1370 -0.6143 -0.7771
vn 0.1717 0.1513 -0.9735
vn -0.1283 -0.6742 0.7274
vn -0.1278 -0.6774 0.7244
vn -0.7038 -0.5191 0.4849
vn -0.1241 -0.6774 0.7251
vn -0.5624 -0.2028 0.8016
vn 0.1040 -0.8007 -0.5900
vn -0.1340 -0.6358 0.7602
vn 0.5612 0.7636 0.3193
vn 0.3382 0.6674 0.6635
vn 0.3572 0.7928 0.4938
vn 0.6219 0.7453 0.2403
vn 0.6106 0.7705 -0.1829
vn 0.5410 0.8212 -0.1818
vn 0.6297 0.7433 -0.2256
vn 0.7195 0.6287 -0.2952
vn 0.4499 0.5160 0.7289
vn 0.7783 0.5332 0.3317
vn 0.7486 0.4657 -0.4720
vn 0.4272 -0.6153 0.6625
vn 0.7023 -0.6448 0.3016
vn 0.6963 -0.6104 -0.3778
vn 0.4699 -0.4134 -0.7800
vn 0.9430 0.2585 -0.2095
vn -0.0845 0.8738 0.4789
vn 0.6676 0.5026 0.5493
vn 0.4142 0.7834 0.4634
vn 0.8721 0.4263 0.2401
vn 0.7194 0.6287 -0.2952
vn 0.8429 0.4316 0.3213
vn 0.7138 0.5716 0.4046
vn 0.6640 0.7456 0.0569
vn 0.8912 0.4257 -0.1566
vn 0.1589 0.4026 -0.9015
vn 0.9430 0.2585 -0.2096
vn 0.4699 -0.4134 -0.7799
vn 0.2544 -0.2028 0.9456
vn 0.9632 0.1615 -0.2146
vn 0.7127 0.2272 0.6636
vn 0.7540 0.6568 0.0011
vn 0.9264 0.3452 0.1505
vn 0.6317 0.5088 0.5849
vn 0.8429 0.4316 0.3212
vn 0.2545 -0.2028 0.9456
vn 0.4955 -0.5192 0.6964
vn 0.7834 -0.6215 -0.0030
vn 0.8240 0.2030 -0.5290
vn 0.6555 -0.5819 -0.4814
vn 0.1716 0.1513 -0.9735
vn -0.1282 -0.6742 0.7274
vn -0.1273 -0.6774 0.7245
vn 0.7834 -0.6215 -0.0031
vn 0.4955 -0.5191 0.6964
vn 0.1371 -0.6143 -0.7771
vn 0.0963 -0.8149 -0.5715
vn -0.1277 -0.6774 0.7244
vn 0.4698 -0.4134 -0.7800
vn -0.1341 -0.6358 0.7601
vn 0.4272 -0.6153 0.6626
vn 0.6963 -0.6104 -0.3777
vn -0.8553 -0.5154 -0.0533
vn -0.9849 0.1689 0.0379
vn -0.8966 -0.2314 -0.3776
vn 0.3930 -0.7637 -0.5121
vn 0.2284 -0.9670 -0.1129
vn -0.8411 0.5345 -0.0827
vn -0.7176 0.3718 -0.5889
vn -0.7171 0.5003 -0.4852
vn -0.8780 0.0697 -0.4735
vn 0.2521 0.7910 -0.5574
vn -0.4554 0.8385 -0.2991
vn -0.7928 -0.2167 -0.5697
vn 0.9396 0.1908 -0.2842
vn 0.6054 0.5962 -0.5272
vn -0.8715 -0.0339 -0.4893
vn -0.7422 0.6580 0.1272
vn -0.7977 -0.2193 -0.5617
vn -0.4536 0.8310 -0.3220
vn -0.7940 0.6079 0.0030
vn -0.8244 -0.0800 -0.5604
vn -0.4289 0.8400 -0.3325
vn 0.4052 -0.5453 -0.7338
vn 0.0666 0.9919 0.1086
vn -0.6439 0.7073 -0.2918
vn -0.1495 0.2972 0.9431
vn -0.7436 0.0858 0.6631
vn -0.8268 -0.2772 0.4893
vn -0.7361 0.5104 -0.4447
vn -0.8553 -0.5154 -0.0534
vn -0.1684 -0.8448 0.5079
vn 0.2761 -0.8392 0.4685
vn 0.3330 -0.8087 0.4849
vn 0.2008 0.3471 -0.9161
vn 0.4111 0.1366 -0.9013
vn 0.2284 -0.9670 -0.1128
vn -0.7360 0.5104 -0.4447
vn -0.6438 0.7074 -0.2918
vn -0.9849 0.1688 0.0379
vn 0.9396 0.1907 -0.2841
vn 0.4110 0.1366 -0.9013
vn 0.2007 0.3471 -0.9161
vn 0.9616 -0.2685 -0.0562
vn 0.6534 -0.5837 -0.4820
vn 0.9951 0.0210 -0.0966
vn 0.4919 -0.6000 -0.6309
vn 0.6729 0.4785 -0.5641
vn 0.9978 -0.0145 -0.0644
vn 0.6577 0.5110 -0.5534
vn 0.2283 -0.9670 -0.1129
vn 0.5879 -0.6120 -0.5290
vn 0.6054 0.5963 -0.5272
vn 0.5260 -0.5707 -0.6305
vn -0.2023 -0.6260 -0.7532
vn -0.4675 0.8262 0.3144
vn -0.7261 -0.1737 -0.6653
vn -0.6074 0.3305 -0.7224
vn -0.3524 0.9258 -0.1367
vn 0.4918 -0.6000 -0.6309
vn -0.2022 -0.6260 -0.7532
vn -0.4537 0.8309 -0.3221
vn 0.6729 0.4785 -0.5642
vn 0.9951 0.0210 -0.0965
vn -0.4291 0.8274 0.3623
vn -0.2660 -0.5928 -0.7602
vn 0.5879 -0.6121 -0.5289
vn 0.5261 -0.5707 -0.6305
vn -0.4554 0.8385 -0.2992
vn 0.6053 0.5963 -0.5272
vn -0.4676 0.8261 0.3144
vn -0.4289 0.8399 -0.3325
vn -0.3524 0.9258 -0.1368
vn -0.4288 0.8400 -0.3325
vn -0.3066 0.9517 0.0143
vn -0.5753 0.4979 -0.6489
vn -0.8781 0.0697 -0.4735
vn -0.7520 -0.1085 -0.6502
vn -0.7519 -0.1085 -0.6502
vn 0.9198 0.0022 0.3923
vn 0.7185 -0.6530 0.2395
vn 0.9198 -0.3903 -0.0396
vn -0.3065 -0.7025 -0.6423
vn -0.3319 -0.9180 -0.2171
vn 0.8921 0.3829 0.2397
vn 0.9321 0.2275 -0.2820
vn 0.9162 0.3574 -0.1814
vn 0.9876 -0.0935 -0.1264
vn 0.1001 0.8043 -0.5857
vn 0.6660 0.7404 -0.0905
vn 0.8955 -0.3644 -0.2556
vn -0.7299 0.3368 -0.5948
vn -0.2680 0.6727 -0.6897
vn 0.9698 -0.1950 -0.1467
vn 0.7470 0.5278 0.4042
vn 0.8967 -0.3676 -0.2464
vn 0.6714 0.7325 -0.1128
vn 0.8306 0.4658 0.3052
vn 0.9441 -0.2347 -0.2313
vn 0.6538 0.7452 -0.1311
vn -0.2019 -0.4921 -0.8468
vn 0.4609 -0.0196 0.8872
vn 0.8145 0.5797 -0.0204
vn -0.1494 0.2972 0.9431
vn 0.0665 0.9919 0.1086
vn 0.5385 -0.3967 0.7434
vn 0.9208 0.3654 -0.1364
vn 0.7185 -0.6530 0.2394
vn -0.5619 -0.7659 0.3126
vn -0.6148 -0.7258 0.3086
vn -0.0330 0.1755 -0.9839
vn -0.3319 -0.9180 -0.2170
vn 0.8145 0.5798 -0.0204
vn 0.1002 0.8043 -0.5857
vn 0.8922 0.3829 0.2397
vn -0.5618 -0.7659 0.3126
vn -0.0330 0.1754 -0.9839
vn 0.2009 0.3471 -0.9161
vn -0.9086 -0.1049 -0.4042
vn -0.5263 -0.4805 -0.7015
vn -0.8764 0.1847 -0.4448
vn -0.3275 -0.5283 -0.7833
vn -0.3366 0.5668 -0.7519
vn -0.8963 0.1512 -0.4168
vn -0.2020 -0.4922 -0.8467
vn -0.3210 0.5967 -0.7355
vn -0.4541 -0.5209 -0.7228
vn -0.3541 -0.4937 -0.7943
vn 0.8715 0.2011 -0.4473
vn 0.4560 0.7454 0.4863
vn 0.8756 -0.3138 -0.3673
vn 0.3497 -0.6742 -0.6505
vn 0.5281 0.8488 0.0270
vn 0.3491 -0.6743 -0.6507
vn 0.8968 -0.3675 -0.2465
vn -0.3274 -0.5284 -0.7833
vn -0.3366 0.5668 -0.7520
vn -0.8764 0.1847 -0.4447
vn 0.4039 0.7545 0.5173
vn 0.4163 -0.6525 -0.6332
vn -0.2679 0.6727 -0.6897
vn -0.8963 0.1512 -0.4169
vn 0.4561 0.7453 0.4863
vn -0.3210 0.5967 -0.7354
vn 0.9441 -0.2348 -0.2313
vn -0.2019 -0.4922 -0.8468
vn 0.8756 -0.3139 -0.3673
vn 0.8715 0.2011 -0.4472
vn 0.9321 0.2274 -0.2820
vn 0.8306 0.4658 0.3053
vn 0.4560 0.7454 0.4862
vn 0.3496 -0.6742 -0.6505
vn 0.6714 0.7325 -0.1127
vn 0.7470 0.5277 0.4043
vn 0.4364 0.8867 0.1525
vn 0.8439 0.3737 -0.3848
vn 0.9049 -0.2535 -0.3420
vn 0.4039 0.7545 0.5172
vn 0.9049 -0.2534 -0.3420
vn 0.1665 0.9466 -0.2760
vn 0.1617 0.6425 -0.7490
vn -0.0453 0.9686 -0.2445
vn -0.3466 0.6613 -0.6652
vn 0.1428 0.9872 0.0704
vn -0.2078 0.9768 -0.0520
vn -0.7164 0.6467 -0.2620
vn -0.3467 0.6613 -0.6652
vn -0.2145 0.9704 0.1108
vn -0.7163 0.6467 -0.2620
vn -0.7968 0.5601 0.2266
vn -0.0560 0.9716 0.2301
vn -0.6009 0.6979 0.3898
vn -0.5646 0.1865 0.8040
vn 0.1703 0.8026 -0.5716
vn 0.1288 0.9706 0.2035
vn -0.5074 0.0021 -0.8617
vn -0.3466 0.6614 -0.6652
vn 0.0958 0.0715 -0.9928
vn -0.9488 0.1290 -0.2883
vn -0.9700 -0.0890 -0.2263
vn -0.7164 0.6466 -0.2621
vn -0.2907 -0.2839 -0.9137
vn 0.0444 -0.2569 -0.9654
vn -0.5493 -0.0609 -0.8334
vn -0.9183 0.0047 0.3960
vn -0.8346 -0.1649 0.5255
vn -0.1761 -0.0371 0.9837
vn -0.1210 -0.2542 0.9596
vn -0.8408 -0.0384 0.5400
vn -0.9237 -0.0147 -0.3829
vn 0.0515 -0.2159 -0.9750
vn 0.0637 -0.1410 -0.9880
vn -0.5645 0.1865 0.8041
vn -0.1173 -0.2240 0.9675
vn -0.8903 0.2659 -0.3697
vn 0.1112 0.1911 -0.9752
vn -0.8454 0.2242 0.4848
vn -0.0748 0.0704 0.9947
vn -0.1122 -0.1876 0.9758
vn 0.0638 -0.1374 -0.9885
vn -0.9006 -0.2003 -0.3856
vn -0.8076 -0.0942 0.5821
vn -0.0791 0.0443 0.9959
vn -0.3728 -0.9258 -0.0620
vn -0.0889 -0.8683 -0.4880
vn -0.1641 -0.6795 0.7151
vn -0.3159 -0.8358 0.4491
vn -0.6008 0.6979 0.3898
vn -0.2723 -0.1455 0.9511
vn -0.1762 -0.0371 0.9837
vn -0.0782 0.0507 0.9957
vn -0.1210 -0.2541 0.9596
vn -0.0957 -0.0809 0.9921
vn -0.0282 0.3483 0.9370
vn -0.6636 0.4699 -0.5820
vn 0.1522 0.9876 -0.0381
vn -0.1468 -0.5598 0.8156
vn -0.2724 -0.1455 0.9511
vn -0.0781 0.0507 0.9957
vn 0.1027 0.1162 -0.9879
vn 0.1521 0.9876 -0.0381
vn 0.3611 0.0506 -0.9312
vn 0.1024 0.1144 -0.9881
vn -0.6009 0.6978 0.3898
vn 0.1703 0.8026 -0.5717
vn -0.3728 -0.9259 -0.0619
vn 0.6314 0.5127 -0.5818
vn 0.3671 0.9064 -0.2090
vn 0.4903 0.8715 0.0082
vn 0.9075 0.4018 -0.1222
vn 0.4675 0.8676 0.1696
vn 0.9075 0.4018 -0.1221
vn 0.8762 0.3078 0.3708
vn 0.2986 0.9181 0.2606
vn 0.8762 0.3079 0.3708
vn 0.7035 0.5001 0.5049
vn 0.4516 0.0333 0.8916
vn 0.1702 0.8027 -0.5716
vn 0.6189 -0.1687 -0.7671
vn 0.9788 -0.1623 -0.1250
vn 0.9256 -0.3726 -0.0669
vn 0.3426 -0.3784 -0.8599
vn 0.0445 -0.2569 -0.9654
vn 0.6355 -0.2379 -0.7345
vn 0.7996 -0.2543 0.5440
vn 0.6500 -0.3875 0.6537
vn -0.0095 -0.0622 0.9980
vn 0.6908 -0.2667 0.6720
vn 0.9304 -0.2897 -0.2245
vn -0.1173 -0.2241 0.9675
vn 0.9775 -0.0150 -0.2102
vn 0.1112 0.1912 -0.9752
vn 0.7806 -0.0192 0.6248
vn -0.1123 -0.1876 0.9758
vn 0.8532 -0.4662 -0.2339
vn 0.6352 -0.3119 0.7066
vn 0.0903 -0.9957 -0.0220
vn -0.0224 -0.8800 0.4744
vn -0.0957 -0.0808 0.9921
vn 0.0535 -0.1884 0.9806
vn -0.1467 -0.5597 0.8156
vn 0.8597 0.2402 -0.4508
vn 0.7035 0.5002 0.5049
vn 0.1026 0.1162 -0.9879
vn -0.1693 0.1306 -0.9769
vn 0.1024 0.1145 -0.9881
vn -0.0224 -0.8801 0.4743
vn -0.6372 -0.2229 0.7378
vn -0.9681 -0.2419 -0.0647
vn -0.7998 -0.3876 0.4583
vn -0.9126 -0.4085 0.0167
vn -0.6227 -0.0746 0.7789
vn -0.9967 0.0732 -0.0340
vn -0.7999 -0.3875 0.4583
vn -0.0945 -0.0973 0.9908
vn -0.0904 -0.0845 0.9923
vn 0.3477 -0.0494 0.9363
vn 0.5078 -0.2950 0.8094
vn -0.1177 -0.1187 0.9859
vn -0.5943 0.0349 0.8034
vn -0.5944 0.0349 0.8034
vn 0.7698 -0.1106 0.6286
vn 0.0527 0.6459 0.7616
vn -0.2574 0.9622 0.0892
vn 0.0526 0.6459 0.7616
vn 0.9945 -0.0986 0.0340
vn 0.7698 -0.1107 0.6286
vn -0.5943 0.0349 0.8035
vn -0.9741 0.2254 -0.0184
vn 0.9424 -0.3343 0.0120
vn 0.3477 -0.0495 0.9363
vn 0.9983 0.0081 0.0574
vn -0.6227 -0.0747 0.7789
vn -0.8224 -0.3366 -0.4586
vn -0.5335 -0.0711 -0.8428
vn -0.5442 0.0895 -0.8342
vn -0.5335 -0.0710 -0.8428
vn 0.0978 0.0961 -0.9906
vn 0.0898 0.0825 -0.9925
vn -0.5442 0.0895 -0.8341
vn 0.6106 0.0374 -0.7910
vn 0.6142 -0.1707 -0.7704
vn 0.1150 0.1178 -0.9864
vn -0.5058 0.2082 -0.8372
vn -0.5058 0.2081 -0.8372
vn 0.8249 -0.0026 -0.5652
vn 0.1160 0.7835 -0.6105
vn 0.6106 0.0375 -0.7910
vn -0.4526 -0.0654 0.8893
vn -0.0652 -0.1164 0.9911
vn -0.8297 0.0286 0.5575
vn -0.0638 -0.1159 0.9912
vn -0.4992 -0.0230 0.8662
vn -0.0670 -0.1202 0.9905
vn -0.8240 0.0631 0.5631
vn -0.0668 -0.1201 0.9905
vn -0.9908 0.1342 -0.0170
vn -0.9916 0.1257 -0.0290
vn -0.9890 0.1466 -0.0172
vn -0.9856 0.1664 -0.0294
vn 0.0603 0.1139 -0.9917
vn 0.0620 0.1146 -0.9915
vn -0.7818 0.1711 -0.5995
vn -0.3207 0.1559 -0.9343
vn 0.0636 0.1192 -0.9908
vn 0.0640 0.1194 -0.9908
vn -0.7722 0.2104 -0.5995
vn -0.3731 0.1939 -0.9073
vn -0.3207 0.1560 -0.9343
vn -0.7818 0.1710 -0.5996
vn -0.7722 0.2104 -0.5996
vn 0.3246 -0.1587 0.9324
vn 0.2471 0.9598 -0.1331
vn 0.7481 -0.0140 0.6634
vn 0.6573 0.7109 -0.2500
vn 0.0062 0.4538 0.8911
vn 0.0849 0.1619 0.9831
vn 0.5672 0.7340 0.3735
vn 0.3591 -0.2477 0.8998
vn -0.1030 0.0142 0.9946
vn 0.2211 0.1451 0.9644
vn 0.2748 -0.3308 0.9028
vn 0.5840 0.5239 0.6201
vn 0.0430 0.5047 0.8622
vn -0.0804 -0.4199 0.9040
vn 0.6150 0.5908 0.5222
vn -0.0000 0.3042 0.9526
vn 0.0000 0.9959 0.0907
vn -0.0735 0.4097 -0.9092
vn -0.0000 0.6457 -0.7636
vn -0.0001 0.9959 0.0907
vn 0.0000 -0.2081 0.9781
vn 0.7482 -0.0140 0.6634
vn 0.6667 -0.1483 0.7304
vn 0.4963 -0.7006 0.5127
vn -0.4737 -0.8541 -0.2149
vn -0.0803 -0.4199 0.9040
vn -0.0530 -0.9825 -0.1783
vn 0.8759 -0.0848 -0.4749
vn 0.2024 0.8075 0.5540
vn 0.3591 -0.1378 -0.9231
vn 0.5046 -0.7282 -0.4638
vn 0.3601 -0.7148 0.5996
vn 0.4593 -0.8148 -0.3538
vn 0.8828 -0.1346 -0.4501
vn 0.5840 0.5239 0.6200
vn 0.3838 0.6534 0.6525
vn 0.4522 -0.0881 -0.8875
vn 0.5307 -0.7333 -0.4250
vn 0.3805 -0.4541 0.8056
vn 0.3604 -0.7040 -0.6119
vn 0.3592 -0.2476 0.8998
vn 0.8128 0.1965 -0.5484
vn -0.4737 -0.8541 -0.2150
vn 0.4963 -0.7006 0.5126
vn 0.8759 -0.0849 -0.4749
vn -0.0529 -0.9826 -0.1783
vn 0.4593 -0.8147 -0.3538
vn 0.8827 -0.1345 -0.4502
vn 0.3604 -0.7041 -0.6119
vn 0.1894 0.6932 0.6954
vn 0.0849 0.1620 0.9831
vn 0.4169 -0.0057 0.9089
vn 0.1753 0.8058 0.5657
vn 0.0429 0.5046 0.8623
vn 0.2025 0.8075 0.5540
vn 0.2212 0.1451 0.9644
vn 0.5177 0.0258 0.8551
vn 0.3601 -0.7148 0.5995
vn 0.3796 0.6568 0.6515
vn 0.3601 -0.7147 0.5995
vn 0.5178 0.0258 0.8551
vn 0.7155 -0.3228 0.6195
vn 0.8121 0.0207 0.5831
vn 0.0000 -0.3234 0.9463
vn -0.0000 0.1200 0.9928
vn -0.0000 -0.7014 0.7128
vn 0.8259 -0.3238 0.4616
vn 0.6667 -0.1482 0.7305
vn -0.0000 -0.2080 0.9781
vn -0.0835 0.8358 0.5427
vn 0.7684 0.5080 0.3892
vn -0.1196 0.9928 -0.0000
vn 0.7964 0.6047 -0.0000
vn 0.7637 0.2177 0.6078
vn -0.0282 0.4075 0.9128
vn 0.7661 -0.2980 0.5695
vn 0.0112 -0.0724 0.9973
vn 0.0638 -0.7265 0.6842
vn -0.8068 0.4584 0.3727
vn -0.8227 0.5685 -0.0000
vn -0.7586 0.1099 0.6422
vn -0.6853 -0.4594 0.5651
vn 0.9106 0.2713 0.3118
vn 0.9470 0.3212 0.0000
vn 0.8877 0.1314 0.4413
vn 0.7942 -0.5663 0.2204
vn 0.6725 -0.4756 -0.5670
vn 0.0433 -0.9005 -0.4326
vn -0.7852 -0.6193 0.0000
vn -0.8330 -0.4931 -0.2510
vn -0.8290 -0.4046 -0.3861
vn -0.5755 -0.5786 -0.5780
vn 0.6725 -0.4757 -0.5670
vn -0.1145 -0.3620 -0.9251
vn 0.7942 -0.5662 0.2204
vn -0.2627 -0.9649 0.0000
vn 0.0294 -0.9843 -0.1743
vn -0.0371 -0.9971 -0.0660
vn -0.1783 -0.9738 -0.1413
vn -0.4788 -0.8779 -0.0000
vn -0.0558 -0.9984 0.0000
vn 0.3775 0.9260 0.0000
vn 0.3651 0.6633 0.6533
vn 0.9106 0.2714 0.3118
vn 0.3259 -0.3315 0.8854
vn 0.6795 0.7337 -0.0000
vn 0.6280 0.5213 0.5778
vn 0.9189 -0.3946 0.0000
vn 0.4310 -0.3935 0.8120
vn -0.0557 -0.9984 -0.0000
vn -0.0835 0.8358 -0.5427
vn 0.7684 0.5080 -0.3892
vn 0.7637 0.2177 -0.6078
vn -0.0282 0.4075 -0.9128
vn 0.7661 -0.2980 -0.5695
vn 0.0112 -0.0724 -0.9973
vn 0.0638 -0.7265 -0.6842
vn -0.8068 0.4584 -0.3727
vn -0.7586 0.1099 -0.6422
vn -0.6853 -0.4594 -0.5651
vn 0.9106 0.2713 -0.3118
vn 0.8877 0.1314 -0.4413
vn 0.7942 -0.5662 -0.2204
vn 0.6725 -0.4756 0.5670
vn 0.0433 -0.9005 0.4326
vn -0.8330 -0.4931 0.2510
vn -0.8290 -0.4046 0.3861
vn -0.5755 -0.5786 0.5780
vn -0.1145 -0.3620 0.9251
vn 0.6725 -0.4757 0.5670
vn 0.0294 -0.9843 0.1743
vn -0.0371 -0.9971 0.0660
vn -0.1783 -0.9738 0.1413
vn 0.3651 0.6633 -0.6533
vn 0.3259 -0.3315 -0.8854
vn 0.8877 0.1314 -0.4412
vn 0.7942 -0.5663 -0.2204
vn 0.6280 0.5213 -0.5778
vn 0.4310 -0.3935 -0.8120
vn 0.0975 0.0424 0.9943
vn 0.5054 -0.0487 0.8615
vn 0.3435 -0.1988 0.9179
vn 0.4358 0.4391 0.7856
vn 0.1481 -0.2229 0.9635
vn 0.4153 0.4182 0.8079
vn 0.0455 -0.3108 0.9494
vn 0.4220 0.4413 0.7919
vn 0.0601 -0.5280 0.8471
vn 0.5867 0.0771 0.8061
vn 0.1861 0.3070 0.9333
vn 0.3907 -0.2458 0.8871
vn 0.5567 -0.2529 0.7913
vn 0.1935 0.3142 0.9294
vn 0.6226 -0.2809 0.7304
vn 0.6785 -0.6376 0.3647
vn 0.3636 0.6567 0.6607
vn 0.1477 -0.6052 0.7823
vn 0.6650 -0.1012 0.7400
vn 0.4412 -0.1169 0.8898
vn 0.3591 -0.4465 0.8196
vn 0.1479 -0.2433 0.9586
vn -0.0246 -0.6868 0.7264
vn 0.1421 -0.8189 0.5561
vn -0.1082 -0.8110 0.5749
vn -0.2693 -0.8050 -0.5287
vn -0.2000 -0.7230 -0.6612
vn -0.3977 -0.6398 -0.6576
vn -0.1978 -0.0409 -0.9794
vn -0.1373 -0.9903 0.0201
vn 0.9504 -0.2475 -0.1885
vn 0.3436 -0.1988 0.9178
vn 0.4779 0.8663 -0.1457
vn 0.9504 -0.2474 -0.1886
vn 0.4509 0.8835 -0.1268
vn 0.4152 0.4182 0.8079
vn 0.3622 0.9272 -0.0956
vn -0.5897 0.7638 0.2624
vn -0.8607 0.3933 0.3232
vn -0.2148 0.9744 0.0668
vn 0.1646 0.9857 -0.0372
vn -0.3915 -0.5089 -0.7667
vn 0.2522 -0.6422 -0.7239
vn 0.6226 -0.2808 0.7304
vn -0.1308 -0.2908 -0.9478
vn -0.1325 -0.8498 -0.5102
vn 0.2237 -0.8588 0.4609
vn 0.4582 -0.4322 0.7767
vn 0.4412 -0.1170 0.8898
vn 0.6649 -0.1012 0.7400
vn -0.2219 -0.7234 -0.6538
vn 0.5817 -0.0777 -0.8097
vn 0.1860 -0.8002 0.5702
vn 0.9690 -0.1235 0.2138
vn 0.4411 -0.1169 0.8898
vn 0.0344 -0.7005 0.7128
vn 0.4581 -0.4322 0.7767
vn -0.4031 -0.6492 -0.6450
vn -0.1919 0.0086 -0.9814
vn -0.5642 0.1740 -0.8071
vn -0.2844 -0.0966 -0.9538
vn -0.2826 -0.1778 -0.9426
vn -0.1066 -0.2184 -0.9700
vn -0.4474 0.3423 -0.8262
vn -0.1309 -0.2908 -0.9478
vn 0.2523 -0.6422 -0.7239
vn -0.1310 0.7020 -0.7000
vn -0.0942 0.5041 -0.8585
vn -0.3457 -0.2442 -0.9060
vn 0.0160 0.4631 -0.8862
vn -0.3039 -0.2707 -0.9134
vn 0.1168 0.4778 -0.8707
vn -0.2185 -0.4827 -0.8481
vn 0.2192 0.0840 -0.9721
vn -0.4505 0.4066 -0.7948
vn -0.1977 -0.0409 -0.9794
vn -0.3665 -0.2932 -0.8830
vn -0.2100 -0.4051 -0.8898
vn 0.0166 -0.0612 -0.9980
vn -0.2001 -0.7230 -0.6612
vn -0.2694 -0.8049 -0.5287
vn 0.9504 -0.2475 -0.1886
vn 0.0159 0.4631 -0.8862
vn -0.4505 0.4066 -0.7949
vn -0.5643 0.1740 -0.8071
vn 0.1647 0.9856 -0.0372
vn -0.1756 -0.3663 -0.9138
vn -0.2826 -0.1777 -0.9426
vn -0.1067 -0.2184 -0.9700
vn -0.2218 -0.7234 -0.6539
vn -0.4031 -0.6492 -0.6451
vn 0.7293 0.0097 -0.6841
vn 0.0000 0.1719 -0.9851
vn 0.7344 0.5215 -0.4343
vn 0.0000 0.6730 -0.7396
vn 0.7483 0.2018 0.6319
vn 0.8512 -0.3172 0.4182
vn 0.0000 0.8800 0.4750
vn 0.0000 -0.2185 -0.9758
vn 0.5317 -0.3163 -0.7857
vn 0.7443 -0.5046 0.4375
vn -0.0000 -0.1081 0.9941
vn -0.0000 0.0464 0.9989
vn 0.8257 -0.3821 0.4150
vn 0.0000 0.1867 0.9824
vn -0.0000 -0.9208 0.3900
vn 0.5316 -0.3163 -0.7857
vn -0.0000 -0.1324 -0.9912
vn 0.0000 -0.5493 -0.8356
vn 0.8257 -0.3820 0.4150
vn 0.2795 -0.9576 -0.0703
vn 0.2049 -0.9764 -0.0680
vn 0.2412 -0.7585 0.6054
vn 0.1718 -0.7362 0.6546
vn 0.1856 -0.5370 0.8229
vn 0.0630 -0.3256 0.9434
vn -0.0167 -0.2462 0.9691
vn -0.2762 0.3305 0.9025
vn -0.2663 0.2425 0.9329
vn -0.3865 0.7061 0.5933
vn -0.3646 0.7021 0.6116
vn -0.3808 0.9246 0.0033
vn -0.3535 0.9307 0.0938
vn 0.0867 -0.6985 -0.7103
vn 0.0553 -0.6876 -0.7240
vn 0.0331 -0.4126 -0.9103
vn -0.1884 -0.1665 -0.9679
vn -0.1133 -0.1484 -0.9824
vn -0.2874 0.3249 -0.9010
vn -0.3468 0.3187 -0.8821
vn -0.3653 0.7220 -0.5876
vn -0.3738 0.7287 -0.5739
vn 0.0613 0.5131 0.8561
vn -0.0143 0.5465 0.8373
vn 0.0294 0.9996 -0.0022
vn -0.0846 0.9964 -0.0079
vn 0.0117 -0.5606 0.8280
vn 0.0762 -0.5526 0.8299
vn 0.0428 -0.9991 -0.0074
vn -0.0773 -0.9970 0.0053
vn 0.0811 0.9967 -0.0036
vn 0.0941 0.5240 0.8465
vn 0.0666 -0.5712 0.8181
vn 0.1892 0.4151 0.8899
vn -0.0296 -0.6100 0.7918
vn -0.1029 -0.9946 0.0097
vn 0.0575 -0.9983 0.0014
vn 0.0209 0.9996 -0.0186
vn 0.0239 -0.6035 0.7970
vn 0.2239 -0.4810 0.8477
vn -0.0182 -0.9994 -0.0278
vn 0.1854 -0.5370 0.8229
vn 0.2439 0.4158 0.8762
vn 0.2439 0.4158 0.8761
vn 0.6269 0.4913 0.6047
vn -0.2142 0.9766 -0.0209
vn 0.0785 0.5343 -0.8416
vn 0.0294 0.9996 -0.0023
vn -0.0084 0.5500 -0.8351
vn 0.0807 -0.5180 -0.8516
vn -0.0095 -0.5582 -0.8296
vn 0.0913 0.5160 -0.8517
vn 0.0864 -0.5471 -0.8326
vn 0.1471 0.4742 -0.8681
vn -0.0108 -0.6423 -0.7664
vn -0.1028 -0.9947 0.0097
vn 0.1295 0.0200 -0.9914
vn 0.4519 -0.0332 -0.8915
vn -0.0751 -0.5741 -0.8154
vn 0.1746 -0.4012 -0.8992
vn 0.6195 0.0212 0.7847
vn 0.9934 0.1140 -0.0144
vn 0.3026 0.7614 0.5733
vn 0.3518 0.9361 0.0004
vn 0.7764 -0.4986 0.3855
vn 0.5511 -0.5673 0.6120
vn 0.2055 -0.2933 0.9337
vn 0.6983 -0.7114 -0.0786
vn -0.0670 0.3953 0.9161
vn -0.1605 0.8318 0.5313
vn -0.1283 0.9917 -0.0064
vn 0.9934 0.1140 -0.0145
vn 0.3046 0.7610 -0.5728
vn 0.6289 0.0349 -0.7767
vn 0.1834 -0.2746 -0.9439
vn 0.1746 -0.4011 -0.8992
vn -0.0654 0.3770 -0.9239
vn -0.1619 0.8379 -0.5212
vn -0.6573 0.7109 -0.2500
vn -0.2472 0.9598 -0.1331
vn -0.7481 -0.0140 0.6634
vn -0.3246 -0.1587 0.9324
vn -0.0062 0.4538 0.8911
vn -0.0849 0.1619 0.9831
vn -0.5672 0.7340 0.3735
vn -0.3591 -0.2477 0.8998
vn 0.1030 0.0142 0.9946
vn -0.2211 0.1451 0.9644
vn -0.2748 -0.3308 0.9028
vn -0.5840 0.5239 0.6201
vn -0.0430 0.5047 0.8622
vn 0.0804 -0.4199 0.9040
vn -0.6150 0.5908 0.5222
vn -0.2471 0.9598 -0.1331
vn 0.0735 0.4097 -0.9092
vn 0.0001 0.9959 0.0907
vn -0.6667 -0.1483 0.7304
vn -0.7482 -0.0140 0.6634
vn -0.4963 -0.7006 0.5127
vn 0.4737 -0.8541 -0.2149
vn 0.0803 -0.4199 0.9040
vn 0.0530 -0.9825 -0.1783
vn -0.8759 -0.0848 -0.4749
vn -0.2024 0.8075 0.5540
vn -0.3591 -0.1378 -0.9231
vn -0.5046 -0.7282 -0.4638
vn -0.3601 -0.7148 0.5996
vn -0.4593 -0.8148 -0.3538
vn -0.8828 -0.1346 -0.4501
vn -0.5840 0.5239 0.6200
vn -0.3838 0.6534 0.6525
vn -0.4522 -0.0881 -0.8875
vn -0.5307 -0.7333 -0.4250
vn -0.3805 -0.4541 0.8056
vn -0.3604 -0.7040 -0.6119
vn -0.3592 -0.2476 0.8998
vn -0.8128 0.1965 -0.5484
vn 0.4737 -0.8541 -0.2150
vn -0.4963 -0.7006 0.5126
vn -0.8759 -0.0849 -0.4749
vn 0.0529 -0.9826 -0.1783
vn -0.4593 -0.8147 -0.3538
vn -0.8827 -0.1345 -0.4502
vn -0.3604 -0.7041 -0.6119
vn -0.1894 0.6932 0.6954
vn -0.0849 0.1620 0.9831
vn -0.4169 -0.0057 0.9089
vn -0.0429 0.5046 0.8623
vn -0.2025 0.8075 0.5540
vn -0.1753 0.8058 0.5657
vn -0.2212 0.1451 0.9644
vn -0.5177 0.0258 0.8551
vn -0.3601 -0.7148 0.5995
vn -0.5178 0.0258 0.8551
vn -0.3601 -0.7147 0.5995
vn -0.8121 0.0207 0.5831
vn -0.7155 -0.3228 0.6195
vn -0.8259 -0.3238 0.4616
vn -0.6667 -0.1482 0.7305
vn -0.7964 0.6047 -0.0000
vn -0.7684 0.5080 0.3892
vn 0.1196 0.9928 -0.0000
vn 0.0835 0.8358 0.5427
vn -0.7637 0.2177 0.6078
vn 0.0282 0.4075 0.9128
vn -0.7661 -0.2980 0.5695
vn -0.0112 -0.0724 0.9973
vn -0.0638 -0.7265 0.6842
vn 0.8068 0.4584 0.3727
vn 0.8227 0.5685 -0.0000
vn 0.7586 0.1099 0.6422
vn 0.6853 -0.4594 0.5651
vn -0.9106 0.2713 0.3118
vn -0.9470 0.3212 0.0000
vn -0.8877 0.1314 0.4413
vn -0.7942 -0.5662 0.2204
vn -0.6725 -0.4756 -0.5670
vn -0.0433 -0.9005 -0.4326
vn 0.7852 -0.6193 0.0000
vn 0.8330 -0.4931 -0.2510
vn 0.8290 -0.4046 -0.3861
vn 0.5755 -0.5786 -0.5780
vn 0.1145 -0.3620 -0.9251
vn -0.6725 -0.4757 -0.5670
vn 0.2628 -0.9649 0.0000
vn -0.0294 -0.9843 -0.1743
vn 0.0371 -0.9971 -0.0660
vn 0.1783 -0.9738 -0.1413
vn 0.4788 -0.8779 -0.0000
vn 0.0558 -0.9984 0.0000
vn -0.9106 0.2714 0.3118
vn -0.3651 0.6633 0.6533
vn -0.3775 0.9260 0.0000
vn -0.3259 -0.3315 0.8854
vn -0.7942 -0.5663 0.2204
vn -0.6795 0.7337 -0.0000
vn -0.6280 0.5213 0.5778
vn -0.9189 -0.3946 0.0000
vn -0.4310 -0.3935 0.8120
vn 0.0557 -0.9984 -0.0000
vn -0.7684 0.5080 -0.3892
vn 0.0835 0.8358 -0.5427
vn -0.7637 0.2177 -0.6078
vn 0.0282 0.4075 -0.9128
vn -0.7661 -0.2980 -0.5695
vn -0.0112 -0.0724 -0.9973
vn -0.0638 -0.7265 -0.6842
vn 0.8068 0.4584 -0.3727
vn 0.7586 0.1099 -0.6422
vn 0.6853 -0.4594 -0.5651
vn -0.9106 0.2713 -0.3118
vn -0.8877 0.1314 -0.4413
vn -0.7942 -0.5663 -0.2204
vn -0.6725 -0.4756 0.5670
vn -0.0433 -0.9005 0.4326
vn 0.8330 -0.4931 0.2510
vn 0.8290 -0.4046 0.3861
vn 0.5755 -0.5786 0.5780
vn -0.6725 -0.4757 0.5670
vn 0.1145 -0.3620 0.9251
vn -0.7942 -0.5662 -0.2204
vn 0.2627 -0.9649 -0.0000
vn -0.0294 -0.9843 0.1743
vn 0.0371 -0.9971 0.0660
vn 0.1783 -0.9738 0.1413
vn -0.3651 0.6633 -0.6533
vn -0.3259 -0.3315 -0.8854
vn -0.8877 0.1314 -0.4412
vn -0.6280 0.5213 -0.5778
vn -0.4310 -0.3935 -0.8120
vn -0.5054 -0.0487 0.8615
vn -0.0975 0.0424 0.9943
vn -0.3435 -0.1988 0.9179
vn -0.4358 0.4391 0.7856
vn -0.1481 -0.2229 0.9635
vn -0.4153 0.4182 0.8079
vn -0.0455 -0.3108 0.9494
vn -0.4220 0.4413 0.7919
vn -0.0601 -0.5280 0.8471
vn -0.5867 0.0771 0.8061
vn -0.1861 0.3070 0.9333
vn -0.3907 -0.2458 0.8871
vn -0.5567 -0.2529 0.7913
vn -0.1935 0.3142 0.9294
vn -0.6226 -0.2809 0.7304
vn -0.6785 -0.6376 0.3647
vn -0.3636 0.6567 0.6607
vn -0.1477 -0.6052 0.7823
vn 0.0246 -0.6868 0.7264
vn -0.4412 -0.1169 0.8898
vn -0.1479 -0.2433 0.9586
vn -0.3591 -0.4465 0.8196
vn -0.6650 -0.1012 0.7400
vn -0.1421 -0.8189 0.5561
vn 0.1082 -0.8110 0.5749
vn 0.2693 -0.8050 -0.5287
vn 0.2000 -0.7230 -0.6612
vn 0.3977 -0.6398 -0.6576
vn 0.1978 -0.0409 -0.9794
vn 0.1373 -0.9903 0.0201
vn -0.9504 -0.2475 -0.1885
vn -0.3436 -0.1988 0.9178
vn -0.9504 -0.2474 -0.1886
vn -0.4779 0.8663 -0.1456
vn -0.4509 0.8835 -0.1268
vn -0.4152 0.4182 0.8079
vn -0.3622 0.9272 -0.0956
vn 0.5897 0.7638 0.2624
vn 0.8607 0.3933 0.3232
vn 0.2148 0.9744 0.0668
vn -0.1646 0.9857 -0.0372
vn -0.2522 -0.6422 -0.7239
vn 0.3915 -0.5089 -0.7667
vn -0.6226 -0.2808 0.7304
vn 0.1308 -0.2908 -0.9478
vn 0.1325 -0.8498 -0.5102
vn -0.2237 -0.8588 0.4609
vn -0.4582 -0.4322 0.7767
vn -0.4412 -0.1170 0.8898
vn -0.6649 -0.1012 0.7400
vn -0.9690 -0.1235 0.2138
vn -0.5817 -0.0777 -0.8097
vn -0.1860 -0.8002 0.5702
vn 0.2219 -0.7234 -0.6538
vn -0.4411 -0.1169 0.8898
vn -0.0344 -0.7005 0.7128
vn -0.4581 -0.4322 0.7767
vn 0.4031 -0.6492 -0.6450
vn 0.5642 0.1740 -0.8071
vn 0.1919 0.0086 -0.9814
vn 0.2844 -0.0966 -0.9538
vn 0.2826 -0.1778 -0.9426
vn 0.1066 -0.2184 -0.9700
vn 0.4474 0.3423 -0.8262
vn 0.1309 -0.2908 -0.9478
vn -0.2523 -0.6422 -0.7239
vn 0.1310 0.7020 -0.7000
vn 0.0942 0.5041 -0.8585
vn 0.3457 -0.2442 -0.9060
vn -0.0160 0.4631 -0.8862
vn 0.3039 -0.2707 -0.9135
vn -0.1167 0.4778 -0.8707
vn 0.2185 -0.4827 -0.8481
vn -0.2192 0.0840 -0.9721
vn 0.4505 0.4066 -0.7948
vn -0.0166 -0.0612 -0.9980
vn 0.2100 -0.4051 -0.8898
vn 0.3665 -0.2932 -0.8830
vn 0.2001 -0.7230 -0.6612
vn 0.2694 -0.8049 -0.5287
vn 0.3039 -0.2706 -0.9135
vn -0.9504 -0.2475 -0.1886
vn -0.4779 0.8663 -0.1457
vn -0.1168 0.4778 -0.8707
vn -0.4510 0.8835 -0.1268
vn -0.0159 0.4630 -0.8862
vn 0.4505 0.4066 -0.7949
vn 0.5643 0.1740 -0.8071
vn -0.1647 0.9856 -0.0372
vn 0.2826 -0.1777 -0.9426
vn 0.1756 -0.3663 -0.9138
vn 0.1067 -0.2184 -0.9700
vn 0.4031 -0.6492 -0.6451
vn 0.2218 -0.7234 -0.6539
vn -0.7344 0.5215 -0.4343
vn -0.7293 0.0097 -0.6841
vn -0.7483 0.2018 0.6319
vn -0.8512 -0.3172 0.4182
vn -0.5317 -0.3163 -0.7857
vn -0.7443 -0.5046 0.4375
vn -0.8257 -0.3821 0.4150
vn -0.5316 -0.3163 -0.7857
vn -0.8257 -0.3820 0.4150
vn -0.1718 -0.7362 0.6546
vn -0.2049 -0.9764 -0.0680
vn -0.2412 -0.7585 0.6054
vn -0.2795 -0.9576 -0.0703
vn -0.1856 -0.5370 0.8229
vn -0.0630 -0.3256 0.9434
vn 0.0167 -0.2462 0.9691
vn 0.2762 0.3305 0.9025
vn 0.2663 0.2425 0.9329
vn 0.3865 0.7061 0.5933
vn 0.3646 0.7021 0.6116
vn 0.3808 0.9246 0.0033
vn 0.3535 0.9307 0.0938
vn -0.0553 -0.6876 -0.7240
vn -0.0867 -0.6985 -0.7103
vn -0.0331 -0.4126 -0.9103
vn 0.1884 -0.1665 -0.9679
vn 0.1133 -0.1484 -0.9824
vn 0.2874 0.3249 -0.9010
vn 0.3468 0.3187 -0.8821
vn 0.3653 0.7220 -0.5876
vn 0.3738 0.7287 -0.5739
vn 0.0846 0.9964 -0.0079
vn 0.0143 0.5465 0.8373
vn -0.0294 0.9996 -0.0022
vn -0.0613 0.5131 0.8561
vn -0.0117 -0.5606 0.8280
vn -0.0762 -0.5526 0.8299
vn -0.0428 -0.9991 -0.0074
vn 0.0773 -0.9970 0.0053
vn -0.0811 0.9967 -0.0036
vn -0.0941 0.5240 0.8465
vn -0.0666 -0.5712 0.8181
vn -0.1892 0.4151 0.8899
vn 0.0296 -0.6100 0.7918
vn 0.1029 -0.9946 0.0097
vn -0.0575 -0.9983 0.0014
vn -0.0209 0.9996 -0.0186
vn -0.0239 -0.6035 0.7970
vn -0.2239 -0.4810 0.8477
vn 0.0182 -0.9994 -0.0278
vn -0.2439 0.4158 0.8762
vn -0.2439 0.4158 0.8761
vn -0.6269 0.4913 0.6047
vn 0.2142 0.9766 -0.0209
vn -0.0294 0.9996 -0.0023
vn 0.0084 0.5500 -0.8351
vn -0.0785 0.5343 -0.8416
vn -0.0807 -0.5180 -0.8516
vn 0.0095 -0.5582 -0.8296
vn -0.0913 0.5160 -0.8517
vn -0.0864 -0.5471 -0.8326
vn -0.1471 0.4742 -0.8681
vn 0.0108 -0.6423 -0.7664
vn 0.1028 -0.9947 0.0097
vn -0.1295 0.0200 -0.9914
vn -0.4519 -0.0332 -0.8915
vn 0.0751 -0.5741 -0.8154
vn -0.1746 -0.4012 -0.8992
vn -0.3518 0.9361 0.0004
vn -0.9934 0.1140 -0.0144
vn -0.3026 0.7614 0.5733
vn -0.6195 0.0212 0.7847
vn -0.7764 -0.4986 0.3855
vn -0.6983 -0.7114 -0.0786
vn -0.5511 -0.5673 0.6120
vn -0.2055 -0.2933 0.9337
vn 0.0670 0.3953 0.9161
vn 0.1605 0.8318 0.5313
vn 0.1283 0.9917 -0.0064
vn -0.6289 0.0349 -0.7767
vn -0.9934 0.1140 -0.0145
vn -0.3046 0.7610 -0.5728
vn -0.1834 -0.2746 -0.9439
vn -0.1746 -0.4011 -0.8992
vn 0.0654 0.3770 -0.9239
vn 0.1619 0.8379 -0.5212
vn 0.0000 0.9999 -0.0124
vn 0.0000 0.9300 0.3675
vn 0.1463 0.9738 -0.1743
vn 0.1500 0.9218 0.3576
vn 0.6945 -0.0822 0.7148
vn 0.7634 0.1681 0.6237
vn 0.7678 0.0704 0.6368
vn 0.7860 0.3507 0.5091
vn 0.5135 0.2291 0.8270
vn 0.5282 0.5110 0.6782
vn 0.5343 0.7156 0.4500
vn 0.0000 0.7906 0.6124
vn -0.0000 0.6008 0.7994
vn 0.7611 0.5678 0.3138
vn 0.5049 0.8632 -0.0018
vn 0.7046 0.7091 0.0265
vn 0.7440 0.5281 0.4094
vn 0.6541 0.7561 0.0188
vn 0.6146 0.6884 -0.3851
vn 0.6750 0.6465 -0.3556
vn 0.4851 0.2820 -0.8277
vn 0.5739 0.4512 -0.6834
vn 0.4356 0.7877 -0.4357
vn 0.1500 0.9217 0.3576
vn 0.3732 0.2377 -0.8968
vn 0.0000 0.4128 -0.9108
vn -0.0000 0.8856 -0.4644
vn 0.5348 0.2496 -0.8073
vn 0.4111 0.1605 -0.8974
vn 0.3492 -0.0724 -0.9343
vn 0.4098 0.0761 -0.9090
vn 0.1820 -0.0673 -0.9810
vn 0.0000 0.9300 0.3676
vn 0.5206 -0.3742 -0.7674
vn 0.7666 -0.2701 -0.5825
vn 0.3783 -0.5544 -0.7413
vn 0.5531 -0.5338 -0.6396
vn 0.2168 -0.8908 -0.3994
vn 0.4874 -0.8367 -0.2498
vn 0.1948 -0.9066 0.3744
vn 0.1845 -0.8151 0.5492
vn 0.2368 -0.9397 -0.2466
vn 0.5459 -0.6439 -0.5362
vn 0.3146 -0.4891 -0.8135
vn 0.1751 -0.6112 -0.7719
vn 0.1168 -0.8704 -0.4783
vn 0.3348 -0.3666 -0.8680
vn 0.5963 -0.3216 -0.7355
vn 0.9783 -0.1679 -0.1213
vn 0.8809 -0.1223 -0.4572
vn 0.9983 -0.0478 0.0327
vn 0.9407 0.3202 -0.1117
vn 0.9971 -0.0571 0.0499
vn 0.9812 0.1928 0.0012
vn 0.9409 0.1390 -0.3089
vn 0.7952 -0.1276 -0.5928
vn 0.9585 -0.0487 0.2810
vn 0.6082 0.1358 0.7821
vn -0.5500 0.6556 0.5173
vn 0.6661 0.2161 0.7139
vn 0.3875 0.0542 0.9203
vn -0.5889 0.4953 0.6387
vn -0.6864 0.1110 0.7187
vn 0.1941 -0.6919 0.6955
vn -0.5750 0.4622 0.6751
vn -0.7286 -0.4162 0.5440
vn 0.0627 -0.9813 -0.1820
vn -0.8551 -0.4524 -0.2531
vn -0.7983 -0.5123 -0.3167
vn 0.0681 -0.9352 -0.3476
vn -0.8373 -0.3854 -0.3878
vn -0.3750 -0.6095 0.6984
vn 0.2368 -0.9397 -0.2465
vn 0.5821 0.8096 -0.0758
vn 0.9407 0.3202 -0.1118
vn 0.7269 -0.4223 0.5415
vn 0.7024 -0.5618 0.4371
vn 0.5531 -0.3256 0.7669
vn 0.6640 -0.1933 0.7223
vn 0.8009 -0.2282 0.5537
vn 0.7661 -0.0401 0.6415
vn 0.8949 0.1571 0.4177
vn -0.0000 -0.3832 0.9236
vn 0.7519 -0.5479 0.3668
vn -0.0000 -0.9708 0.2400
vn 0.0416 -0.8799 0.4732
vn 0.8008 -0.2282 0.5537
vn 0.5542 -0.8309 -0.0500
vn 0.6682 -0.5991 -0.4412
vn 0.5821 -0.2696 -0.7671
vn 0.0000 -0.6586 -0.7525
vn 0.0000 -0.9708 0.2399
vn 0.5135 0.2290 0.8270
vn 0.3332 -0.0143 0.9428
vn -0.0000 0.1543 0.9880
vn -0.0000 -0.0747 0.9972
vn 0.7220 -0.4687 0.5089
vn 0.1941 -0.6918 0.6955
vn 0.4443 -0.8937 0.0624
vn 0.5876 -0.8051 -0.0802
vn 0.9046 -0.2934 0.3091
vn 0.6823 -0.4263 -0.5938
vn 0.9271 0.1534 -0.3419
vn 0.5821 0.8096 -0.0759
vn 0.1750 -0.6112 -0.7719
vn 0.0000 -0.6359 -0.7718
vn -0.0000 -0.8620 -0.5070
vn 0.3772 -0.0980 0.9209
vn 0.0000 0.0710 0.9975
vn -0.0000 -0.3391 0.9408
vn 0.6260 -0.2851 0.7259
vn -0.0000 -0.4104 0.9119
vn -0.0000 -0.3833 0.9236
vn 0.7660 -0.0401 0.6416
vn 0.6681 -0.5991 -0.4412
vn -0.0000 0.1573 -0.9875
vn -0.3751 -0.6096 0.6984
vn 0.0000 -0.3452 0.9385
vn 0.0000 -0.8745 0.4849
vn 0.0000 -0.8619 -0.5070
vn -0.8911 0.4288 -0.1487
vn -0.7983 -0.5123 -0.3166
vn -0.8552 -0.4524 -0.2531
vn -0.8373 -0.3853 -0.3878
vn -0.7907 -0.0471 0.6104
vn -0.5500 0.6557 0.5173
vn -0.5890 0.4952 0.6386
vn -0.7286 -0.4162 0.5439
vn -0.8812 -0.2687 0.3891
vn 0.0416 -0.8799 0.4733
vn -0.9943 0.0429 -0.0971
vn -0.0000 -0.4663 0.8846
vn 0.9812 0.1928 0.0013
vn 0.8493 0.5273 0.0258
vn 0.7995 0.4730 -0.3701
vn 0.6541 0.7562 0.0188
vn 0.7142 0.1551 -0.6826
vn 0.5963 -0.3215 -0.7355
vn 0.5369 -0.1069 -0.8368
vn 0.6824 -0.4263 -0.5938
vn 0.5458 -0.6439 -0.5362
vn 0.1500 0.0554 -0.9871
vn -0.0000 0.4127 -0.9108
vn 0.0000 0.1335 -0.9910
vn 0.4852 0.2820 -0.8277
vn 0.3265 0.0959 -0.9403
vn -0.0000 0.2347 -0.9721
vn 0.0000 -0.2022 -0.9793
vn -0.0000 -0.2023 -0.9793
vn 0.0000 0.1825 -0.9832
vn 0.0000 -0.0458 -0.9989
vn 0.3348 -0.3666 -0.8681
vn -0.0000 -0.0458 -0.9990
vn -0.0000 -0.3409 -0.9401
vn 0.0000 -0.5303 -0.8478
vn -0.1500 0.9218 0.3576
vn -0.1463 0.9738 -0.1743
vn -0.7860 0.3507 0.5091
vn -0.7634 0.1681 0.6237
vn -0.7678 0.0704 0.6368
vn -0.6945 -0.0822 0.7148
vn -0.5135 0.2291 0.8270
vn -0.5282 0.5110 0.6782
vn -0.5343 0.7156 0.4500
vn -0.7611 0.5678 0.3138
vn -0.5049 0.8632 -0.0018
vn -0.7046 0.7091 0.0265
vn -0.7440 0.5281 0.4094
vn -0.6541 0.7561 0.0188
vn -0.6146 0.6884 -0.3851
vn -0.6750 0.6465 -0.3556
vn -0.4851 0.2820 -0.8277
vn -0.5739 0.4512 -0.6834
vn -0.4356 0.7877 -0.4357
vn -0.3732 0.2377 -0.8968
vn -0.5348 0.2496 -0.8073
vn -0.4111 0.1605 -0.8974
vn -0.3492 -0.0724 -0.9343
vn -0.4098 0.0761 -0.9090
vn -0.1820 -0.0673 -0.9810
vn -0.5531 -0.5338 -0.6396
vn -0.7666 -0.2701 -0.5825
vn -0.3783 -0.5544 -0.7413
vn -0.5206 -0.3742 -0.7674
vn -0.2168 -0.8908 -0.3994
vn -0.4874 -0.8367 -0.2498
vn -0.1948 -0.9066 0.3744
vn -0.1845 -0.8151 0.5492
vn -0.2368 -0.9397 -0.2466
vn -0.5459 -0.6439 -0.5362
vn -0.3146 -0.4891 -0.8135
vn -0.1751 -0.6112 -0.7719
vn -0.1168 -0.8704 -0.4783
vn -0.3348 -0.3666 -0.8680
vn -0.5963 -0.3216 -0.7355
vn -0.9783 -0.1679 -0.1213
vn -0.8809 -0.1223 -0.4572
vn -0.9983 -0.0478 0.0327
vn -0.9407 0.3202 -0.1117
vn -0.9971 -0.0571 0.0499
vn -0.9812 0.1928 0.0012
vn -0.9409 0.1390 -0.3089
vn -0.7952 -0.1276 -0.5928
vn -0.9585 -0.0487 0.2810
vn 0.5500 0.6556 0.5173
vn -0.6082 0.1358 0.7821
vn -0.6661 0.2161 0.7139
vn -0.3875 0.0542 0.9203
vn 0.5889 0.4953 0.6387
vn 0.6864 0.1110 0.7187
vn -0.1941 -0.6919 0.6955
vn 0.5749 0.4623 0.6751
vn 0.7286 -0.4162 0.5440
vn -0.0627 -0.9813 -0.1820
vn 0.8551 -0.4524 -0.2531
vn 0.7983 -0.5123 -0.3167
vn -0.0681 -0.9352 -0.3476
vn 0.8373 -0.3854 -0.3878
vn 0.3750 -0.6095 0.6984
vn -0.2368 -0.9397 -0.2465
vn -0.5821 0.8096 -0.0758
vn -0.9407 0.3202 -0.1118
vn -0.6640 -0.1933 0.7223
vn -0.7024 -0.5618 0.4371
vn -0.5531 -0.3256 0.7669
vn -0.7269 -0.4223 0.5415
vn -0.8009 -0.2282 0.5537
vn -0.7661 -0.0401 0.6415
vn -0.8949 0.1571 0.4177
vn -0.7519 -0.5479 0.3668
vn -0.8008 -0.2282 0.5537
vn -0.0416 -0.8799 0.4732
vn -0.5542 -0.8309 -0.0500
vn -0.6682 -0.5991 -0.4412
vn -0.5821 -0.2696 -0.7671
vn -0.3332 -0.0143 0.9428
vn -0.5135 0.2290 0.8270
vn -0.7220 -0.4687 0.5089
vn -0.1941 -0.6918 0.6955
vn -0.4443 -0.8937 0.0624
vn -0.5876 -0.8051 -0.0802
vn -0.9046 -0.2934 0.3091
vn -0.6823 -0.4263 -0.5938
vn -0.9271 0.1534 -0.3419
vn -0.5821 0.8096 -0.0759
vn -0.1750 -0.6112 -0.7719
vn -0.3772 -0.0980 0.9209
vn -0.6260 -0.2851 0.7259
vn -0.7660 -0.0401 0.6416
vn -0.6681 -0.5991 -0.4412
vn -0.2368 -0.9398 -0.2466
vn 0.3751 -0.6095 0.6984
vn 0.7983 -0.5123 -0.3166
vn 0.8911 0.4288 -0.1487
vn 0.8552 -0.4524 -0.2531
vn 0.8373 -0.3853 -0.3878
vn 0.7907 -0.0471 0.6104
vn 0.3751 -0.6096 0.6984
vn 0.5500 0.6557 0.5173
vn 0.5890 0.4952 0.6386
vn 0.5750 0.4622 0.6751
vn 0.7286 -0.4162 0.5439
vn 0.8812 -0.2687 0.3891
vn -0.0416 -0.8799 0.4733
vn 0.9943 0.0429 -0.0971
vn -0.8493 0.5273 0.0258
vn -0.9812 0.1928 0.0013
vn -0.7995 0.4730 -0.3701
vn -0.6541 0.7562 0.0188
vn -0.7142 0.1551 -0.6826
vn -0.5963 -0.3215 -0.7355
vn -0.5369 -0.1069 -0.8368
vn -0.6824 -0.4263 -0.5938
vn -0.5458 -0.6439 -0.5362
vn -0.1500 0.0554 -0.9871
vn -0.4852 0.2820 -0.8277
vn -0.3265 0.0959 -0.9403
vn -0.3348 -0.3666 -0.8681
vn 0.5456 -0.5769 0.6080
vn 0.3778 -0.6749 0.6339
vn 0.5916 -0.7596 0.2703
vn 0.3330 -0.8695 0.3648
vn 0.2299 -0.9722 -0.0456
vn 0.5369 -0.8428 -0.0394
vn 0.7929 -0.6018 0.0955
vn 0.8193 -0.4928 0.2930
vn 0.6277 -0.3279 0.7060
vn 0.0000 -0.9991 -0.0427
vn -0.0000 -0.8912 0.4536
vn -0.0000 -0.7187 0.6953
vn 0.4120 -0.1064 0.9049
vn 0.5676 -0.1368 0.8118
vn 0.3092 0.1421 0.9403
vn 0.5263 -0.0065 0.8503
vn 0.3985 -0.2632 0.8786
vn 0.3760 -0.5298 0.7602
vn 0.0000 -0.3329 0.9429
vn -0.0000 0.0842 0.9964
vn -0.0000 0.2880 0.9576
vn -0.0000 -0.5089 0.8608
vn -0.0000 -0.8002 0.5997
vn 0.3037 -0.7537 0.5828
vn 0.0000 -0.1527 0.9883
vn 0.2050 -0.1662 0.9646
vn 0.2040 -0.2609 0.9436
vn 0.2670 -0.1433 0.9530
vn 0.0000 -0.2359 0.9718
vn 0.1078 -0.2122 0.9713
vn -0.0000 -0.1818 0.9833
vn 0.2588 -0.3004 0.9180
vn 0.4232 -0.1823 0.8875
vn 0.5301 -0.2011 0.8237
vn 0.4513 -0.3445 0.8232
vn 0.6140 -0.1831 0.7678
vn 0.6534 -0.2662 0.7086
vn 0.6665 -0.1962 0.7192
vn 0.7346 -0.2414 0.6341
vn 0.8567 -0.1804 0.4833
vn 0.9133 -0.1662 0.3719
vn 0.9551 -0.1739 0.2398
vn 0.8453 -0.1273 0.5189
vn 0.9317 -0.2427 0.2701
vn 0.7799 -0.2140 0.5882
vn 0.8976 -0.3614 0.2522
vn 0.7096 -0.1955 0.6769
vn 0.9350 -0.3274 0.1366
vn 0.6539 -0.0886 0.7513
vn 0.4522 -0.1205 0.8837
vn 0.9031 -0.4053 0.1420
vn 0.0858 -0.5542 0.8280
vn 0.6059 -0.7811 -0.1507
vn 0.6969 -0.7106 0.0964
vn 0.8369 -0.5128 -0.1917
vn 0.5744 -0.7586 -0.3075
vn 0.6257 -0.5321 -0.5704
vn 0.7151 -0.2431 -0.6554
vn -0.0000 -0.2623 -0.9650
vn -0.0000 -0.0375 -0.9993
vn 0.6081 -0.7938 -0.0112
vn 0.4315 -0.8039 0.4094
vn 0.7666 0.0477 -0.6404
vn 0.0000 0.2318 -0.9728
vn 0.0000 -0.8520 0.5236
vn 0.4273 -0.3144 0.8477
vn 0.7815 -0.4278 0.4541
vn -0.0000 -0.2454 0.9694
vn 0.9944 -0.1058 0.0068
vn -0.3558 -0.6704 0.6512
vn -0.5569 -0.5570 0.6161
vn -0.3153 -0.8792 0.3571
vn -0.5989 -0.7567 0.2622
vn -0.2299 -0.9722 -0.0456
vn -0.5369 -0.8428 -0.0394
vn -0.7929 -0.6018 0.0955
vn -0.8193 -0.4928 0.2930
vn -0.6277 -0.3279 0.7060
vn -0.4120 -0.1064 0.9049
vn -0.5676 -0.1368 0.8118
vn -0.3092 0.1421 0.9403
vn -0.5263 -0.0065 0.8503
vn -0.3985 -0.2632 0.8786
vn -0.3760 -0.5298 0.7602
vn -0.3037 -0.7537 0.5828
vn -0.2050 -0.1662 0.9646
vn -0.2040 -0.2609 0.9436
vn -0.2670 -0.1433 0.9530
vn -0.1078 -0.2122 0.9713
vn -0.2588 -0.3004 0.9180
vn -0.4232 -0.1823 0.8875
vn -0.5301 -0.2011 0.8237
vn -0.4513 -0.3445 0.8232
vn -0.6140 -0.1831 0.7678
vn -0.6534 -0.2662 0.7086
vn -0.6665 -0.1962 0.7192
vn -0.7346 -0.2414 0.6341
vn -0.8567 -0.1804 0.4833
vn -0.9133 -0.1662 0.3719
vn -0.9551 -0.1739 0.2398
vn -0.8453 -0.1273 0.5189
vn -0.9317 -0.2427 0.2701
vn -0.7799 -0.2140 0.5882
vn -0.8976 -0.3614 0.2522
vn -0.7096 -0.1955 0.6769
vn -0.9350 -0.3274 0.1366
vn -0.6539 -0.0886 0.7513
vn -0.4522 -0.1205 0.8837
vn -0.9031 -0.4053 0.1420
vn -0.0858 -0.5542 0.8280
vn -0.6059 -0.7811 -0.1507
vn -0.6969 -0.7106 0.0964
vn -0.8369 -0.5128 -0.1917
vn -0.5744 -0.7586 -0.3075
vn -0.6257 -0.5321 -0.5704
vn -0.7151 -0.2431 -0.6554
vn -0.6081 -0.7938 -0.0112
vn -0.4315 -0.8039 0.4094
vn -0.7666 0.0477 -0.6404
vn -0.4273 -0.3144 0.8477
vn -0.7815 -0.4278 0.4541
vn -0.9944 -0.1058 0.0068
vn 0.1069 0.0190 0.9941
vn 0.7526 -0.1260 0.6464
vn 0.2432 -0.2245 0.9436
vn 0.7686 -0.0750 0.6353
vn -0.1149 0.0844 0.9898
vn 0.7402 -0.0700 0.6687
vn 0.8926 -0.4509 -0.0021
vn 0.8029 0.5957 -0.0200
vn 0.7582 -0.1470 0.6352
vn -0.1160 0.2363 0.9647
vn 0.8232 -0.5045 -0.2603
vn 0.9035 -0.1261 0.4095
vn 0.9674 -0.2503 -0.0380
vn 0.7007 0.3106 0.6423
vn 0.8715 -0.4670 -0.1497
vn 0.8849 -0.1270 0.4481
vn 0.9825 -0.1852 0.0190
vn 0.7266 0.2116 0.6537
vn 0.0225 0.6753 -0.7372
vn -0.9713 0.1556 0.1800
vn 0.8030 0.5957 -0.0200
vn -0.1148 0.0844 0.9898
vn -0.9682 -0.1430 -0.2050
vn 0.2432 -0.2246 0.9436
vn -0.9700 0.1861 -0.1565
vn -0.9812 0.1860 0.0507
vn -0.5524 0.1837 0.8131
vn -0.1161 0.2363 0.9647
vn -0.1509 -0.4378 -0.8863
vn -0.3521 -0.5798 -0.7347
vn 0.8574 -0.4854 0.1710
vn 0.7488 -0.6053 0.2701
vn 0.8033 -0.5934 0.0508
vn -0.1196 -0.5587 -0.8207
vn -0.1618 0.0041 -0.9868
vn 0.9949 -0.0900 0.0447
vn -0.1338 -0.1139 -0.9845
vn 0.0041 -0.4027 -0.9153
vn 0.9084 -0.4165 -0.0357
vn -0.1705 -0.2417 -0.9553
vn 0.9929 0.0115 0.1180
vn -0.1999 0.1316 -0.9709
vn -0.1226 -0.0880 -0.9885
vn 0.1311 -0.4370 -0.8899
vn -0.1565 -0.3851 -0.9095
vn 0.8949 -0.4412 0.0667
vn 0.8926 -0.4508 -0.0021
vn -0.1317 -0.3430 -0.9301
vn 0.0226 0.6753 -0.7372
vn 0.8121 -0.1113 0.5728
vn 0.7944 -0.0183 0.6072
vn 0.9674 -0.2502 -0.0381
vn 0.8267 -0.1472 0.5430
vn 0.7731 0.0388 0.6332
vn 0.9950 -0.0899 0.0446
vn 0.9825 -0.1851 0.0190
vn 0.7944 -0.0182 0.6072
vn 0.7686 -0.0751 0.6353
vn 0.7730 0.0388 0.6332
vn 0.7488 -0.6053 0.2700
vn 0.9129 -0.4043 0.0570
vn 0.9949 -0.0899 0.0446
vn 0.9128 -0.4043 0.0570
vn 0.1513 -0.3360 -0.9296
vn -0.9682 -0.1431 -0.2051
vn -0.6539 0.0429 -0.7554
vn -0.6819 0.0521 -0.7296
vn -0.9713 0.1555 0.1800
vn -0.6844 -0.0024 -0.7291
vn -0.5996 0.0656 -0.7976
vn -0.9813 0.1859 0.0507
vn -0.6747 0.4291 -0.6006
vn -0.4956 -0.0146 -0.8685
vn -0.7314 0.3127 -0.6060
vn -0.5608 -0.0230 -0.8276
vn -0.1337 -0.1139 -0.9845
vn -0.6073 -0.0450 -0.7932
vn 0.1312 -0.4369 -0.8899
vn -0.6979 0.1860 -0.6916
vn -0.6747 0.4290 -0.6006
vn -0.1999 0.1317 -0.9709
vn -0.1226 -0.0879 -0.9886
vn -0.6707 0.0330 -0.7410
vn -0.7200 0.1094 -0.6853
vn -0.1618 0.0042 -0.9868
vn -0.1337 -0.1138 -0.9845
vn -0.1197 -0.5587 -0.8207
vn -0.2000 0.1316 -0.9709
vn -0.5310 -0.7982 0.2843
vn -0.5165 -0.7965 0.3142
vn -0.3233 -0.7730 0.5458
vn -0.3169 -0.8551 0.4103
vn -0.4782 -0.8169 0.3225
vn 0.8264 -0.3095 0.4703
vn 0.8268 -0.2950 0.4788
vn 0.3946 -0.1751 0.9020
vn 0.3009 0.2790 0.9119
vn 0.7814 -0.5846 -0.2183
vn 0.9031 0.3318 -0.2725
vn 0.9047 0.1834 0.3846
vn 0.8308 -0.5083 -0.2267
vn 0.8261 -0.5559 0.0921
vn 0.3707 -0.7651 -0.5265
vn 0.8269 -0.2951 0.4788
vn 0.8578 -0.4634 0.2222
vn 0.6983 -0.6636 -0.2684
vn 0.8794 -0.2394 0.4114
vn 0.8802 -0.3830 0.2804
vn 0.7282 -0.6633 -0.1725
vn 0.9794 -0.1665 -0.1141
vn 0.8693 -0.2067 0.4490
vn 0.5169 -0.8513 0.0901
vn 0.5454 -0.8165 0.1896
vn 0.5929 -0.7814 -0.1944
vn 0.9807 -0.1705 -0.0961
vn 0.9017 0.1709 0.3973
vn 0.8017 -0.5358 -0.2649
vn 0.8286 -0.5488 0.1105
vn 0.4796 -0.7380 -0.4747
vn 0.9031 0.3318 -0.2726
vn 0.0171 0.6877 -0.7258
vn 0.3010 0.2790 0.9119
vn -0.6936 0.6213 0.3645
vn 0.3946 -0.1752 0.9020
vn -0.9332 0.3195 0.1644
vn -0.4534 -0.1209 -0.8831
vn -0.4172 -0.2435 -0.8756
vn -0.1512 -0.5616 -0.8135
vn -0.4143 -0.0480 -0.9089
vn -0.3902 0.3360 -0.8572
vn -0.4859 -0.2129 -0.8477
vn 0.4796 -0.7380 -0.4748
vn -0.1978 -0.4889 -0.8496
vn -0.3519 -0.1682 -0.9208
vn -0.4029 0.3122 -0.8603
vn 0.9807 -0.1704 -0.0961
vn -0.4113 -0.4980 -0.7634
vn 0.5930 -0.7814 -0.1943
vn 0.5453 -0.8165 0.1896
vn -0.6921 -0.4616 -0.5549
vn 0.5168 -0.8513 0.0902
vn -0.6772 -0.4549 -0.5783
vn 0.9794 -0.1664 -0.1141
vn 0.7282 -0.6633 -0.1724
vn 0.8693 -0.2066 0.4490
vn 0.8017 -0.5358 -0.2648
vn -0.4736 0.1781 -0.8625
vn -0.7989 0.2467 -0.5485
vn -0.6936 0.6213 0.3644
vn -0.6883 0.0999 -0.7185
vn -0.7631 0.3127 -0.5656
vn -0.5684 0.6872 -0.4523
vn -0.6631 -0.0245 -0.7481
vn -0.4144 -0.0480 -0.9088
vn -0.7393 0.1503 -0.6564
vn -0.7871 0.3667 -0.4959
vn -0.7506 0.2125 -0.6257
vn -0.4860 -0.2129 -0.8477
vn -0.7897 0.3696 -0.4896
vn -0.6773 -0.4549 -0.5783
vn -0.6922 -0.4616 -0.5548
vn -0.4113 -0.4980 -0.7635
vn -0.4029 0.3123 -0.8603
vn -0.5816 0.6779 -0.4497
vn -0.6705 -0.0209 -0.7416
vn -0.3518 -0.1682 -0.9208
vn -0.1978 -0.4889 -0.8497
vn -0.1511 -0.5616 -0.8135
vn -0.4171 -0.2435 -0.8756
vn -0.7897 0.3696 -0.4897
vn -0.3518 -0.1681 -0.9208
vn 0.5317 0.4803 -0.6976
vn 0.5815 0.8128 0.0339
vn 0.9577 0.0996 0.2701
vn 0.0000 0.5563 -0.8310
vn 0.0000 0.9874 -0.1582
vn 0.0000 0.8223 -0.5690
vn 0.7272 0.6417 -0.2438
vn 0.9948 0.0864 -0.0547
vn 0.9608 0.2673 0.0740
vn 0.9912 0.0747 -0.1094
vn 0.9609 0.1044 0.2563
vn 0.9253 0.0844 -0.3696
vn 0.9591 0.2027 0.1977
vn 0.5359 0.2754 -0.7981
vn 0.4797 0.8654 -0.1449
vn -0.0000 0.3273 -0.9449
vn 0.0000 0.9817 -0.1903
vn 0.9413 0.3242 0.0941
vn 0.9560 0.2338 -0.1772
vn 0.9912 0.0085 0.1325
vn 0.9944 0.0402 0.0974
vn 0.7220 0.3886 0.5725
vn 0.9568 0.2310 -0.1763
vn 0.5305 0.0242 0.8474
vn 0.9262 -0.1219 0.3568
vn 0.9593 0.2758 -0.0616
vn -0.0000 0.3688 0.9295
vn 0.0000 0.0166 0.9999
vn 0.5736 0.6999 0.4256
vn 0.0000 0.7538 0.6571
vn 0.5358 -0.1871 0.8233
vn 0.4797 0.6587 0.5796
vn 0.0000 -0.2205 0.9754
vn 0.0000 0.7336 0.6796
vn 0.7596 0.3530 -0.5463
vn 0.7988 -0.0337 -0.6007
vn 0.9939 0.1061 0.0293
vn 0.5741 -0.0752 -0.8153
vn 0.6059 0.6872 -0.4007
vn 0.9995 0.0302 0.0075
vn 0.4232 0.7220 -0.5474
vn 0.7534 0.0094 0.6575
vn 0.8045 -0.3612 0.4716
vn 0.6096 0.3700 0.7011
vn 0.5608 -0.5073 0.6544
vn 0.4333 0.3033 0.8487
vn 0.8347 0.1671 -0.5248
vn 0.8823 0.3578 -0.3059
vn 0.9395 0.0744 0.3342
vn 0.9412 0.2203 0.2562
vn 0.9253 0.0844 -0.3697
vn 0.2625 0.2148 -0.9407
vn 0.9912 0.0748 -0.1093
vn 0.6734 0.7375 0.0518
vn -0.0001 0.9613 -0.2755
vn 0.0000 0.3567 -0.9342
vn 0.9931 0.1125 0.0320
vn 0.9372 0.3350 0.0966
vn 0.9707 0.0997 0.2188
vn 0.9462 0.2356 0.2217
vn 0.8718 0.4857 0.0630
vn 0.9455 0.3131 0.0896
vn 0.0000 0.9714 0.2373
vn -0.0000 0.9617 0.2743
vn 0.9709 0.1994 -0.1329
vn 0.9467 0.3166 -0.0595
vn 0.0000 0.9505 0.3108
vn 0.8719 0.4458 0.2026
vn 0.4232 0.7221 -0.5473
vn -0.0000 0.7815 -0.6239
vn -0.0000 0.5183 -0.8552
vn 0.0000 -0.1761 -0.9844
vn 0.0000 -0.1354 -0.9908
vn 0.0000 0.8097 -0.5868
vn 0.7272 0.6417 -0.2437
vn 0.9591 0.2027 0.1976
vn 0.8718 0.4857 0.0631
vn 0.0000 0.9715 0.2372
vn 0.9593 0.2757 -0.0616
vn 0.8719 0.4458 0.2025
vn 0.4797 0.6587 0.5797
vn 0.6095 0.3700 0.7011
vn 0.8382 -0.1322 0.5291
vn 0.9373 0.2495 -0.2435
vn 0.8786 0.1409 0.4563
vn 0.9423 0.3203 -0.0975
vn 0.2625 -0.3136 0.9126
vn 0.9911 0.0085 0.1325
vn 0.9944 0.0403 0.0974
vn 0.6823 0.6508 0.3329
vn -0.0001 0.6828 0.7306
vn 0.0000 -0.1895 0.9819
vn -0.0000 -0.0089 1.0000
vn 0.0000 0.3132 0.9497
vn 0.4333 0.3032 0.8487
vn -0.0000 -0.6841 0.7294
vn -0.0000 -0.6488 0.7610
vn -0.0000 0.3674 0.9301
vn 0.7219 0.3886 0.5726
vn -0.7686 -0.0750 0.6353
vn -0.7526 -0.1260 0.6464
vn -0.2432 -0.2245 0.9436
vn -0.1069 0.0190 0.9941
vn 0.1149 0.0844 0.9898
vn -0.7402 -0.0700 0.6687
vn -0.8926 -0.4509 -0.0021
vn -0.8029 0.5957 -0.0200
vn -0.7582 -0.1470 0.6352
vn 0.1160 0.2363 0.9647
vn -0.7007 0.3106 0.6423
vn -0.9035 -0.1261 0.4095
vn -0.9674 -0.2503 -0.0380
vn -0.8232 -0.5045 -0.2603
vn -0.7266 0.2116 0.6537
vn -0.8849 -0.1270 0.4481
vn -0.9825 -0.1852 0.0190
vn -0.8715 -0.4670 -0.1497
vn 0.1148 0.0844 0.9898
vn 0.9713 0.1556 0.1800
vn -0.8030 0.5957 -0.0200
vn -0.0225 0.6753 -0.7372
vn 0.9683 -0.1430 -0.2050
vn -0.2432 -0.2246 0.9436
vn 0.9700 0.1861 -0.1565
vn 0.9812 0.1860 0.0507
vn 0.5524 0.1837 0.8131
vn 0.1161 0.2363 0.9647
vn -0.7488 -0.6053 0.2700
vn 0.3521 -0.5798 -0.7347
vn -0.8574 -0.4854 0.1710
vn 0.1509 -0.4378 -0.8863
vn -0.8032 -0.5935 0.0509
vn 0.1196 -0.5587 -0.8207
vn 0.1618 0.0041 -0.9868
vn -0.9949 -0.0900 0.0447
vn 0.1338 -0.1139 -0.9845
vn -0.0041 -0.4027 -0.9153
vn -0.9084 -0.4165 -0.0357
vn 0.1705 -0.2417 -0.9553
vn -0.9929 0.0115 0.1180
vn 0.1999 0.1316 -0.9709
vn 0.1226 -0.0880 -0.9885
vn -0.1311 -0.4370 -0.8899
vn 0.1565 -0.3851 -0.9095
vn -0.8949 -0.4412 0.0667
vn -0.8926 -0.4508 -0.0021
vn 0.1317 -0.3429 -0.9301
vn -0.0226 0.6753 -0.7372
vn -0.8121 -0.1113 0.5728
vn -0.7944 -0.0183 0.6072
vn -0.9674 -0.2502 -0.0381
vn -0.8267 -0.1472 0.5430
vn -0.7731 0.0388 0.6332
vn -0.9950 -0.0899 0.0446
vn -0.9825 -0.1851 0.0190
vn -0.7944 -0.0182 0.6072
vn -0.7686 -0.0751 0.6353
vn -0.7730 0.0388 0.6332
vn -0.9129 -0.4043 0.0570
vn -0.9949 -0.0899 0.0446
vn -0.8033 -0.5934 0.0508
vn -0.1513 -0.3360 -0.9296
vn -0.9128 -0.4043 0.0570
vn 0.6819 0.0521 -0.7296
vn 0.9682 -0.1431 -0.2051
vn 0.6539 0.0429 -0.7554
vn 0.9713 0.1555 0.1800
vn 0.6844 -0.0024 -0.7291
vn 0.1317 -0.3430 -0.9301
vn 0.5996 0.0656 -0.7976
vn 0.9813 0.1859 0.0507
vn 0.4956 -0.0146 -0.8685
vn 0.6747 0.4291 -0.6006
vn 0.5608 -0.0230 -0.8276
vn 0.1337 -0.1139 -0.9845
vn 0.7314 0.3127 -0.6060
vn 0.6073 -0.0450 -0.7932
vn -0.1312 -0.4369 -0.8899
vn 0.6979 0.1860 -0.6916
vn 0.6747 0.4290 -0.6006
vn 0.1999 0.1317 -0.9709
vn 0.1226 -0.0879 -0.9886
vn 0.6707 0.0330 -0.7410
vn 0.7200 0.1094 -0.6853
vn 0.1618 0.0042 -0.9868
vn 0.1337 -0.1138 -0.9845
vn 0.1197 -0.5587 -0.8207
vn 0.2000 0.1316 -0.9709
vn 0.3233 -0.7730 0.5458
vn 0.5310 -0.7982 0.2843
vn 0.5165 -0.7965 0.3142
vn 0.3169 -0.8551 0.4103
vn 0.4782 -0.8169 0.3225
vn -0.3009 0.2790 0.9119
vn -0.8268 -0.2950 0.4788
vn -0.3946 -0.1751 0.9020
vn -0.8264 -0.3095 0.4703
vn -0.7814 -0.5846 -0.2183
vn -0.9031 0.3318 -0.2725
vn -0.3707 -0.7651 -0.5265
vn -0.8308 -0.5083 -0.2267
vn -0.8261 -0.5559 0.0921
vn -0.9033 0.1839 0.3876
vn -0.6983 -0.6636 -0.2684
vn -0.8578 -0.4634 0.2222
vn -0.8269 -0.2951 0.4788
vn -0.8794 -0.2394 0.4114
vn -0.8802 -0.3830 0.2804
vn -0.7282 -0.6633 -0.1725
vn -0.9794 -0.1665 -0.1141
vn -0.8693 -0.2067 0.4490
vn -0.5169 -0.8513 0.0901
vn -0.5454 -0.8165 0.1896
vn -0.5929 -0.7814 -0.1944
vn -0.9807 -0.1705 -0.0961
vn -0.4796 -0.7380 -0.4747
vn -0.8017 -0.5358 -0.2649
vn -0.8286 -0.5488 0.1105
vn -0.9017 0.1709 0.3973
vn 0.6936 0.6213 0.3645
vn -0.0171 0.6877 -0.7258
vn -0.3010 0.2790 0.9119
vn -0.9031 0.3318 -0.2726
vn -0.3946 -0.1752 0.9020
vn 0.9332 0.3195 0.1644
vn 0.4534 -0.1209 -0.8831
vn 0.4172 -0.2435 -0.8756
vn 0.1512 -0.5616 -0.8135
vn 0.4143 -0.0480 -0.9089
vn 0.3902 0.3360 -0.8572
vn 0.4859 -0.2129 -0.8477
vn -0.4796 -0.7380 -0.4748
vn 0.1978 -0.4889 -0.8496
vn 0.3519 -0.1682 -0.9208
vn 0.4029 0.3122 -0.8603
vn -0.9807 -0.1704 -0.0961
vn 0.4113 -0.4980 -0.7634
vn -0.5930 -0.7814 -0.1943
vn -0.5453 -0.8165 0.1896
vn 0.6922 -0.4616 -0.5548
vn -0.5168 -0.8513 0.0902
vn 0.6772 -0.4549 -0.5783
vn -0.9047 0.1834 0.3846
vn -0.9794 -0.1664 -0.1141
vn -0.7282 -0.6633 -0.1724
vn -0.8693 -0.2066 0.4490
vn -0.8017 -0.5358 -0.2648
vn 0.6936 0.6213 0.3644
vn 0.7989 0.2467 -0.5485
vn 0.4736 0.1781 -0.8625
vn 0.6883 0.0999 -0.7185
vn 0.7631 0.3127 -0.5656
vn 0.6631 -0.0245 -0.7481
vn 0.4144 -0.0480 -0.9088
vn 0.5684 0.6872 -0.4523
vn 0.7393 0.1503 -0.6564
vn 0.7871 0.3667 -0.4959
vn 0.7506 0.2125 -0.6257
vn 0.4860 -0.2129 -0.8477
vn 0.7897 0.3696 -0.4896
vn 0.6773 -0.4549 -0.5783
vn 0.4113 -0.4980 -0.7635
vn 0.4029 0.3123 -0.8603
vn 0.1978 -0.4889 -0.8497
vn 0.6705 -0.0209 -0.7416
vn 0.3518 -0.1682 -0.9208
vn 0.5816 0.6779 -0.4497
vn 0.4171 -0.2435 -0.8756
vn 0.1511 -0.5616 -0.8135
vn 0.7897 0.3696 -0.4897
vn 0.3518 -0.1681 -0.9208
vn -0.5815 0.8128 0.0339
vn -0.5317 0.4803 -0.6976
vn -0.9577 0.0996 0.2701
vn -0.7272 0.6417 -0.2438
vn -0.9948 0.0864 -0.0547
vn -0.9608 0.2673 0.0740
vn -0.9912 0.0747 -0.1094
vn -0.9609 0.1044 0.2563
vn -0.9253 0.0844 -0.3696
vn -0.9591 0.2027 0.1977
vn -0.5359 0.2754 -0.7981
vn -0.4797 0.8654 -0.1449
vn -0.9413 0.3242 0.0940
vn -0.9560 0.2338 -0.1772
vn -0.9912 0.0085 0.1325
vn -0.9944 0.0402 0.0974
vn -0.7220 0.3886 0.5725
vn -0.9568 0.2310 -0.1763
vn -0.5305 0.0242 0.8474
vn -0.9262 -0.1219 0.3568
vn -0.9593 0.2758 -0.0616
vn -0.5736 0.6999 0.4256
vn -0.5358 -0.1871 0.8233
vn -0.4797 0.6587 0.5796
vn -0.6059 0.6872 -0.4007
vn -0.5741 -0.0752 -0.8153
vn -0.9939 0.1061 0.0293
vn -0.7988 -0.0337 -0.6007
vn -0.7596 0.3530 -0.5463
vn -0.9995 0.0302 0.0075
vn -0.4232 0.7220 -0.5474
vn -0.7534 0.0094 0.6575
vn -0.8045 -0.3612 0.4716
vn -0.6096 0.3700 0.7011
vn -0.5608 -0.5073 0.6544
vn -0.4333 0.3033 0.8487
vn -0.9412 0.2203 0.2562
vn -0.8823 0.3578 -0.3059
vn -0.9395 0.0744 0.3342
vn -0.8347 0.1671 -0.5248
vn -0.9253 0.0844 -0.3697
vn -0.2625 0.2148 -0.9407
vn -0.9912 0.0748 -0.1093
vn -0.6734 0.7375 0.0518
vn 0.0001 0.9613 -0.2755
vn -0.9462 0.2356 0.2217
vn -0.9372 0.3350 0.0966
vn -0.9707 0.0997 0.2188
vn -0.9931 0.1125 0.0320
vn -0.8718 0.4857 0.0630
vn -0.9455 0.3131 0.0896
vn -0.9709 0.1994 -0.1329
vn -0.9467 0.3166 -0.0595
vn -0.8719 0.4459 0.2025
vn -0.4232 0.7221 -0.5473
vn -0.7272 0.6417 -0.2437
vn -0.9413 0.3242 0.0941
vn -0.9591 0.2027 0.1976
vn -0.8718 0.4857 0.0631
vn -0.9593 0.2757 -0.0616
vn -0.8719 0.4458 0.2025
vn -0.4797 0.6587 0.5797
vn -0.6095 0.3700 0.7011
vn -0.9423 0.3203 -0.0975
vn -0.9373 0.2495 -0.2435
vn -0.8786 0.1409 0.4563
vn -0.8382 -0.1322 0.5291
vn -0.2625 -0.3136 0.9126
vn -0.9911 0.0085 0.1325
vn -0.9944 0.0403 0.0974
vn -0.6823 0.6508 0.3329
vn -0.0002 0.7538 0.6571
vn 0.0001 0.6828 0.7306
vn -0.4333 0.3032 0.8487
vn -0.7219 0.3886 0.5726
usemtl Copy_X_(Ultimate_Armor)
s 1
f 1/1/1 2/2/2 3/3/3
f 1/1/1 3/3/3 4/4/4
f 3/3/5 5/5/6 6/6/4
f 7/7/7 8/8/8 9/9/9
f 10/10/10 9/9/9 8/8/8
f 10/10/10 8/8/8 11/11/11
f 11/11/11 8/8/8 12/12/12
f 12/12/12 8/8/8 13/13/13
f 9/9/9 14/14/14 7/7/7
f 15/15/15 7/7/7 14/14/14
f 16/16/16 12/12/12 13/13/13
f 13/13/13 8/8/8 17/17/17
f 18/18/18 17/17/17 8/8/8
f 8/8/8 19/19/19 18/18/18
f 7/7/7 15/15/15 19/19/19
f 7/7/7 19/19/19 8/8/8
f 13/13/13 17/17/17 20/20/20
f 20/20/20 16/16/16 13/13/13
f 20/20/20 21/21/21 16/16/16
f 21/21/21 20/20/20 22/22/22
f 23/23/23 16/16/16 21/21/21
f 21/21/21 24/24/24 23/23/23
f 20/20/20 17/17/17 25/25/1
f 20/20/20 25/25/1 22/22/22
f 15/15/15 14/14/14 26/26/25
f 27/27/26 15/15/15 26/26/25
f 28/28/27 15/15/15 27/27/26
f 28/28/27 19/19/19 15/15/15
f 14/14/14 29/29/28 26/26/25
f 25/25/1 30/30/4 22/22/22
f 30/30/4 31/31/29 22/22/22
f 31/31/29 30/30/4 32/32/30
f 33/33/31 32/32/30 30/30/4
f 27/27/26 26/26/25 34/34/32
f 27/27/26 34/34/32 35/35/33
f 32/32/30 35/35/33 36/36/34
f 36/36/34 35/35/33 34/34/32
f 27/27/26 35/35/33 37/37/35
f 37/37/35 28/28/27 27/27/26
f 35/35/33 38/38/36 37/37/35
f 38/38/36 35/35/33 32/32/30
f 33/33/31 38/38/36 32/32/30
f 39/39/37 34/34/32 26/26/25
f 40/40/38 41/41/3 42/42/27
f 41/41/3 40/40/38 43/43/39
f 44/44/40 42/42/27 41/41/3
f 45/45/41 44/44/42 46/46/43
f 46/46/3 47/47/36 48/48/31
f 49/49/17 50/50/44 46/46/43
f 51/51/45 52/52/46 53/53/10
f 54/54/9 53/53/10 52/52/46
f 52/52/46 55/55/47 54/54/9
f 56/56/48 54/54/9 55/55/47
f 53/53/10 57/57/11 51/51/45
f 58/58/49 51/51/45 57/57/11
f 56/56/48 55/55/47 59/59/28
f 60/60/50 59/59/28 55/55/47
f 61/61/51 62/62/46 63/63/45
f 62/62/46 61/61/51 64/64/52
f 65/65/49 61/61/51 63/63/45
f 64/64/52 61/61/51 66/66/53
f 67/67/54 68/68/55 69/69/34
f 70/70/56 69/69/34 68/68/55
f 70/70/56 71/71/57 69/69/34
f 72/72/30 69/69/34 71/71/57
f 68/68/55 67/67/54 73/73/58
f 73/73/58 67/67/54 74/74/37
f 75/75/59 73/73/58 74/74/37
f 72/72/30 71/71/57 76/76/29
f 77/77/60 76/76/29 71/71/57
f 77/77/60 78/78/61 76/76/29
f 79/79/22 76/76/29 78/78/61
f 78/78/61 80/80/62 79/79/22
f 81/81/21 79/79/22 80/80/62
f 68/68/55 82/82/63 70/70/56
f 68/68/55 73/73/58 82/82/63
f 83/83/64 70/70/56 82/82/63
f 84/84/65 82/82/63 73/73/58
f 71/71/57 70/70/56 85/85/66
f 83/83/64 85/85/66 70/70/56
f 71/71/57 85/85/66 77/77/60
f 86/86/67 77/77/60 85/85/66
f 78/78/61 87/87/68 80/80/62
f 78/78/61 77/77/60 87/87/68
f 86/86/67 87/87/68 77/77/60
f 88/88/69 80/80/62 87/87/68
f 80/80/62 88/88/69 89/89/70
f 80/80/62 89/89/70 81/81/21
f 90/90/71 89/89/70 88/88/69
f 91/91/24 81/81/21 89/89/70
f 92/92/72 93/93/65 94/94/73
f 94/94/73 93/93/65 95/95/74
f 95/95/74 93/93/65 96/96/59
f 93/93/65 97/97/58 96/96/59
f 92/92/72 94/94/73 98/98/75
f 99/99/76 98/98/75 94/94/73
f 98/98/75 99/99/76 100/100/77
f 101/101/78 100/100/77 99/99/76
f 101/101/78 102/102/79 100/100/77
f 103/103/80 104/104/81 105/105/82
f 106/106/83 105/105/82 104/104/81
f 106/106/83 107/107/84 105/105/82
f 108/108/85 105/105/82 107/107/84
f 107/107/84 109/109/86 108/108/85
f 110/110/87 108/108/85 109/109/86
f 110/110/87 109/109/86 111/111/88
f 112/112/89 111/111/88 109/109/86
f 112/112/89 113/113/90 111/111/88
f 114/114/79 111/111/88 113/113/90
f 114/114/79 113/113/90 115/115/91
f 116/116/92 115/115/91 113/113/90
f 116/116/92 113/113/90 117/117/93
f 118/118/94 117/117/93 113/113/90
f 113/113/90 112/112/89 118/118/94
f 117/117/93 119/119/95 116/116/92
f 120/120/96 116/116/92 119/119/95
f 121/121/97 118/118/94 112/112/89
f 112/112/89 122/122/98 121/121/97
f 109/109/86 122/122/98 112/112/89
f 115/115/91 116/116/92 123/123/75
f 120/120/96 123/123/75 116/116/92
f 120/120/96 124/124/72 123/123/75
f 125/125/63 124/124/72 120/120/96
f 125/125/63 120/120/96 126/126/64
f 119/119/95 126/126/64 120/120/96
f 127/127/99 126/126/64 119/119/95
f 127/127/99 119/119/95 128/128/67
f 129/129/65 124/124/72 125/125/63
f 128/128/67 119/119/95 130/130/100
f 117/117/93 130/130/100 119/119/95
f 130/130/100 131/131/101 128/128/67
f 132/132/102 128/128/67 131/131/101
f 133/133/68 128/128/67 132/132/102
f 134/134/69 133/133/68 132/132/102
f 132/132/102 135/135/71 134/134/69
f 131/131/101 135/135/71 132/132/102
f 131/131/101 130/130/100 136/136/103
f 137/137/104 136/136/103 130/130/100
f 138/138/105 136/136/103 137/137/104
f 138/138/105 139/139/106 136/136/103
f 138/138/105 140/140/107 139/139/106
f 141/141/108 139/139/106 140/140/107
f 140/140/107 142/142/109 141/141/108
f 140/140/107 138/138/105 143/143/110
f 143/143/110 144/144/111 140/140/107
f 145/145/112 140/140/107 144/144/111
f 145/145/112 142/142/109 140/140/107
f 146/146/113 143/143/110 138/138/105
f 146/146/113 138/138/105 137/137/104
f 147/147/114 136/136/103 139/139/106
f 146/146/113 137/137/104 118/118/94
f 118/118/94 137/137/104 117/117/93
f 130/130/100 117/117/93 137/137/104
f 135/135/71 131/131/101 147/147/114
f 136/136/103 147/147/114 131/131/101
f 148/148/115 143/143/110 146/146/113
f 143/143/110 148/148/115 144/144/111
f 146/146/113 121/121/97 148/148/115
f 121/121/97 146/146/113 118/118/94
f 149/149/116 148/148/115 121/121/97
f 150/150/117 144/144/111 148/148/115
f 149/149/116 121/121/97 122/122/98
f 145/145/112 144/144/111 151/151/118
f 152/152/119 151/151/118 144/144/111
f 145/145/112 151/151/118 142/142/109
f 153/153/120 142/142/109 151/151/118
f 151/151/118 154/154/121 153/153/120
f 151/151/118 152/152/119 154/154/121
f 155/155/122 153/153/120 154/154/121
f 150/150/117 152/152/119 144/144/111
f 154/154/121 156/156/123 155/155/122
f 157/157/124 155/155/122 156/156/123
f 156/156/123 158/158/81 157/157/124
f 159/159/80 157/157/124 158/158/81
f 160/160/117 161/161/125 162/162/119
f 160/160/117 163/163/126 161/161/125
f 164/164/127 161/161/125 163/163/126
f 165/165/128 163/163/126 160/160/117
f 160/160/117 166/166/115 165/165/128
f 167/167/116 165/165/128 166/166/115
f 168/168/129 163/163/126 165/165/128
f 165/165/128 169/169/130 168/168/129
f 170/170/131 168/168/129 169/169/130
f 167/167/116 171/171/98 165/165/128
f 169/169/130 165/165/128 171/171/98
f 171/171/98 172/172/86 169/169/130
f 173/173/132 169/169/130 172/172/86
f 169/169/130 173/173/132 170/170/131
f 172/172/86 174/174/84 173/173/132
f 175/175/133 173/173/132 174/174/84
f 175/175/133 174/174/84 176/176/134
f 177/177/135 176/176/134 174/174/84
f 176/176/134 177/177/135 178/178/81
f 170/170/131 179/179/136 168/168/129
f 180/180/137 179/179/136 170/170/131
f 180/180/137 170/170/131 173/173/132
f 173/173/132 175/175/133 180/180/137
f 181/181/138 168/168/129 179/179/136
f 182/182/139 180/180/137 175/175/133
f 175/175/133 176/176/134 182/182/139
f 182/182/139 183/183/140 180/180/137
f 181/181/138 184/184/141 168/168/129
f 185/185/142 182/182/139 176/176/134
f 182/182/139 185/185/142 183/183/140
f 186/186/143 183/183/140 185/185/142
f 163/163/126 168/168/129 184/184/141
f 163/163/126 184/184/141 164/164/127
f 187/187/144 164/164/127 184/184/141
f 164/164/127 187/187/144 188/188/145
f 189/189/146 188/188/145 187/187/144
f 188/188/145 189/189/146 190/190/142
f 191/191/147 190/190/142 189/189/146
f 190/190/142 192/192/148 188/188/145
f 193/193/149 188/188/145 192/192/148
f 192/192/148 194/194/81 193/193/149
f 195/195/150 193/193/149 194/194/81
f 195/195/150 196/196/121 193/193/149
f 164/164/127 188/188/145 161/161/125
f 193/193/149 161/161/125 188/188/145
f 161/161/125 193/193/149 162/162/119
f 197/197/151 198/198/152 199/199/153
f 200/200/154 199/199/153 198/198/152
f 199/199/153 200/200/154 201/201/155
f 202/202/156 201/201/155 200/200/154
f 200/200/154 203/203/157 202/202/156
f 204/204/158 202/202/156 203/203/157
f 204/204/158 203/203/157 205/205/159
f 206/206/160 205/205/159 203/203/157
f 205/205/159 206/206/160 207/207/161
f 208/208/162 207/207/161 206/206/160
f 206/206/160 203/203/157 209/209/163
f 206/206/160 209/209/163 208/208/162
f 210/210/164 209/209/163 203/203/157
f 203/203/157 200/200/154 210/210/164
f 198/198/152 210/210/164 200/200/154
f 205/205/159 211/211/165 204/204/158
f 202/202/156 204/204/158 211/211/165
f 207/207/161 208/208/162 212/212/166
f 213/213/167 212/212/166 208/208/162
f 208/208/162 214/214/168 213/213/167
f 214/214/168 208/208/162 209/209/163
f 215/215/169 213/213/167 214/214/168
f 212/212/166 213/213/167 216/216/170
f 217/217/171 216/216/170 213/213/167
f 213/213/167 215/215/169 217/217/171
f 216/216/170 217/217/171 218/218/172
f 219/219/173 218/218/172 217/217/171
f 217/217/171 220/220/174 219/219/173
f 220/220/174 217/217/171 215/215/169
f 221/221/175 219/219/173 220/220/174
f 221/221/175 222/222/151 219/219/173
f 223/223/153 219/219/173 222/222/151
f 218/218/172 219/219/173 224/224/155
f 223/223/153 224/224/155 219/219/173
f 225/225/121 226/226/119 227/227/176
f 228/228/177 229/229/178 230/230/137
f 231/231/165 230/230/137 229/229/178
f 230/230/137 231/231/165 232/232/136
f 233/233/159 232/232/136 231/231/165
f 228/228/177 234/234/179 229/229/178
f 235/235/155 229/229/178 234/234/179
f 233/233/159 236/236/161 232/232/136
f 237/237/138 232/232/136 236/236/161
f 237/237/138 236/236/161 238/238/141
f 239/239/166 238/238/141 236/236/161
f 238/238/141 239/239/166 240/240/144
f 241/241/170 240/240/144 239/239/166
f 240/240/144 241/241/170 242/242/146
f 243/243/172 242/242/146 241/241/170
f 243/243/172 244/244/180 242/242/146
f 245/245/179 242/242/146 244/244/180
f 246/246/181 247/247/182 248/248/183
f 249/249/184 248/248/183 247/247/182
f 248/248/183 249/249/184 250/250/185
f 251/251/186 250/250/185 249/249/184
f 250/250/185 252/252/187 248/248/183
f 246/246/181 248/248/183 252/252/187
f 246/246/181 252/252/187 253/253/188
f 246/246/181 253/253/188 247/247/182
f 254/254/189 253/253/188 252/252/187
f 253/253/188 254/254/189 255/255/190
f 256/256/191 255/255/190 254/254/189
f 250/250/185 251/251/186 257/257/192
f 258/258/193 257/257/192 251/251/186
f 252/252/187 250/250/185 259/259/194
f 257/257/192 259/259/194 250/250/185
f 252/252/187 259/259/194 254/254/189
f 260/260/195 254/254/189 259/259/194
f 258/258/193 261/261/196 257/257/192
f 262/262/197 257/257/192 261/261/196
f 257/257/192 262/262/197 259/259/194
f 263/263/198 259/259/194 262/262/197
f 263/263/198 264/264/199 259/259/194
f 260/260/195 259/259/194 264/264/199
f 264/264/199 265/265/200 260/260/195
f 266/266/201 260/260/195 265/265/200
f 256/256/191 254/254/189 266/266/201
f 260/260/195 266/266/201 254/254/189
f 264/264/199 267/267/202 265/265/200
f 268/268/203 265/265/200 267/267/202
f 255/255/190 269/269/204 253/253/188
f 270/270/205 253/253/188 269/269/204
f 270/270/205 247/247/182 253/253/188
f 271/271/206 272/272/207 273/273/208
f 274/274/209 273/273/208 272/272/207
f 271/271/206 275/275/210 272/272/207
f 273/273/208 276/276/204 271/271/206
f 277/277/190 271/271/206 276/276/204
f 271/271/206 277/277/190 275/275/210
f 277/277/190 278/278/211 275/275/210
f 279/279/212 275/275/210 278/278/211
f 279/279/212 280/280/213 275/275/210
f 281/281/214 275/275/210 280/280/213
f 282/282/215 275/275/210 281/281/214
f 272/272/207 275/275/210 282/282/215
f 281/281/214 283/283/216 282/282/215
f 284/284/217 282/282/215 283/283/216
f 285/285/218 279/279/212 278/278/211
f 286/286/200 279/279/212 285/285/218
f 287/287/219 279/279/212 286/286/200
f 282/282/215 284/284/217 288/288/220
f 289/289/221 288/288/220 284/284/217
f 288/288/220 290/290/222 282/282/215
f 272/272/207 282/282/215 290/290/222
f 272/272/207 290/290/222 274/274/209
f 291/291/223 274/274/209 290/290/222
f 292/292/224 293/293/216 294/294/225
f 295/295/214 294/294/225 293/293/216
f 295/295/214 296/296/213 294/294/225
f 297/297/226 294/294/225 296/296/213
f 297/297/226 296/296/213 298/298/227
f 299/299/228 298/298/227 296/296/213
f 299/299/228 300/300/229 298/298/227
f 301/301/230 298/298/227 300/300/229
f 298/298/227 301/301/230 297/297/226
f 302/302/231 297/297/226 301/301/230
f 297/297/226 302/302/231 303/303/232
f 303/303/232 294/294/225 297/297/226
f 294/294/225 303/303/232 292/292/224
f 304/304/233 303/303/232 302/302/231
f 304/304/233 305/305/234 303/303/232
f 306/306/235 303/303/232 305/305/234
f 306/306/235 292/292/224 303/303/232
f 301/301/230 300/300/229 307/307/236
f 308/308/237 307/307/236 300/300/229
f 309/309/236 310/310/233 311/311/231
f 309/309/236 311/311/231 312/312/238
f 309/309/236 313/313/234 310/310/233
f 314/314/239 315/315/200 316/316/240
f 317/317/241 316/316/240 315/315/200
f 318/318/242 319/319/243 320/320/197
f 319/319/243 321/321/198 320/320/197
f 322/322/199 321/321/198 319/319/243
f 323/323/184 324/324/182 325/325/244
f 326/326/245 325/325/244 324/324/182
f 325/325/244 327/327/246 323/323/184
f 328/328/186 323/323/184 327/327/246
f 326/326/245 329/329/247 325/325/244
f 327/327/246 325/325/244 329/329/247
f 326/326/245 330/330/248 329/329/247
f 326/326/245 324/324/182 330/330/248
f 331/331/249 329/329/247 330/330/248
f 330/330/248 332/332/250 331/331/249
f 333/333/251 331/331/249 332/332/250
f 327/327/246 334/334/252 328/328/186
f 335/335/193 328/328/186 334/334/252
f 334/334/252 327/327/246 336/336/253
f 329/329/247 336/336/253 327/327/246
f 329/329/247 331/331/249 336/336/253
f 337/337/254 336/336/253 331/331/249
f 335/335/193 334/334/252 338/338/242
f 339/339/255 338/338/242 334/334/252
f 334/334/252 336/336/253 339/339/255
f 340/340/256 339/339/255 336/336/253
f 337/337/254 341/341/257 336/336/253
f 340/340/256 336/336/253 341/341/257
f 341/341/257 337/337/254 342/342/258
f 343/343/259 342/342/258 337/337/254
f 337/337/254 331/331/249 343/343/259
f 333/333/251 343/343/259 331/331/249
f 341/341/257 342/342/258 344/344/243
f 345/345/203 344/344/243 342/342/258
f 332/332/250 330/330/248 346/346/204
f 347/347/205 346/346/204 330/330/248
f 347/347/205 330/330/248 324/324/182
f 348/348/260 349/349/261 350/350/262
f 351/351/209 350/350/262 349/349/261
f 352/352/263 348/348/260 350/350/262
f 349/349/261 348/348/260 353/353/204
f 354/354/250 353/353/204 348/348/260
f 348/348/260 352/352/263 354/354/250
f 354/354/250 352/352/263 355/355/264
f 356/356/265 355/355/264 352/352/263
f 356/356/265 352/352/263 357/357/266
f 358/358/267 357/357/266 352/352/263
f 359/359/268 358/358/267 352/352/263
f 352/352/263 350/350/262 359/359/268
f 358/358/267 359/359/268 360/360/216
f 361/361/269 360/360/216 359/359/268
f 362/362/270 355/355/264 356/356/265
f 363/363/271 362/362/270 356/356/265
f 364/364/272 363/363/271 356/356/265
f 359/359/268 365/365/273 361/361/269
f 366/366/221 361/361/269 365/365/273
f 365/365/273 359/359/268 367/367/274
f 350/350/262 367/367/274 359/359/268
f 350/350/262 351/351/209 367/367/274
f 368/368/223 367/367/274 351/351/209
f 369/369/267 370/370/216 371/371/275
f 372/372/224 371/371/275 370/370/216
f 369/369/267 371/371/275 373/373/266
f 374/374/276 373/373/266 371/371/275
f 374/374/276 375/375/277 373/373/266
f 376/376/278 373/373/266 375/375/277
f 376/376/278 375/375/277 377/377/279
f 378/378/280 377/377/279 375/375/277
f 375/375/277 374/374/276 378/378/280
f 379/379/281 378/378/280 374/374/276
f 374/374/276 380/380/282 379/379/281
f 380/380/282 374/374/276 371/371/275
f 371/371/275 372/372/224 380/380/282
f 381/381/283 379/379/281 380/380/282
f 381/381/283 380/380/282 382/382/234
f 383/383/284 382/382/234 380/380/282
f 383/383/284 380/380/282 372/372/224
f 378/378/280 384/384/285 377/377/279
f 385/385/240 377/377/279 384/384/285
f 386/386/286 387/387/287 388/388/288
f 387/387/287 389/389/289 388/388/288
f 390/390/290 387/387/287 386/386/286
f 391/391/272 392/392/291 393/393/292
f 394/394/203 393/393/292 392/392/291
f 395/395/293 396/396/243 397/397/256
f 397/397/256 396/396/243 398/398/294
f 396/396/243 399/399/295 398/398/294
f 400/400/296 401/401/297 402/402/298
f 402/402/298 401/401/297 403/403/299
f 404/404/300 403/403/299 401/401/297
f 405/405/301 400/400/296 402/402/298
f 405/405/301 402/402/298 406/406/302
f 406/406/302 407/407/303 405/405/301
f 407/407/303 408/408/304 405/405/301
f 409/409/305 405/405/301 408/408/304
f 409/409/305 408/408/304 410/410/306
f 411/411/307 410/410/306 408/408/304
f 409/409/305 410/410/306 412/412/308
f 413/413/309 412/412/308 410/410/306
f 406/406/302 414/414/310 407/407/303
f 415/415/311 407/407/303 414/414/310
f 414/414/310 416/416/312 415/415/311
f 417/417/313 415/415/311 416/416/312
f 418/418/314 406/406/302 402/402/298
f 402/402/298 419/419/315 418/418/314
f 420/420/316 418/418/314 419/419/315
f 419/419/315 402/402/298 421/421/317
f 403/403/299 421/421/317 402/402/298
f 422/422/318 423/423/319 424/424/320
f 425/425/321 424/424/320 423/423/319
f 422/422/318 426/426/322 423/423/319
f 427/427/323 423/423/319 426/426/322
f 427/427/323 426/426/322 428/428/296
f 426/426/322 429/429/324 428/428/296
f 424/424/320 430/430/325 422/422/318
f 431/431/326 422/422/318 430/430/325
f 426/426/322 422/422/318 432/432/327
f 431/431/326 432/432/327 422/422/318
f 425/425/321 423/423/319 433/433/328
f 434/434/329 433/433/328 423/423/319
f 432/432/327 435/435/330 426/426/322
f 429/429/324 426/426/322 435/435/330
f 436/436/331 437/437/332 438/438/305
f 439/439/301 438/438/305 437/437/332
f 439/439/301 437/437/332 440/440/333
f 438/438/305 441/441/334 436/436/331
f 442/442/329 436/436/331 441/441/334
f 443/443/326 444/444/325 445/445/335
f 444/444/325 446/446/336 445/445/335
f 445/445/335 447/447/334 443/443/326
f 447/447/334 448/448/327 443/443/326
f 449/449/337 448/448/327 447/447/334
f 449/449/337 447/447/334 450/450/338
f 451/451/339 450/450/338 447/447/334
f 450/450/338 451/451/339 452/452/340
f 453/453/341 452/452/340 451/451/339
f 450/450/338 454/454/342 449/449/337
f 454/454/342 455/455/317 449/449/337
f 454/454/342 456/456/343 455/455/317
f 457/457/299 449/449/337 455/455/317
f 458/458/344 449/449/337 457/457/299
f 448/448/327 449/449/337 458/458/344
f 459/459/345 451/451/339 447/447/334
f 460/460/346 459/459/345 447/447/334
f 461/461/347 459/459/345 460/460/346
f 462/462/348 463/463/349 464/464/350
f 465/465/351 464/464/350 463/463/349
f 463/463/349 462/462/348 466/466/352
f 467/467/353 468/468/338 469/469/312
f 470/470/354 469/469/312 468/468/338
f 469/469/312 470/470/354 471/471/355
f 472/472/356 471/471/355 470/470/354
f 472/472/356 473/473/357 471/471/355
f 474/474/358 471/471/355 473/473/357
f 474/474/358 473/473/357 475/475/359
f 476/476/360 475/475/359 473/473/357
f 475/475/359 476/476/360 477/477/307
f 478/478/361 477/477/307 476/476/360
f 477/477/307 478/478/361 479/479/362
f 480/480/363 479/479/362 478/478/361
f 468/468/338 467/467/353 481/481/342
f 482/482/364 481/481/342 467/467/353
f 482/482/364 483/483/365 481/481/342
f 484/484/366 481/481/342 483/483/365
f 483/483/365 485/485/315 484/484/366
f 486/486/317 484/484/366 485/485/315
f 487/487/350 488/488/310 489/489/348
f 490/490/302 489/489/348 488/488/310
f 489/489/348 490/490/302 491/491/367
f 492/492/314 491/491/367 490/490/302
f 491/491/367 492/492/314 493/493/349
f 494/494/368 493/493/349 492/492/314
f 487/487/350 495/495/369 488/488/310
f 496/496/312 488/488/310 495/495/369
f 497/497/355 498/498/358 499/499/311
f 500/500/370 499/499/311 498/498/358
f 499/499/311 500/500/370 501/501/303
f 502/502/371 501/501/303 500/500/370
f 501/501/303 502/502/371 503/503/372
f 504/504/373 503/503/372 502/502/371
f 504/504/373 505/505/359 503/503/372
f 506/506/307 503/503/372 505/505/359
f 507/507/358 508/508/374 509/509/370
f 510/510/371 509/509/370 508/508/374
f 508/508/374 507/507/358 511/511/359
f 512/512/375 513/513/376 514/514/377
f 514/514/377 515/515/378 512/512/375
f 516/516/379 512/512/375 515/515/378
f 513/513/376 517/517/380 514/514/377
f 517/517/380 518/518/381 514/514/377
f 519/519/382 518/518/381 517/517/380
f 519/519/382 517/517/380 520/520/383
f 521/521/384 520/520/383 517/517/380
f 521/521/384 522/522/385 520/520/383
f 523/523/386 520/520/383 522/522/385
f 521/521/384 524/524/387 522/522/385
f 525/525/388 522/522/385 524/524/387
f 518/518/381 519/519/382 526/526/389
f 527/527/390 526/526/389 519/519/382
f 526/526/389 527/527/390 528/528/391
f 529/529/392 528/528/391 527/527/390
f 530/530/393 514/514/377 518/518/381
f 514/514/377 530/530/393 531/531/394
f 532/532/395 531/531/394 530/530/393
f 531/531/394 533/533/396 514/514/377
f 515/515/378 514/514/377 533/533/396
f 534/534/397 535/535/398 536/536/399
f 537/537/400 536/536/399 535/535/398
f 537/537/400 535/535/398 538/538/401
f 539/539/402 538/538/401 535/535/398
f 538/538/401 539/539/402 540/540/376
f 541/541/403 538/538/401 540/540/376
f 536/536/399 537/537/400 542/542/325
f 543/543/404 542/542/325 537/537/400
f 538/538/401 544/544/405 537/537/400
f 543/543/404 537/537/400 544/544/405
f 534/534/397 545/545/328 535/535/398
f 546/546/406 535/535/398 545/545/328
f 541/541/403 547/547/407 538/538/401
f 544/544/405 538/538/401 547/547/407
f 548/548/408 549/549/402 550/550/409
f 551/551/410 550/550/409 549/549/402
f 549/549/402 548/548/408 552/552/376
f 550/550/409 551/551/410 553/553/387
f 554/554/406 553/553/387 551/551/410
f 555/555/325 556/556/411 557/557/412
f 558/558/413 555/555/325 557/557/412
f 559/559/387 557/557/412 556/556/411
f 560/560/405 559/559/387 556/556/411
f 561/561/414 559/559/387 560/560/405
f 561/561/414 562/562/415 559/559/387
f 563/563/416 559/559/387 562/562/415
f 562/562/415 564/564/417 563/563/416
f 565/565/418 563/563/416 564/564/417
f 566/566/419 562/562/415 561/561/414
f 566/566/419 561/561/414 567/567/420
f 568/568/421 566/566/419 567/567/420
f 569/569/378 567/567/420 561/561/414
f 561/561/414 570/570/379 569/569/378
f 561/561/414 560/560/405 570/570/379
f 563/563/416 571/571/422 559/559/387
f 571/571/422 572/572/388 559/559/387
f 571/571/422 573/573/423 572/572/388
f 574/574/424 575/575/425 576/576/426
f 577/577/427 576/576/426 575/575/425
f 577/577/427 575/575/425 578/578/428
f 579/579/429 580/580/415 581/581/430
f 582/582/431 581/581/430 580/580/415
f 581/581/430 583/583/392 579/579/429
f 584/584/432 579/579/429 583/583/392
f 584/584/432 583/583/392 585/585/433
f 586/586/434 585/585/433 583/583/392
f 586/586/434 587/587/435 585/585/433
f 588/588/422 585/585/433 587/587/435
f 587/587/435 589/589/386 588/588/422
f 590/590/423 588/588/422 589/589/386
f 589/589/386 591/591/385 590/590/423
f 592/592/436 590/590/423 591/591/385
f 580/580/415 593/593/437 582/582/431
f 594/594/438 582/582/431 593/593/437
f 594/594/438 593/593/437 595/595/395
f 596/596/439 595/595/395 593/593/437
f 595/595/395 596/596/439 597/597/440
f 598/598/441 597/597/440 596/596/439
f 599/599/442 600/600/389 601/601/443
f 602/602/444 601/601/443 600/600/389
f 601/601/443 603/603/428 599/599/442
f 604/604/445 599/599/442 603/603/428
f 603/603/428 605/605/446 604/604/445
f 606/606/395 604/604/445 605/605/446
f 602/602/444 600/600/389 607/607/431
f 608/608/430 607/607/431 600/600/389
f 609/609/447 610/610/434 611/611/448
f 612/612/449 611/611/448 610/610/434
f 611/611/448 613/613/382 609/609/447
f 614/614/450 609/609/447 613/613/382
f 613/613/382 615/615/383 614/614/450
f 616/616/451 614/614/450 615/615/383
f 616/616/451 615/615/383 617/617/435
f 618/618/386 617/617/435 615/615/383
f 619/619/450 620/620/452 621/621/447
f 622/622/453 621/621/447 620/620/452
f 622/622/453 620/620/452 623/623/435
f 624/624/454 625/625/455 626/626/456
f 627/627/457 626/626/456 625/625/455
f 628/628/458 626/626/456 627/627/457
f 628/628/458 629/629/459 626/626/456
f 629/629/459 630/630/460 626/626/456
f 631/631/461 626/626/456 630/630/460
f 628/628/458 632/632/462 629/629/459
f 629/629/459 632/632/462 633/633/463
f 634/634/464 633/633/463 632/632/462
f 628/628/458 635/635/465 632/632/462
f 635/635/465 636/636/464 632/632/462
f 637/637/466 636/636/464 635/635/465
f 638/638/467 636/636/464 637/637/466
f 637/637/466 635/635/465 639/639/468
f 640/640/469 639/639/468 635/635/465
f 628/628/458 640/640/469 635/635/465
f 641/641/455 642/642/470 643/643/471
f 644/644/472 643/643/471 642/642/470
f 644/644/472 642/642/470 645/645/473
f 644/644/472 645/645/473 646/646/474
f 647/647/460 645/645/473 642/642/470
f 644/644/472 648/648/475 643/643/471
f 646/646/474 648/648/475 644/644/472
f 649/649/476 643/643/471 648/648/475
f 650/650/477 648/648/475 646/646/474
f 645/645/473 651/651/478 646/646/474
f 645/645/473 647/647/460 651/651/478
f 652/652/479 646/646/474 651/651/478
f 651/651/478 653/653/480 652/652/479
f 654/654/481 652/652/479 653/653/480
f 652/652/479 655/655/482 646/646/474
f 656/656/483 646/646/474 655/655/482
f 656/656/483 650/650/477 646/646/474
f 656/656/483 657/657/484 650/650/477
f 658/658/485 650/650/477 657/657/484
f 650/650/477 658/658/485 648/648/475
f 649/649/476 648/648/475 658/658/485
f 659/659/464 651/651/478 647/647/460
f 651/651/478 659/659/464 653/653/480
f 660/660/486 653/653/480 659/659/464
f 661/661/487 652/652/479 654/654/481
f 652/652/479 661/661/487 655/655/482
f 656/656/483 662/662/488 657/657/484
f 663/663/489 657/657/484 662/662/488
f 662/662/488 656/656/483 664/664/490
f 655/655/482 664/664/490 656/656/483
f 664/664/490 655/655/482 665/665/491
f 666/666/492 665/665/491 655/655/482
f 666/666/492 655/655/482 661/661/487
f 663/663/489 662/662/488 667/667/493
f 668/668/494 667/667/493 662/662/488
f 664/664/490 669/669/495 662/662/488
f 668/668/494 662/662/488 669/669/495
f 664/664/490 665/665/491 669/669/495
f 670/670/496 669/669/495 665/665/491
f 668/668/494 671/671/497 667/667/493
f 672/672/498 667/667/493 671/671/497
f 670/670/496 673/673/499 669/669/495
f 674/674/500 669/669/495 673/673/499
f 671/671/497 668/668/494 674/674/500
f 669/669/495 674/674/500 668/668/494
f 675/675/501 676/676/486 677/677/502
f 678/678/503 677/677/502 676/676/486
f 677/677/502 679/679/504 675/675/501
f 680/680/505 675/675/501 679/679/504
f 681/681/506 682/682/507 683/683/466
f 684/684/508 683/683/466 682/682/507
f 685/685/509 682/682/507 681/681/506
f 684/684/508 686/686/510 683/683/466
f 687/687/511 683/683/466 686/686/510
f 688/688/512 687/687/511 686/686/510
f 689/689/506 690/690/513 691/691/514
f 689/689/506 692/692/515 690/690/513
f 693/693/516 690/690/513 692/692/515
f 689/689/506 694/694/517 692/692/515
f 695/695/518 692/692/515 694/694/517
f 692/692/515 695/695/518 693/693/516
f 696/696/498 697/697/519 698/698/499
f 699/699/500 698/698/499 697/697/519
f 700/700/457 701/701/455 702/702/520
f 703/703/521 702/702/520 701/701/455
f 702/702/520 704/704/458 700/700/457
f 705/705/522 704/704/458 702/702/520
f 705/705/522 702/702/520 706/706/523
f 707/707/521 706/706/523 702/702/520
f 708/708/524 704/704/458 705/705/522
f 705/705/522 709/709/525 708/708/524
f 710/710/526 708/708/524 709/709/525
f 711/711/527 704/704/458 708/708/524
f 711/711/527 708/708/524 712/712/528
f 713/713/529 711/711/527 712/712/528
f 714/714/530 713/713/529 712/712/528
f 713/713/529 715/715/531 711/711/527
f 716/716/469 711/711/527 715/715/531
f 716/716/469 704/704/458 711/711/527
f 717/717/532 718/718/521 719/719/471
f 720/720/455 719/719/471 718/718/521
f 717/717/532 721/721/533 718/718/521
f 717/717/532 722/722/534 721/721/533
f 723/723/525 718/718/521 721/721/533
f 717/717/532 719/719/471 724/724/535
f 724/724/535 722/722/534 717/717/532
f 725/725/536 724/724/535 719/719/471
f 726/726/537 722/722/534 724/724/535
f 721/721/533 722/722/534 727/727/538
f 721/721/533 727/727/538 723/723/525
f 728/728/539 727/727/538 722/722/534
f 727/727/538 728/728/539 729/729/540
f 730/730/481 729/729/540 728/728/539
f 728/728/539 722/722/534 731/731/541
f 732/732/542 731/731/541 722/722/534
f 732/732/542 722/722/534 726/726/537
f 732/732/542 726/726/537 733/733/484
f 734/734/485 733/733/484 726/726/537
f 725/725/536 734/734/485 724/724/535
f 726/726/537 724/724/535 734/734/485
f 735/735/528 723/723/525 727/727/538
f 727/727/538 729/729/540 735/735/528
f 736/736/530 735/735/528 729/729/540
f 728/728/539 737/737/543 730/730/481
f 728/728/539 731/731/541 737/737/543
f 732/732/542 733/733/484 738/738/544
f 739/739/545 738/738/544 733/733/484
f 738/738/544 740/740/546 732/732/542
f 731/731/541 732/732/542 740/740/546
f 740/740/546 741/741/491 731/731/541
f 742/742/547 731/731/541 741/741/491
f 742/742/547 737/737/543 731/731/541
f 739/739/545 743/743/493 738/738/544
f 744/744/548 738/738/544 743/743/493
f 744/744/548 745/745/549 738/738/544
f 740/740/546 738/738/544 745/745/549
f 740/740/546 745/745/549 741/741/491
f 746/746/496 741/741/491 745/745/549
f 744/744/548 743/743/493 747/747/550
f 748/748/498 747/747/550 743/743/493
f 746/746/496 745/745/549 749/749/499
f 750/750/551 749/749/499 745/745/549
f 747/747/550 750/750/551 744/744/548
f 745/745/549 744/744/548 750/750/551
f 751/751/552 752/752/553 753/753/554
f 754/754/529 753/753/554 752/752/553
f 754/754/529 752/752/553 755/755/555
f 756/756/507 755/755/555 752/752/553
f 753/753/554 757/757/504 751/751/552
f 758/758/514 755/755/555 756/756/507
f 759/759/540 760/760/554 761/761/530
f 762/762/556 761/761/530 760/760/554
f 760/760/554 759/759/540 763/763/512
f 764/764/505 763/763/512 759/759/540
f 765/765/557 766/766/555 767/767/509
f 766/766/555 765/765/557 768/768/558
f 769/769/516 768/768/558 765/765/557
f 766/766/555 768/768/558 770/770/529
f 771/771/518 770/770/529 768/768/558
f 771/771/518 768/768/558 769/769/516
f 772/772/559 773/773/550 774/774/499
f 775/775/498 774/774/499 773/773/550
f 776/776/560 777/777/561 778/778/562
f 779/779/563 778/778/562 777/777/561
f 779/779/563 777/777/561 780/780/564
f 781/781/565 780/780/564 777/777/561
f 782/782/566 783/783/563 784/784/567
f 783/783/563 785/785/568 784/784/567
f 786/786/564 785/785/568 783/783/563
f 784/784/567 785/785/568 787/787/569
f 788/788/570 787/787/569 785/785/568
f 785/785/568 789/789/571 788/788/570
f 790/790/572 788/788/570 789/789/571
f 785/785/568 791/791/564 789/789/571
f 792/792/573 789/789/571 791/791/564
f 788/788/570 790/790/572 793/793/574
f 794/794/575 793/793/574 790/790/572
f 795/795/576 796/796/577 797/797/578
f 798/798/579 797/797/578 796/796/577
f 796/796/577 799/799/580 798/798/579
f 800/800/581 798/798/579 799/799/580
f 795/795/576 797/797/578 801/801/570
f 802/802/582 801/801/570 797/797/578
f 801/801/570 802/802/582 803/803/583
f 804/804/584 803/803/583 802/802/582
f 805/805/581 806/806/580 807/807/565
f 808/808/585 807/807/565 806/806/580
f 809/809/586 810/810/561 811/811/587
f 812/812/560 811/811/587 810/810/561
f 809/809/586 813/813/588 810/810/561
f 814/814/565 810/810/561 813/813/588
f 815/815/589 816/816/587 817/817/590
f 818/818/591 815/815/589 817/817/590
f 818/818/591 819/819/592 815/815/589
f 817/817/590 820/820/593 818/818/591
f 821/821/594 818/818/591 820/820/593
f 822/822/595 818/818/591 821/821/594
f 823/823/596 822/822/595 821/821/594
f 818/818/591 822/822/595 824/824/588
f 825/825/597 824/824/588 822/822/595
f 821/821/594 826/826/598 823/823/596
f 827/827/599 823/823/596 826/826/598
f 828/828/579 829/829/599 830/830/578
f 831/831/598 830/830/578 829/829/599
f 829/829/599 828/828/579 832/832/596
f 833/833/581 832/832/596 828/828/579
f 831/831/598 834/834/594 830/830/578
f 835/835/582 830/830/578 834/834/594
f 834/834/594 836/836/600 835/835/582
f 837/837/584 835/835/582 836/836/600
f 838/838/592 839/839/597 840/840/565
f 841/841/581 840/840/565 839/839/597
f 842/842/601 843/843/602 844/844/603
f 845/845/604 844/844/603 843/843/602
f 846/846/605 847/847/606 848/848/607
f 849/849/608 848/848/607 847/847/606
f 850/850/604 851/851/609 852/852/603
f 853/853/610 852/852/603 851/851/609
f 854/854/608 855/855/611 856/856/607
f 857/857/612 856/856/607 855/855/611
f 858/858/613 859/859/614 860/860/615
f 861/861/616 860/860/615 859/859/614
f 862/862/617 863/863/618 864/864/619
f 865/865/620 864/864/619 863/863/618
f 866/866/610 867/867/609 868/868/621
f 869/869/622 868/868/621 867/867/609
f 870/870/612 871/871/611 872/872/623
f 873/873/617 872/872/623 871/871/611
f 874/874/624 875/875/625 876/876/626
f 876/876/626 875/875/625 877/877/627
f 878/878/628 876/876/629 879/879/627
f 880/880/630 881/881/631 882/882/632
f 883/883/633 882/882/632 881/881/631
f 880/880/630 884/884/11 881/881/631
f 884/884/11 885/885/12 881/881/631
f 881/881/631 885/885/12 886/886/634
f 882/882/632 883/883/633 887/887/635
f 888/888/636 887/887/635 883/883/633
f 885/885/12 889/889/16 886/886/634
f 886/886/634 890/890/637 881/881/631
f 891/891/638 881/881/631 890/890/637
f 892/892/639 881/881/631 891/891/638
f 883/883/633 892/892/639 888/888/636
f 892/892/639 883/883/633 881/881/631
f 890/890/637 886/886/634 893/893/640
f 889/889/16 893/893/640 886/886/634
f 893/893/640 889/889/16 894/894/641
f 893/893/640 894/894/641 895/895/642
f 896/896/23 894/894/641 889/889/16
f 897/897/24 894/894/641 896/896/23
f 890/890/637 893/893/640 898/898/625
f 898/898/625 893/893/640 895/895/642
f 887/887/635 888/888/636 899/899/25
f 900/900/28 887/887/635 899/899/25
f 888/888/636 901/901/643 899/899/25
f 888/888/636 902/902/644 901/901/643
f 902/902/644 888/888/636 892/892/639
f 903/903/627 898/898/625 895/895/642
f 904/904/645 903/903/627 895/895/642
f 904/904/645 905/905/646 903/903/627
f 906/906/647 903/903/627 905/905/646
f 901/901/643 907/907/648 899/899/25
f 901/901/643 908/908/649 907/907/648
f 908/908/649 905/905/646 909/909/650
f 909/909/650 907/907/648 908/908/649
f 908/908/649 901/901/643 910/910/651
f 902/902/644 910/910/651 901/901/643
f 911/911/652 908/908/649 910/910/651
f 908/908/649 911/911/652 905/905/646
f 911/911/652 906/906/647 905/905/646
f 912/912/37 899/899/25 907/907/648
f 913/913/626 914/914/653 915/915/644
f 914/914/653 913/913/626 916/916/654
f 915/915/644 917/917/655 913/913/626
f 917/917/656 918/918/657 919/919/629
f 920/920/652 919/919/626 921/921/647
f 922/922/658 923/923/637 919/919/629
f 924/924/632 925/925/659 926/926/630
f 927/927/660 926/926/630 925/925/659
f 925/925/659 924/924/632 928/928/661
f 929/929/662 928/928/661 924/924/632
f 926/926/630 927/927/660 930/930/11
f 931/931/49 930/930/11 927/927/660
f 929/929/662 932/932/28 928/928/661
f 933/933/50 928/928/661 932/932/28
f 934/934/659 935/935/51 936/936/663
f 935/935/51 934/934/659 937/937/664
f 935/935/51 938/938/49 936/936/663
f 935/935/51 937/937/664 939/939/53
f 940/940/665 941/941/666 942/942/650
f 943/943/667 942/942/650 941/941/666
f 940/940/665 942/942/650 944/944/668
f 945/945/646 944/944/668 942/942/650
f 941/941/666 946/946/669 943/943/667
f 943/943/667 946/946/669 947/947/37
f 946/946/669 948/948/59 947/947/37
f 945/945/646 949/949/645 944/944/668
f 950/950/670 944/944/668 949/949/645
f 950/950/670 949/949/645 951/951/671
f 952/952/642 951/951/671 949/949/645
f 951/951/671 952/952/642 953/953/672
f 954/954/641 953/953/672 952/952/642
f 941/941/666 940/940/665 955/955/673
f 941/941/666 955/955/673 946/946/669
f 956/956/674 955/955/673 940/940/665
f 957/957/675 946/946/669 955/955/673
f 956/956/674 940/940/665 958/958/676
f 944/944/668 958/958/676 940/940/665
f 944/944/668 950/950/670 958/958/676
f 959/959/677 958/958/676 950/950/670
f 951/951/671 953/953/672 960/960/678
f 959/959/677 950/950/670 960/960/678
f 951/951/671 960/960/678 950/950/670
f 961/961/679 960/960/678 953/953/672
f 953/953/672 962/962/70 961/961/679
f 953/953/672 954/954/641 962/962/70
f 963/963/71 961/961/679 962/962/70
f 964/964/24 962/962/70 954/954/641
f 965/965/669 966/966/675 967/967/59
f 966/966/675 968/968/74 967/967/59
f 969/969/73 968/968/74 966/966/675
f 970/970/680 969/969/73 966/966/675
f 970/970/680 971/971/681 969/969/73
f 972/972/76 969/969/73 971/971/681
f 971/971/681 973/973/682 972/972/76
f 974/974/78 972/972/76 973/973/682
f 975/975/79 974/974/78 973/973/682
f 976/976/683 977/977/684 978/978/82
f 979/979/80 978/978/82 977/977/684
f 976/976/683 978/978/82 980/980/685
f 981/981/85 980/980/685 978/978/82
f 980/980/685 981/981/85 982/982/686
f 983/983/87 982/982/686 981/981/85
f 983/983/87 984/984/88 982/982/686
f 985/985/687 982/982/686 984/984/88
f 985/985/687 984/984/88 986/986/688
f 987/987/79 986/986/688 984/984/88
f 987/987/79 988/988/689 986/986/688
f 989/989/690 986/986/688 988/988/689
f 989/989/690 990/990/691 986/986/688
f 991/991/692 986/986/688 990/990/691
f 986/986/688 991/991/692 985/985/687
f 990/990/691 989/989/690 992/992/693
f 993/993/694 992/992/693 989/989/690
f 994/994/695 985/985/687 991/991/692
f 995/995/696 985/985/687 994/994/695
f 995/995/696 982/982/686 985/985/687
f 993/993/694 989/989/690 996/996/681
f 988/988/689 996/996/681 989/989/690
f 997/997/680 993/993/694 996/996/681
f 997/997/680 998/998/673 993/993/694
f 992/992/693 993/993/694 999/999/674
f 998/998/673 999/999/674 993/993/694
f 999/999/674 1000/1000/697 992/992/693
f 992/992/693 1000/1000/697 1001/1001/677
f 997/997/680 1002/1002/675 998/998/673
f 990/990/691 992/992/693 1003/1003/698
f 1001/1001/677 1003/1003/698 992/992/693
f 1003/1003/698 1001/1001/677 1004/1004/699
f 1005/1005/700 1004/1004/699 1001/1001/677
f 1001/1001/677 1006/1006/678 1005/1005/700
f 1006/1006/678 1007/1007/679 1005/1005/700
f 1008/1008/71 1005/1005/700 1007/1007/679
f 1008/1008/71 1004/1004/699 1005/1005/700
f 1004/1004/699 1009/1009/701 1003/1003/698
f 1010/1010/702 1003/1003/698 1009/1009/701
f 1009/1009/701 1011/1011/703 1010/1010/702
f 1011/1011/703 1009/1009/701 1012/1012/106
f 1011/1011/703 1012/1012/106 1013/1013/704
f 1014/1014/108 1013/1013/704 1012/1012/106
f 1015/1015/109 1013/1013/704 1014/1014/108
f 1013/1013/704 1016/1016/705 1011/1011/703
f 1016/1016/705 1013/1013/704 1017/1017/706
f 1018/1018/707 1017/1017/706 1013/1013/704
f 1015/1015/109 1018/1018/707 1013/1013/704
f 1019/1019/708 1011/1011/703 1016/1016/705
f 1011/1011/703 1019/1019/708 1010/1010/702
f 1020/1020/114 1012/1012/106 1009/1009/701
f 1010/1010/702 1019/1019/708 991/991/692
f 991/991/692 990/990/691 1010/1010/702
f 1003/1003/698 1010/1010/702 990/990/691
f 1009/1009/701 1004/1004/699 1020/1020/114
f 1008/1008/71 1020/1020/114 1004/1004/699
f 1016/1016/705 1021/1021/709 1019/1019/708
f 1016/1016/705 1017/1017/706 1021/1021/709
f 994/994/695 1019/1019/708 1021/1021/709
f 1019/1019/708 994/994/695 991/991/692
f 1021/1021/709 1022/1022/710 994/994/695
f 1023/1023/711 1021/1021/709 1017/1017/706
f 994/994/695 1022/1022/710 995/995/696
f 1018/1018/707 1024/1024/712 1017/1017/706
f 1025/1025/713 1017/1017/706 1024/1024/712
f 1025/1025/713 1023/1023/711 1017/1017/706
f 1018/1018/707 1015/1015/109 1024/1024/712
f 1026/1026/120 1024/1024/712 1015/1015/109
f 1024/1024/712 1026/1026/120 1027/1027/714
f 1025/1025/713 1024/1024/712 1027/1027/714
f 1028/1028/122 1027/1027/714 1026/1026/120
f 1027/1027/714 1028/1028/122 1029/1029/715
f 1030/1030/124 1029/1029/715 1028/1028/122
f 1029/1029/715 1030/1030/124 1031/1031/684
f 1032/1032/80 1031/1031/684 1030/1030/124
f 1033/1033/716 1034/1034/711 1035/1035/713
f 1034/1034/711 1033/1033/716 1036/1036/717
f 1037/1037/718 1036/1036/717 1033/1033/716
f 1036/1036/717 1038/1038/719 1034/1034/711
f 1034/1034/711 1038/1038/719 1039/1039/709
f 1040/1040/710 1039/1039/709 1038/1038/719
f 1036/1036/717 1041/1041/720 1038/1038/719
f 1038/1038/719 1041/1041/720 1042/1042/721
f 1043/1043/722 1042/1042/721 1041/1041/720
f 1042/1042/721 1044/1044/696 1038/1038/719
f 1040/1040/710 1038/1038/719 1044/1044/696
f 1044/1044/696 1042/1042/721 1045/1045/686
f 1046/1046/723 1045/1045/686 1042/1042/721
f 1042/1042/721 1043/1043/722 1046/1046/723
f 1045/1045/686 1046/1046/723 1047/1047/685
f 1048/1048/724 1047/1047/685 1046/1046/723
f 1048/1048/724 1049/1049/725 1047/1047/685
f 1050/1050/726 1047/1047/685 1049/1049/725
f 1050/1050/726 1049/1049/725 1051/1051/684
f 1043/1043/722 1041/1041/720 1052/1052/727
f 1052/1052/727 1053/1053/728 1043/1043/722
f 1053/1053/728 1046/1046/723 1043/1043/722
f 1046/1046/723 1053/1053/728 1048/1048/724
f 1054/1054/729 1052/1052/727 1041/1041/720
f 1055/1055/730 1048/1048/724 1053/1053/728
f 1048/1048/724 1055/1055/730 1049/1049/725
f 1056/1056/731 1055/1055/730 1053/1053/728
f 1054/1054/729 1041/1041/720 1057/1057/732
f 1036/1036/717 1057/1057/732 1041/1041/720
f 1036/1036/717 1037/1037/718 1057/1057/732
f 1058/1058/733 1057/1057/732 1037/1037/718
f 1037/1037/718 1059/1059/734 1058/1058/733
f 1060/1060/735 1058/1058/733 1059/1059/734
f 1059/1059/734 1061/1061/736 1060/1060/735
f 1062/1062/737 1060/1060/735 1061/1061/736
f 1061/1061/736 1059/1059/734 1063/1063/738
f 1064/1064/739 1063/1063/738 1059/1059/734
f 1063/1063/738 1064/1064/739 1065/1065/684
f 1066/1066/740 1065/1065/684 1064/1064/739
f 1067/1067/714 1066/1066/740 1064/1064/739
f 1055/1055/730 1056/1056/731 1068/1068/736
f 1068/1068/736 1049/1049/725 1055/1055/730
f 1064/1064/739 1059/1059/734 1033/1033/716
f 1037/1037/718 1033/1033/716 1059/1059/734
f 1064/1064/739 1033/1033/716 1035/1035/713
f 1069/1069/741 1068/1068/736 1056/1056/731
f 1070/1070/742 1071/1071/743 1072/1072/744
f 1073/1073/745 1072/1072/744 1071/1071/743
f 1072/1072/744 1074/1074/746 1070/1070/742
f 1075/1075/747 1070/1070/742 1074/1074/746
f 1070/1070/742 1075/1075/747 1076/1076/748
f 1077/1077/749 1076/1076/748 1075/1075/747
f 1077/1077/749 1078/1078/750 1076/1076/748
f 1079/1079/751 1076/1076/748 1078/1078/750
f 1078/1078/750 1080/1080/752 1079/1079/751
f 1081/1081/753 1079/1079/751 1080/1080/752
f 1079/1079/751 1082/1082/754 1076/1076/748
f 1079/1079/751 1081/1081/753 1082/1082/754
f 1083/1083/755 1076/1076/748 1082/1082/754
f 1071/1071/743 1070/1070/742 1083/1083/755
f 1076/1076/748 1083/1083/755 1070/1070/742
f 1084/1084/756 1078/1078/750 1077/1077/749
f 1077/1077/749 1075/1075/747 1084/1084/756
f 1080/1080/752 1085/1085/757 1081/1081/753
f 1086/1086/758 1081/1081/753 1085/1085/757
f 1081/1081/753 1086/1086/758 1087/1087/759
f 1087/1087/759 1082/1082/754 1081/1081/753
f 1088/1088/760 1087/1087/759 1086/1086/758
f 1085/1085/757 1089/1089/761 1086/1086/758
f 1090/1090/762 1086/1086/758 1089/1089/761
f 1086/1086/758 1090/1090/762 1088/1088/760
f 1089/1089/761 1091/1091/763 1090/1090/762
f 1092/1092/764 1090/1090/762 1091/1091/763
f 1090/1090/762 1092/1092/764 1093/1093/765
f 1093/1093/765 1088/1088/760 1090/1090/762
f 1094/1094/766 1093/1093/765 1092/1092/764
f 1094/1094/766 1092/1092/764 1095/1095/745
f 1096/1096/744 1095/1095/745 1092/1092/764
f 1096/1096/744 1092/1092/764 1097/1097/746
f 1091/1091/763 1097/1097/746 1092/1092/764
f 1098/1098/713 1099/1099/714 1100/1100/739
f 1101/1101/756 1102/1102/767 1103/1103/728
f 1104/1104/768 1103/1103/728 1102/1102/767
f 1103/1103/728 1105/1105/727 1101/1101/756
f 1106/1106/750 1101/1101/756 1105/1105/727
f 1104/1104/768 1102/1102/767 1107/1107/769
f 1108/1108/746 1107/1107/769 1102/1102/767
f 1106/1106/750 1105/1105/727 1109/1109/752
f 1110/1110/729 1109/1109/752 1105/1105/727
f 1110/1110/729 1111/1111/732 1109/1109/752
f 1112/1112/757 1109/1109/752 1111/1111/732
f 1111/1111/732 1113/1113/733 1112/1112/757
f 1114/1114/761 1112/1112/757 1113/1113/733
f 1113/1113/733 1115/1115/735 1114/1114/761
f 1116/1116/763 1114/1114/761 1115/1115/735
f 1116/1116/763 1115/1115/735 1117/1117/770
f 1118/1118/769 1117/1117/770 1115/1115/735
f 1119/1119/771 1120/1120/772 1121/1121/773
f 1122/1122/774 1121/1121/773 1120/1120/772
f 1121/1121/773 1123/1123/775 1119/1119/771
f 1124/1124/776 1119/1119/771 1123/1123/775
f 1122/1122/774 1125/1125/777 1121/1121/773
f 1123/1123/775 1121/1121/773 1125/1125/777
f 1122/1122/774 1126/1126/778 1125/1125/777
f 1122/1122/774 1120/1120/772 1126/1126/778
f 1127/1127/779 1125/1125/777 1126/1126/778
f 1126/1126/778 1128/1128/780 1127/1127/779
f 1129/1129/781 1127/1127/779 1128/1128/780
f 1123/1123/775 1130/1130/782 1124/1124/776
f 1131/1131/783 1124/1124/776 1130/1130/782
f 1130/1130/782 1123/1123/775 1132/1132/784
f 1125/1125/777 1132/1132/784 1123/1123/775
f 1125/1125/777 1127/1127/779 1132/1132/784
f 1133/1133/785 1132/1132/784 1127/1127/779
f 1131/1131/783 1130/1130/782 1134/1134/786
f 1135/1135/787 1134/1134/786 1130/1130/782
f 1130/1130/782 1132/1132/784 1135/1135/787
f 1136/1136/788 1135/1135/787 1132/1132/784
f 1133/1133/785 1137/1137/789 1132/1132/784
f 1136/1136/788 1132/1132/784 1137/1137/789
f 1137/1137/789 1133/1133/785 1138/1138/790
f 1139/1139/791 1138/1138/790 1133/1133/785
f 1133/1133/785 1127/1127/779 1139/1139/791
f 1129/1129/781 1139/1139/791 1127/1127/779
f 1137/1137/789 1138/1138/790 1140/1140/792
f 1141/1141/793 1140/1140/792 1138/1138/790
f 1128/1128/780 1126/1126/778 1142/1142/794
f 1143/1143/795 1142/1142/794 1126/1126/778
f 1143/1143/795 1126/1126/778 1120/1120/772
f 1144/1144/796 1145/1145/797 1146/1146/798
f 1147/1147/799 1146/1146/798 1145/1145/797
f 1148/1148/800 1147/1147/799 1145/1145/797
f 1146/1146/798 1147/1147/799 1149/1149/794
f 1150/1150/780 1149/1149/794 1147/1147/799
f 1150/1150/780 1147/1147/799 1148/1148/800
f 1150/1150/780 1148/1148/800 1151/1151/801
f 1152/1152/802 1151/1151/801 1148/1148/800
f 1152/1152/802 1148/1148/800 1153/1153/803
f 1154/1154/804 1153/1153/803 1148/1148/800
f 1148/1148/800 1155/1155/805 1154/1154/804
f 1148/1148/800 1145/1145/797 1155/1155/805
f 1154/1154/804 1155/1155/805 1156/1156/806
f 1157/1157/807 1156/1156/806 1155/1155/805
f 1152/1152/802 1158/1158/808 1151/1151/801
f 1159/1159/790 1158/1158/808 1152/1152/802
f 1160/1160/809 1159/1159/790 1152/1152/802
f 1155/1155/805 1161/1161/810 1157/1157/807
f 1162/1162/811 1157/1157/807 1161/1161/810
f 1161/1161/810 1155/1155/805 1163/1163/812
f 1145/1145/797 1163/1163/812 1155/1155/805
f 1145/1145/797 1144/1144/796 1163/1163/812
f 1164/1164/813 1163/1163/812 1144/1144/796
f 1165/1165/804 1166/1166/806 1167/1167/814
f 1168/1168/815 1167/1167/814 1166/1166/806
f 1165/1165/804 1167/1167/814 1169/1169/803
f 1170/1170/816 1169/1169/803 1167/1167/814
f 1170/1170/816 1171/1171/817 1169/1169/803
f 1172/1172/818 1169/1169/803 1171/1171/817
f 1172/1172/818 1171/1171/817 1173/1173/819
f 1174/1174/820 1173/1173/819 1171/1171/817
f 1171/1171/817 1170/1170/816 1174/1174/820
f 1175/1175/821 1174/1174/820 1170/1170/816
f 1170/1170/816 1176/1176/822 1175/1175/821
f 1167/1167/814 1176/1176/822 1170/1170/816
f 1167/1167/814 1168/1168/815 1176/1176/822
f 1177/1177/823 1175/1175/821 1176/1176/822
f 1177/1177/823 1176/1176/822 1178/1178/824
f 1179/1179/825 1178/1178/824 1176/1176/822
f 1179/1179/825 1176/1176/822 1168/1168/815
f 1174/1174/820 1180/1180/826 1173/1173/819
f 1181/1181/827 1173/1173/819 1180/1180/826
f 1182/1182/823 1183/1183/826 1184/1184/821
f 1184/1184/821 1183/1183/826 1185/1185/828
f 1186/1186/824 1183/1183/826 1182/1182/823
f 1187/1187/793 1188/1188/790 1189/1189/829
f 1190/1190/830 1189/1189/829 1188/1188/790
f 1191/1191/789 1192/1192/831 1193/1193/788
f 1193/1193/788 1192/1192/831 1194/1194/787
f 1192/1192/831 1195/1195/832 1194/1194/787
f 1196/1196/833 1197/1197/772 1198/1198/834
f 1199/1199/771 1198/1198/834 1197/1197/772
f 1198/1198/834 1199/1199/771 1200/1200/835
f 1201/1201/776 1200/1200/835 1199/1199/771
f 1200/1200/835 1202/1202/836 1198/1198/834
f 1196/1196/833 1198/1198/834 1202/1202/836
f 1196/1196/833 1202/1202/836 1203/1203/837
f 1196/1196/833 1203/1203/837 1197/1197/772
f 1204/1204/838 1203/1203/837 1202/1202/836
f 1203/1203/837 1204/1204/838 1205/1205/839
f 1206/1206/840 1205/1205/839 1204/1204/838
f 1200/1200/835 1201/1201/776 1207/1207/841
f 1208/1208/783 1207/1207/841 1201/1201/776
f 1202/1202/836 1200/1200/835 1209/1209/842
f 1207/1207/841 1209/1209/842 1200/1200/835
f 1202/1202/836 1209/1209/842 1204/1204/838
f 1210/1210/843 1204/1204/838 1209/1209/842
f 1208/1208/783 1211/1211/832 1207/1207/841
f 1212/1212/844 1207/1207/841 1211/1211/832
f 1207/1207/841 1212/1212/844 1209/1209/842
f 1213/1213/845 1209/1209/842 1212/1212/844
f 1213/1213/845 1214/1214/846 1209/1209/842
f 1210/1210/843 1209/1209/842 1214/1214/846
f 1214/1214/846 1215/1215/847 1210/1210/843
f 1216/1216/848 1210/1210/843 1215/1215/847
f 1206/1206/840 1204/1204/838 1216/1216/848
f 1210/1210/843 1216/1216/848 1204/1204/838
f 1214/1214/846 1217/1217/831 1215/1215/847
f 1218/1218/793 1215/1215/847 1217/1217/831
f 1205/1205/839 1219/1219/794 1203/1203/837
f 1220/1220/795 1203/1203/837 1219/1219/794
f 1220/1220/795 1197/1197/772 1203/1203/837
f 1221/1221/796 1222/1222/849 1223/1223/850
f 1224/1224/851 1223/1223/850 1222/1222/849
f 1224/1224/851 1225/1225/852 1223/1223/850
f 1222/1222/849 1226/1226/794 1224/1224/851
f 1227/1227/839 1224/1224/851 1226/1226/794
f 1225/1225/852 1224/1224/851 1227/1227/839
f 1227/1227/839 1228/1228/853 1225/1225/852
f 1229/1229/854 1225/1225/852 1228/1228/853
f 1229/1229/854 1230/1230/855 1225/1225/852
f 1231/1231/856 1225/1225/852 1230/1230/855
f 1231/1231/856 1232/1232/857 1225/1225/852
f 1223/1223/850 1225/1225/852 1232/1232/857
f 1231/1231/856 1233/1233/806 1232/1232/857
f 1234/1234/858 1232/1232/857 1233/1233/806
f 1228/1228/853 1235/1235/859 1229/1229/854
f 1235/1235/859 1236/1236/860 1229/1229/854
f 1236/1236/860 1237/1237/861 1229/1229/854
f 1232/1232/857 1234/1234/858 1238/1238/862
f 1239/1239/811 1238/1238/862 1234/1234/858
f 1238/1238/862 1240/1240/863 1232/1232/857
f 1223/1223/850 1232/1232/857 1240/1240/863
f 1223/1223/850 1240/1240/863 1221/1221/796
f 1241/1241/813 1221/1221/796 1240/1240/863
f 1242/1242/815 1243/1243/806 1244/1244/864
f 1245/1245/856 1244/1244/864 1243/1243/806
f 1245/1245/856 1246/1246/855 1244/1244/864
f 1247/1247/865 1244/1244/864 1246/1246/855
f 1247/1247/865 1246/1246/855 1248/1248/866
f 1249/1249/867 1248/1248/866 1246/1246/855
f 1249/1249/867 1250/1250/868 1248/1248/866
f 1251/1251/869 1248/1248/866 1250/1250/868
f 1248/1248/866 1251/1251/869 1247/1247/865
f 1252/1252/870 1247/1247/865 1251/1251/869
f 1247/1247/865 1252/1252/870 1253/1253/871
f 1247/1247/865 1253/1253/871 1244/1244/864
f 1244/1244/864 1253/1253/871 1242/1242/815
f 1254/1254/872 1253/1253/871 1252/1252/870
f 1254/1254/872 1255/1255/824 1253/1253/871
f 1256/1256/873 1253/1253/871 1255/1255/824
f 1256/1256/873 1242/1242/815 1253/1253/871
f 1251/1251/869 1250/1250/868 1257/1257/874
f 1258/1258/875 1257/1257/874 1250/1250/868
f 1259/1259/874 1260/1260/872 1261/1261/876
f 1262/1262/877 1259/1259/874 1261/1261/876
f 1259/1259/874 1263/1263/878 1260/1260/872
f 1264/1264/879 1265/1265/880 1266/1266/881
f 1267/1267/861 1266/1266/881 1265/1265/880
f 1268/1268/882 1269/1269/831 1270/1270/883
f 1269/1269/831 1271/1271/845 1270/1270/883
f 1272/1272/884 1271/1271/845 1269/1269/831
f 1273/1273/885 1274/1274/886 1275/1275/887
f 1275/1275/887 1276/1276/888 1273/1273/885
f 1277/1277/889 1273/1273/885 1276/1276/888
f 1274/1274/886 1278/1278/890 1275/1275/887
f 1278/1278/890 1279/1279/891 1275/1275/887
f 1280/1280/892 1279/1279/891 1278/1278/890
f 1280/1280/892 1278/1278/890 1281/1281/893
f 1282/1282/894 1281/1281/893 1278/1278/890
f 1282/1282/894 1283/1283/895 1281/1281/893
f 1284/1284/896 1281/1281/893 1283/1283/895
f 1282/1282/894 1285/1285/897 1283/1283/895
f 1286/1286/898 1283/1283/895 1285/1285/897
f 1279/1279/891 1280/1280/892 1287/1287/899
f 1288/1288/900 1287/1287/899 1280/1280/892
f 1287/1287/899 1288/1288/900 1289/1289/901
f 1290/1290/902 1289/1289/901 1288/1288/900
f 1291/1291/903 1275/1275/887 1279/1279/891
f 1275/1275/887 1291/1291/903 1292/1292/904
f 1293/1293/905 1292/1292/904 1291/1291/903
f 1292/1292/904 1294/1294/906 1275/1275/887
f 1276/1276/888 1275/1275/887 1294/1294/906
f 1295/1295/907 1296/1296/908 1297/1297/909
f 1298/1298/910 1297/1297/909 1296/1296/908
f 1298/1298/910 1296/1296/908 1299/1299/911
f 1300/1300/912 1299/1299/911 1296/1296/908
f 1299/1299/911 1300/1300/912 1301/1301/886
f 1302/1302/913 1299/1299/911 1301/1301/886
f 1297/1297/909 1298/1298/910 1303/1303/914
f 1304/1304/915 1303/1303/914 1298/1298/910
f 1304/1304/915 1298/1298/910 1305/1305/916
f 1299/1299/911 1305/1305/916 1298/1298/910
f 1295/1295/907 1306/1306/917 1296/1296/908
f 1307/1307/918 1296/1296/908 1306/1306/917
f 1302/1302/913 1308/1308/919 1299/1299/911
f 1305/1305/916 1299/1299/911 1308/1308/919
f 1309/1309/890 1310/1310/920 1311/1311/894
f 1312/1312/921 1311/1311/894 1310/1310/920
f 1310/1310/920 1309/1309/890 1313/1313/922
f 1311/1311/894 1312/1312/921 1314/1314/923
f 1315/1315/918 1314/1314/923 1312/1312/921
f 1316/1316/914 1317/1317/915 1318/1318/924
f 1319/1319/925 1316/1316/914 1318/1318/924
f 1320/1320/923 1318/1318/924 1317/1317/915
f 1321/1321/916 1320/1320/923 1317/1317/915
f 1322/1322/926 1320/1320/923 1321/1321/916
f 1322/1322/926 1323/1323/927 1320/1320/923
f 1324/1324/928 1320/1320/923 1323/1323/927
f 1323/1323/927 1325/1325/929 1324/1324/928
f 1326/1326/930 1324/1324/928 1325/1325/929
f 1327/1327/931 1323/1323/927 1322/1322/926
f 1327/1327/931 1322/1322/926 1328/1328/906
f 1329/1329/932 1327/1327/931 1328/1328/906
f 1330/1330/888 1328/1328/906 1322/1322/926
f 1322/1322/926 1331/1331/933 1330/1330/888
f 1322/1322/926 1321/1321/916 1331/1331/933
f 1324/1324/928 1332/1332/934 1320/1320/923
f 1332/1332/934 1333/1333/935 1320/1320/923
f 1332/1332/934 1334/1334/936 1333/1333/935
f 1335/1335/937 1336/1336/938 1337/1337/939
f 1338/1338/940 1337/1337/939 1336/1336/938
f 1338/1338/940 1336/1336/938 1339/1339/941
f 1340/1340/942 1341/1341/927 1342/1342/901
f 1343/1343/943 1342/1342/901 1341/1341/927
f 1342/1342/901 1344/1344/944 1340/1340/942
f 1345/1345/945 1340/1340/942 1344/1344/944
f 1345/1345/945 1344/1344/944 1346/1346/946
f 1347/1347/947 1346/1346/946 1344/1344/944
f 1347/1347/947 1348/1348/948 1346/1346/946
f 1349/1349/949 1346/1346/946 1348/1348/948
f 1348/1348/948 1350/1350/896 1349/1349/949
f 1351/1351/950 1349/1349/949 1350/1350/896
f 1350/1350/896 1352/1352/951 1351/1351/950
f 1353/1353/952 1351/1351/950 1352/1352/951
f 1341/1341/927 1354/1354/931 1343/1343/943
f 1355/1355/953 1343/1343/943 1354/1354/931
f 1355/1355/953 1354/1354/931 1356/1356/954
f 1357/1357/932 1356/1356/954 1354/1354/931
f 1356/1356/954 1357/1357/932 1358/1358/904
f 1359/1359/906 1358/1358/904 1357/1357/932
f 1360/1360/891 1361/1361/899 1362/1362/940
f 1363/1363/939 1362/1362/940 1361/1361/899
f 1362/1362/940 1364/1364/955 1360/1360/891
f 1365/1365/903 1360/1360/891 1364/1364/955
f 1364/1364/955 1366/1366/938 1365/1365/903
f 1367/1367/956 1365/1365/903 1366/1366/938
f 1363/1363/939 1361/1361/899 1368/1368/943
f 1369/1369/901 1368/1368/943 1361/1361/899
f 1370/1370/957 1371/1371/947 1372/1372/900
f 1373/1373/944 1372/1372/900 1371/1371/947
f 1372/1372/900 1374/1374/892 1370/1370/957
f 1375/1375/958 1370/1370/957 1374/1374/892
f 1374/1374/892 1376/1376/959 1375/1375/958
f 1377/1377/960 1375/1375/958 1376/1376/959
f 1377/1377/960 1376/1376/959 1378/1378/948
f 1379/1379/896 1378/1378/948 1376/1376/959
f 1380/1380/958 1381/1381/961 1382/1382/957
f 1383/1383/947 1382/1382/957 1381/1381/961
f 1383/1383/947 1381/1381/961 1384/1384/948
f 1385/1385/962 1386/1386/963 1387/1387/964
f 1387/1387/964 1386/1386/963 1388/1388/965
f 1389/1389/966 1388/1388/965 1386/1386/963
f 1390/1390/967 1385/1385/962 1387/1387/964
f 1390/1390/967 1387/1387/964 1391/1391/968
f 1391/1391/968 1392/1392/969 1390/1390/967
f 1392/1392/969 1393/1393/970 1390/1390/967
f 1394/1394/971 1390/1390/967 1393/1393/970
f 1394/1394/971 1393/1393/970 1395/1395/972
f 1396/1396/973 1395/1395/972 1393/1393/970
f 1394/1394/971 1395/1395/972 1397/1397/974
f 1398/1398/975 1397/1397/974 1395/1395/972
f 1391/1391/968 1399/1399/976 1392/1392/969
f 1400/1400/977 1392/1392/969 1399/1399/976
f 1399/1399/976 1401/1401/978 1400/1400/977
f 1402/1402/979 1400/1400/977 1401/1401/978
f 1403/1403/980 1391/1391/968 1387/1387/964
f 1387/1387/964 1404/1404/981 1403/1403/980
f 1405/1405/982 1403/1403/980 1404/1404/981
f 1404/1404/981 1387/1387/964 1406/1406/983
f 1388/1388/965 1406/1406/983 1387/1387/964
f 1407/1407/984 1408/1408/985 1409/1409/986
f 1410/1410/987 1409/1409/986 1408/1408/985
f 1407/1407/984 1411/1411/988 1408/1408/985
f 1412/1412/989 1408/1408/985 1411/1411/988
f 1412/1412/989 1411/1411/988 1413/1413/962
f 1411/1411/988 1414/1414/990 1413/1413/962
f 1409/1409/986 1415/1415/914 1407/1407/984
f 1416/1416/991 1407/1407/984 1415/1415/914
f 1416/1416/991 1417/1417/992 1407/1407/984
f 1411/1411/988 1407/1407/984 1417/1417/992
f 1410/1410/987 1408/1408/985 1418/1418/917
f 1419/1419/993 1418/1418/917 1408/1408/985
f 1417/1417/992 1420/1420/994 1411/1411/988
f 1414/1414/990 1411/1411/988 1420/1420/994
f 1421/1421/995 1422/1422/989 1423/1423/996
f 1424/1424/997 1423/1423/996 1422/1422/989
f 1424/1424/997 1422/1422/989 1425/1425/962
f 1423/1423/996 1426/1426/974 1421/1421/995
f 1427/1427/993 1421/1421/995 1426/1426/974
f 1428/1428/998 1429/1429/914 1430/1430/999
f 1429/1429/914 1431/1431/1000 1430/1430/999
f 1430/1430/999 1432/1432/974 1428/1428/998
f 1432/1432/974 1433/1433/992 1428/1428/998
f 1434/1434/1001 1433/1433/992 1432/1432/974
f 1434/1434/1001 1432/1432/974 1435/1435/1002
f 1436/1436/1003 1435/1435/1002 1432/1432/974
f 1435/1435/1002 1436/1436/1003 1437/1437/1004
f 1438/1438/1005 1437/1437/1004 1436/1436/1003
f 1435/1435/1002 1439/1439/1006 1434/1434/1001
f 1439/1439/1006 1440/1440/1007 1434/1434/1001
f 1439/1439/1006 1441/1441/1008 1440/1440/1007
f 1442/1442/965 1434/1434/1001 1440/1440/1007
f 1443/1443/966 1434/1434/1001 1442/1442/965
f 1433/1433/992 1434/1434/1001 1443/1443/966
f 1444/1444/1009 1436/1436/1003 1432/1432/974
f 1445/1445/975 1444/1444/1009 1432/1432/974
f 1446/1446/1010 1444/1444/1009 1445/1445/975
f 1447/1447/1011 1448/1448/1012 1449/1449/1013
f 1450/1450/1014 1449/1449/1013 1448/1448/1012
f 1448/1448/1012 1447/1447/1011 1451/1451/1015
f 1452/1452/1016 1453/1453/1002 1454/1454/1017
f 1455/1455/1018 1454/1454/1017 1453/1453/1002
f 1454/1454/1017 1455/1455/1018 1456/1456/979
f 1457/1457/1019 1456/1456/979 1455/1455/1018
f 1457/1457/1019 1458/1458/1020 1456/1456/979
f 1459/1459/1021 1456/1456/979 1458/1458/1020
f 1459/1459/1021 1458/1458/1020 1460/1460/1022
f 1461/1461/1009 1460/1460/1022 1458/1458/1020
f 1460/1460/1022 1461/1461/1009 1462/1462/973
f 1463/1463/1010 1462/1462/973 1461/1461/1009
f 1462/1462/973 1463/1463/1010 1464/1464/972
f 1465/1465/1023 1464/1464/972 1463/1463/1010
f 1453/1453/1002 1452/1452/1016 1466/1466/1024
f 1467/1467/1025 1466/1466/1024 1452/1452/1016
f 1467/1467/1025 1468/1468/982 1466/1466/1024
f 1469/1469/1026 1466/1466/1024 1468/1468/982
f 1468/1468/982 1470/1470/1027 1469/1469/1026
f 1471/1471/1028 1469/1469/1026 1470/1470/1027
f 1472/1472/1029 1473/1473/976 1474/1474/1030
f 1475/1475/1031 1474/1474/1030 1473/1473/976
f 1474/1474/1030 1475/1475/1031 1476/1476/1015
f 1477/1477/1032 1476/1476/1015 1475/1475/1031
f 1476/1476/1015 1477/1477/1032 1478/1478/1033
f 1479/1479/982 1478/1478/1033 1477/1477/1032
f 1472/1472/1029 1480/1480/1034 1473/1473/976
f 1481/1481/1017 1473/1473/976 1480/1480/1034
f 1482/1482/1035 1483/1483/1021 1484/1484/1036
f 1485/1485/1037 1484/1484/1036 1483/1483/1021
f 1484/1484/1036 1485/1485/1037 1486/1486/969
f 1487/1487/1038 1486/1486/969 1485/1485/1037
f 1486/1486/969 1487/1487/1038 1488/1488/970
f 1489/1489/1039 1488/1488/970 1487/1487/1038
f 1489/1489/1039 1490/1490/1022 1488/1488/970
f 1491/1491/973 1488/1488/970 1490/1490/1022
f 1492/1492/1040 1493/1493/1041 1494/1494/1037
f 1495/1495/1038 1494/1494/1037 1493/1493/1041
f 1493/1493/1041 1492/1492/1040 1496/1496/1022
f 1497/1497/1042 1498/1498/1043 1499/1499/1044
f 1500/1500/1045 1499/1499/1044 1498/1498/1043
f 1499/1499/1044 1501/1501/1046 1497/1497/1042
f 1502/1502/1047 1501/1501/1046 1499/1499/1044
f 1502/1502/1047 1499/1499/1044 1503/1503/1048
f 1504/1504/1049 1503/1503/1048 1499/1499/1044
f 1505/1505/1050 1501/1501/1046 1502/1502/1047
f 1502/1502/1047 1506/1506/1051 1505/1505/1050
f 1507/1507/1052 1505/1505/1050 1506/1506/1051
f 1508/1508/1053 1501/1501/1046 1505/1505/1050
f 1509/1509/1052 1508/1508/1053 1505/1505/1050
f 1510/1510/1054 1508/1508/1053 1509/1509/1052
f 1511/1511/1055 1510/1510/1054 1509/1509/1052
f 1510/1510/1054 1512/1512/1056 1508/1508/1053
f 1513/1513/1057 1508/1508/1053 1512/1512/1056
f 1513/1513/1057 1501/1501/1046 1508/1508/1053
f 1514/1514/1058 1515/1515/1059 1516/1516/1060
f 1517/1517/1043 1516/1516/1060 1515/1515/1059
f 1514/1514/1058 1518/1518/1061 1515/1515/1059
f 1518/1518/1061 1514/1514/1058 1519/1519/1062
f 1520/1520/1063 1515/1515/1059 1518/1518/1061
f 1514/1514/1058 1516/1516/1060 1521/1521/1064
f 1521/1521/1064 1519/1519/1062 1514/1514/1058
f 1522/1522/1065 1521/1521/1064 1516/1516/1060
f 1521/1521/1064 1523/1523/1066 1519/1519/1062
f 1518/1518/1061 1519/1519/1062 1524/1524/1067
f 1518/1518/1061 1524/1524/1067 1520/1520/1063
f 1525/1525/1068 1524/1524/1067 1519/1519/1062
f 1524/1524/1067 1525/1525/1068 1526/1526/1069
f 1527/1527/1070 1526/1526/1069 1525/1525/1068
f 1525/1525/1068 1519/1519/1062 1528/1528/1071
f 1529/1529/1072 1528/1528/1071 1519/1519/1062
f 1523/1523/1066 1529/1529/1072 1519/1519/1062
f 1529/1529/1072 1523/1523/1066 1530/1530/1073
f 1531/1531/1074 1530/1530/1073 1523/1523/1066
f 1522/1522/1065 1531/1531/1074 1521/1521/1064
f 1523/1523/1066 1521/1521/1064 1531/1531/1074
f 1532/1532/1052 1520/1520/1063 1524/1524/1067
f 1524/1524/1067 1526/1526/1069 1532/1532/1052
f 1533/1533/1075 1532/1532/1052 1526/1526/1069
f 1525/1525/1068 1534/1534/1076 1527/1527/1070
f 1525/1525/1068 1528/1528/1071 1534/1534/1076
f 1529/1529/1072 1530/1530/1073 1535/1535/1077
f 1536/1536/1078 1535/1535/1077 1530/1530/1073
f 1528/1528/1071 1529/1529/1072 1537/1537/1079
f 1535/1535/1077 1537/1537/1079 1529/1529/1072
f 1537/1537/1079 1538/1538/1080 1528/1528/1071
f 1539/1539/1081 1528/1528/1071 1538/1538/1080
f 1539/1539/1081 1534/1534/1076 1528/1528/1071
f 1536/1536/1078 1540/1540/1082 1535/1535/1077
f 1541/1541/1083 1535/1535/1077 1540/1540/1082
f 1541/1541/1083 1542/1542/1084 1535/1535/1077
f 1537/1537/1079 1535/1535/1077 1542/1542/1084
f 1537/1537/1079 1542/1542/1084 1538/1538/1080
f 1543/1543/1085 1538/1538/1080 1542/1542/1084
f 1541/1541/1083 1540/1540/1082 1544/1544/1086
f 1545/1545/1087 1544/1544/1086 1540/1540/1082
f 1543/1543/1085 1542/1542/1084 1546/1546/1088
f 1547/1547/1089 1546/1546/1088 1542/1542/1084
f 1542/1542/1084 1541/1541/1083 1547/1547/1089
f 1544/1544/1086 1547/1547/1089 1541/1541/1083
f 1548/1548/1090 1549/1549/1075 1550/1550/1091
f 1551/1551/1092 1550/1550/1091 1549/1549/1075
f 1550/1550/1091 1551/1551/1092 1552/1552/1093
f 1553/1553/1094 1552/1552/1093 1551/1551/1092
f 1554/1554/1095 1555/1555/1096 1556/1556/1054
f 1557/1557/1097 1556/1556/1054 1555/1555/1096
f 1555/1555/1096 1558/1558/1098 1557/1557/1097
f 1554/1554/1095 1556/1556/1054 1559/1559/1099
f 1560/1560/1100 1559/1559/1099 1556/1556/1054
f 1560/1560/1100 1561/1561/1101 1559/1559/1099
f 1562/1562/1102 1563/1563/1097 1564/1564/1103
f 1563/1563/1097 1562/1562/1102 1565/1565/1104
f 1566/1566/1105 1565/1565/1104 1562/1562/1102
f 1563/1563/1097 1565/1565/1104 1567/1567/1106
f 1568/1568/1107 1567/1567/1106 1565/1565/1104
f 1568/1568/1107 1565/1565/1104 1566/1566/1105
f 1569/1569/1089 1570/1570/1108 1571/1571/1088
f 1572/1572/1087 1571/1571/1088 1570/1570/1108
f 1573/1573/1109 1574/1574/1043 1575/1575/1110
f 1576/1576/1042 1575/1575/1110 1574/1574/1043
f 1577/1577/1046 1575/1575/1110 1576/1576/1042
f 1577/1577/1046 1578/1578/1111 1575/1575/1110
f 1578/1578/1111 1579/1579/1112 1575/1575/1110
f 1580/1580/1109 1575/1575/1110 1579/1579/1112
f 1577/1577/1046 1581/1581/1113 1578/1578/1111
f 1578/1578/1111 1581/1581/1113 1582/1582/1114
f 1583/1583/1115 1582/1582/1114 1581/1581/1113
f 1577/1577/1046 1584/1584/1116 1581/1581/1113
f 1581/1581/1113 1584/1584/1116 1585/1585/1117
f 1584/1584/1116 1586/1586/1118 1585/1585/1117
f 1586/1586/1118 1587/1587/1119 1585/1585/1117
f 1586/1586/1118 1584/1584/1116 1588/1588/1120
f 1589/1589/1057 1588/1588/1120 1584/1584/1116
f 1577/1577/1046 1589/1589/1057 1584/1584/1116
f 1590/1590/1043 1591/1591/1109 1592/1592/1060
f 1593/1593/1121 1592/1592/1060 1591/1591/1109
f 1593/1593/1121 1591/1591/1109 1594/1594/1122
f 1595/1595/1123 1593/1593/1121 1594/1594/1122
f 1596/1596/1114 1594/1594/1122 1591/1591/1109
f 1593/1593/1121 1597/1597/1124 1592/1592/1060
f 1595/1595/1123 1597/1597/1124 1593/1593/1121
f 1598/1598/1125 1592/1592/1060 1597/1597/1124
f 1595/1595/1123 1599/1599/1126 1597/1597/1124
f 1594/1594/1122 1600/1600/1127 1595/1595/1123
f 1594/1594/1122 1596/1596/1114 1600/1600/1127
f 1601/1601/1128 1595/1595/1123 1600/1600/1127
f 1600/1600/1127 1602/1602/1129 1601/1601/1128
f 1603/1603/1070 1601/1601/1128 1602/1602/1129
f 1601/1601/1128 1604/1604/1130 1595/1595/1123
f 1605/1605/1131 1595/1595/1123 1604/1604/1130
f 1595/1595/1123 1605/1605/1131 1599/1599/1126
f 1605/1605/1131 1606/1606/1073 1599/1599/1126
f 1607/1607/1074 1599/1599/1126 1606/1606/1073
f 1599/1599/1126 1607/1607/1074 1597/1597/1124
f 1598/1598/1125 1597/1597/1124 1607/1607/1074
f 1608/1608/1117 1600/1600/1127 1596/1596/1114
f 1600/1600/1127 1608/1608/1117 1602/1602/1129
f 1609/1609/1119 1602/1602/1129 1608/1608/1117
f 1610/1610/1132 1601/1601/1128 1603/1603/1070
f 1601/1601/1128 1610/1610/1132 1604/1604/1130
f 1605/1605/1131 1611/1611/1133 1606/1606/1073
f 1612/1612/1134 1606/1606/1073 1611/1611/1133
f 1604/1604/1130 1613/1613/1135 1605/1605/1131
f 1611/1611/1133 1605/1605/1131 1613/1613/1135
f 1613/1613/1135 1604/1604/1130 1614/1614/1080
f 1615/1615/1136 1614/1614/1080 1604/1604/1130
f 1615/1615/1136 1604/1604/1130 1610/1610/1132
f 1612/1612/1134 1611/1611/1133 1616/1616/1082
f 1617/1617/1137 1616/1616/1082 1611/1611/1133
f 1613/1613/1135 1618/1618/1138 1611/1611/1133
f 1617/1617/1137 1611/1611/1133 1618/1618/1138
f 1613/1613/1135 1614/1614/1080 1618/1618/1138
f 1619/1619/1085 1618/1618/1138 1614/1614/1080
f 1617/1617/1137 1620/1620/1139 1616/1616/1082
f 1621/1621/1087 1616/1616/1082 1620/1620/1139
f 1619/1619/1085 1622/1622/1088 1618/1618/1138
f 1623/1623/1140 1618/1618/1138 1622/1622/1088
f 1618/1618/1138 1623/1623/1140 1617/1617/1137
f 1620/1620/1139 1617/1617/1137 1623/1623/1140
f 1624/1624/1118 1625/1625/1141 1626/1626/1142
f 1627/1627/1143 1626/1626/1142 1625/1625/1141
f 1624/1624/1118 1628/1628/1144 1625/1625/1141
f 1629/1629/1096 1625/1625/1141 1628/1628/1144
f 1630/1630/1093 1626/1626/1142 1627/1627/1143
f 1628/1628/1144 1631/1631/1103 1629/1629/1096
f 1632/1632/1145 1633/1633/1142 1634/1634/1119
f 1635/1635/1129 1634/1634/1119 1633/1633/1142
f 1633/1633/1142 1636/1636/1101 1635/1635/1129
f 1637/1637/1094 1635/1635/1129 1636/1636/1101
f 1638/1638/1144 1639/1639/1146 1640/1640/1098
f 1638/1638/1144 1641/1641/1147 1639/1639/1146
f 1642/1642/1148 1639/1639/1146 1641/1641/1147
f 1638/1638/1144 1643/1643/1118 1641/1641/1147
f 1644/1644/1107 1641/1641/1147 1643/1643/1118
f 1641/1641/1147 1644/1644/1107 1642/1642/1148
f 1645/1645/1087 1646/1646/1139 1647/1647/1088
f 1648/1648/1149 1647/1647/1088 1646/1646/1139
f 1649/1649/1150 1650/1650/1151 1651/1651/1152
f 1652/1652/1153 1651/1651/1152 1650/1650/1151
f 1649/1649/1150 1653/1653/1154 1650/1650/1151
f 1654/1654/1155 1650/1650/1151 1653/1653/1154
f 1655/1655/1150 1656/1656/1156 1657/1657/1157
f 1658/1658/1158 1655/1655/1150 1657/1657/1157
f 1658/1658/1158 1659/1659/1154 1655/1655/1150
f 1657/1657/1157 1660/1660/1159 1658/1658/1158
f 1661/1661/1160 1658/1658/1158 1660/1660/1159
f 1662/1662/1161 1658/1658/1158 1661/1661/1160
f 1661/1661/1160 1663/1663/1162 1662/1662/1161
f 1658/1658/1158 1662/1662/1161 1664/1664/1154
f 1665/1665/1163 1664/1664/1154 1662/1662/1161
f 1661/1661/1160 1666/1666/1164 1663/1663/1162
f 1667/1667/1165 1663/1663/1162 1666/1666/1164
f 1668/1668/1166 1669/1669/1167 1670/1670/1168
f 1671/1671/1169 1670/1670/1168 1669/1669/1167
f 1669/1669/1167 1668/1668/1166 1672/1672/1170
f 1673/1673/1171 1672/1672/1170 1668/1668/1166
f 1671/1671/1169 1674/1674/1160 1670/1670/1168
f 1675/1675/1172 1670/1670/1168 1674/1674/1160
f 1674/1674/1160 1676/1676/1173 1675/1675/1172
f 1677/1677/1174 1675/1675/1172 1676/1676/1173
f 1678/1678/1175 1679/1679/1170 1680/1680/1155
f 1681/1681/1171 1680/1680/1155 1679/1679/1170
f 1682/1682/1153 1683/1683/1151 1684/1684/1176
f 1685/1685/1177 1684/1684/1176 1683/1683/1151
f 1685/1685/1177 1683/1683/1151 1686/1686/1178
f 1687/1687/1155 1686/1686/1178 1683/1683/1151
f 1688/1688/1176 1689/1689/1179 1690/1690/1180
f 1689/1689/1179 1691/1691/1181 1690/1690/1180
f 1692/1692/1182 1691/1691/1181 1689/1689/1179
f 1690/1690/1180 1691/1691/1181 1693/1693/1183
f 1694/1694/1184 1693/1693/1183 1691/1691/1181
f 1691/1691/1181 1695/1695/1185 1694/1694/1184
f 1695/1695/1185 1696/1696/1186 1694/1694/1184
f 1691/1691/1181 1697/1697/1178 1695/1695/1185
f 1698/1698/1187 1695/1695/1185 1697/1697/1178
f 1694/1694/1184 1696/1696/1186 1699/1699/1188
f 1700/1700/1189 1699/1699/1188 1696/1696/1186
f 1701/1701/1188 1702/1702/1189 1703/1703/1168
f 1704/1704/1166 1703/1703/1168 1702/1702/1189
f 1702/1702/1189 1705/1705/1186 1704/1704/1166
f 1706/1706/1171 1704/1704/1166 1705/1705/1186
f 1701/1701/1188 1703/1703/1168 1707/1707/1184
f 1708/1708/1172 1707/1707/1184 1703/1703/1168
f 1707/1707/1184 1708/1708/1172 1709/1709/1190
f 1710/1710/1174 1709/1709/1190 1708/1708/1172
f 1711/1711/1171 1712/1712/1187 1713/1713/1155
f 1714/1714/1182 1713/1713/1155 1712/1712/1187
f 1715/1715/1191 1716/1716/1192 1717/1717/1193
f 1718/1718/1194 1717/1717/1193 1716/1716/1192
f 1719/1719/1195 1720/1720/1196 1721/1721/1197
f 1722/1722/1198 1721/1721/1197 1720/1720/1196
f 1723/1723/1199 1724/1724/1200 1725/1725/1193
f 1726/1726/1191 1725/1725/1193 1724/1724/1200
f 1727/1727/1201 1728/1728/1202 1729/1729/1197
f 1730/1730/1195 1729/1729/1197 1728/1728/1202
f 1731/1731/1203 1732/1732/1204 1733/1733/1205
f 1734/1734/1206 1733/1733/1205 1732/1732/1204
f 1735/1735/1207 1736/1736/1208 1737/1737/1209
f 1738/1738/1210 1737/1737/1209 1736/1736/1208
f 1739/1739/1211 1740/1740/1200 1741/1741/1212
f 1742/1742/1199 1741/1741/1212 1740/1740/1200
f 1743/1743/1210 1744/1744/1202 1745/1745/1213
f 1746/1746/1201 1745/1745/1213 1744/1744/1202
f 1747/1747/1214 1748/1748/1215 1749/1749/1216
f 1750/1750/1217 1749/1749/1216 1748/1748/1215
f 1747/1747/1214 1751/1751/1218 1748/1748/1215
f 1752/1752/1219 1748/1748/1215 1751/1751/1218
f 1748/1748/1215 1752/1752/1219 1753/1753/1220
f 1754/1754/1221 1753/1753/1220 1752/1752/1219
f 1755/1755/1222 1751/1751/1218 1747/1747/1214
f 1751/1751/1218 1755/1755/1222 1756/1756/1223
f 1756/1756/1223 1757/1757/1224 1751/1751/1218
f 1758/1758/1225 1751/1751/1218 1757/1757/1224
f 1759/1759/1226 1756/1756/1223 1755/1755/1222
f 1760/1760/1227 1759/1759/1226 1755/1755/1222
f 1761/1761/1228 1759/1759/1226 1760/1760/1227
f 1749/1749/1216 1750/1750/1217 1762/1762/1229
f 1763/1763/1230 1762/1762/1229 1750/1750/1217
f 1764/1764/1231 1765/1765/1232 1766/1766/1215
f 1767/1767/1217 1766/1766/1215 1765/1765/1232
f 1768/1768/1233 1767/1767/1217 1765/1765/1232
f 1769/1769/1229 1770/1770/1234 1771/1771/1235
f 1772/1772/1236 1771/1771/1235 1770/1770/1234
f 1771/1771/1235 1772/1772/1236 1773/1773/1214
f 1774/1774/1237 1773/1773/1214 1772/1772/1236
f 1774/1774/1237 1775/1775/1238 1773/1773/1214
f 1776/1776/1222 1773/1773/1214 1775/1775/1238
f 1776/1776/1222 1775/1775/1238 1777/1777/1239
f 1778/1778/1240 1777/1777/1239 1775/1775/1238
f 1778/1778/1240 1779/1779/1241 1777/1777/1239
f 1780/1780/1228 1777/1777/1239 1779/1779/1241
f 1780/1780/1228 1779/1779/1241 1781/1781/1242
f 1782/1782/1243 1781/1781/1242 1779/1779/1241
f 1782/1782/1243 1783/1783/1244 1781/1781/1242
f 1784/1784/1245 1781/1781/1242 1783/1783/1244
f 1783/1783/1244 1785/1785/1246 1784/1784/1245
f 1786/1786/1224 1784/1784/1245 1785/1785/1246
f 1785/1785/1246 1787/1787/1247 1786/1786/1224
f 1788/1788/1248 1786/1786/1224 1787/1787/1247
f 1788/1788/1248 1787/1787/1247 1789/1789/1249
f 1790/1790/1250 1789/1789/1249 1787/1787/1247
f 1790/1790/1250 1791/1791/1251 1789/1789/1249
f 1792/1792/1252 1789/1789/1249 1791/1791/1251
f 1791/1791/1251 1793/1793/1253 1792/1792/1252
f 1794/1794/1254 1792/1792/1252 1793/1793/1253
f 1793/1793/1253 1795/1795/1255 1794/1794/1254
f 1796/1796/1220 1794/1794/1254 1795/1795/1255
f 1796/1796/1220 1795/1795/1255 1797/1797/1215
f 1798/1798/1231 1797/1797/1215 1795/1795/1255
f 1799/1799/1231 1800/1800/1256 1801/1801/1257
f 1800/1800/1256 1799/1799/1231 1802/1802/1243
f 1803/1803/1244 1802/1802/1243 1799/1799/1231
f 1802/1802/1243 1804/1804/1258 1800/1800/1256
f 1805/1805/1259 1800/1800/1256 1804/1804/1258
f 1806/1806/1250 1803/1803/1244 1799/1799/1231
f 1803/1803/1244 1806/1806/1250 1807/1807/1260
f 1808/1808/1261 1807/1807/1260 1806/1806/1250
f 1806/1806/1250 1799/1799/1231 1809/1809/1251
f 1810/1810/1255 1809/1809/1251 1799/1799/1231
f 1811/1811/1262 1809/1809/1251 1810/1810/1255
f 1812/1812/1225 1813/1813/1249 1814/1814/1218
f 1815/1815/1263 1814/1814/1218 1813/1813/1249
f 1814/1814/1218 1815/1815/1263 1816/1816/1264
f 1817/1817/1265 1816/1816/1264 1815/1815/1263
f 1817/1817/1265 1818/1818/1252 1816/1816/1264
f 1819/1819/1221 1816/1816/1264 1818/1818/1252
f 1820/1820/1266 1821/1821/1267 1822/1822/1268
f 1823/1823/1228 1822/1822/1268 1821/1821/1267
f 1821/1821/1267 1820/1820/1266 1824/1824/1269
f 1825/1825/1270 1824/1824/1269 1820/1820/1266
f 1825/1825/1270 1826/1826/1271 1824/1824/1269
f 1827/1827/1224 1824/1824/1269 1826/1826/1271
f 1828/1828/1252 1829/1829/1265 1830/1830/1272
f 1831/1831/1263 1830/1830/1272 1829/1829/1265
f 1832/1832/1273 1833/1833/1274 1834/1834/1242
f 1835/1835/1266 1834/1834/1242 1833/1833/1274
f 1836/1836/1275 1837/1837/1276 1838/1838/1277
f 1839/1839/1278 1838/1838/1277 1837/1837/1276
f 1836/1836/1275 1838/1838/1277 1840/1840/1279
f 1836/1836/1275 1841/1841/1280 1837/1837/1276
f 1841/1841/1280 1836/1836/1275 1840/1840/1279
f 1842/1842/1237 1837/1837/1276 1841/1841/1280
f 1843/1843/1281 1837/1837/1276 1842/1842/1237
f 1837/1837/1276 1843/1843/1281 1839/1839/1278
f 1844/1844/1282 1839/1839/1278 1843/1843/1281
f 1845/1845/1283 1846/1846/1284 1847/1847/1285
f 1848/1848/1286 1847/1847/1285 1846/1846/1284
f 1846/1846/1284 1845/1845/1283 1849/1849/1287
f 1850/1850/1288 1849/1849/1287 1845/1845/1283
f 1849/1849/1287 1850/1850/1288 1851/1851/1289
f 1852/1852/1290 1851/1851/1289 1850/1850/1288
f 1853/1853/1291 1851/1851/1289 1852/1852/1290
f 1845/1845/1283 1847/1847/1285 1854/1854/1292
f 1845/1845/1283 1854/1854/1292 1850/1850/1288
f 1855/1855/1293 1854/1854/1292 1847/1847/1285
f 1856/1856/1294 1850/1850/1288 1854/1854/1292
f 1852/1852/1290 1850/1850/1288 1857/1857/1295
f 1856/1856/1294 1857/1857/1295 1850/1850/1288
f 1857/1857/1295 1853/1853/1291 1852/1852/1290
f 1846/1846/1284 1858/1858/1296 1848/1848/1286
f 1846/1846/1284 1849/1849/1287 1858/1858/1296
f 1859/1859/1297 1848/1848/1286 1858/1858/1296
f 1860/1860/1298 1858/1858/1296 1849/1849/1287
f 1849/1849/1287 1851/1851/1289 1860/1860/1298
f 1860/1860/1298 1851/1851/1289 1861/1861/1299
f 1851/1851/1289 1862/1862/1300 1861/1861/1299
f 1851/1851/1289 1853/1853/1291 1862/1862/1300
f 1863/1863/1301 1862/1862/1300 1853/1853/1291
f 1855/1855/1293 1864/1864/1302 1854/1854/1292
f 1865/1865/1303 1854/1854/1292 1864/1864/1302
f 1854/1854/1292 1865/1865/1303 1856/1856/1294
f 1856/1856/1294 1866/1866/1304 1857/1857/1295
f 1866/1866/1304 1856/1856/1294 1865/1865/1303
f 1867/1867/1305 1857/1857/1295 1866/1866/1304
f 1857/1857/1295 1867/1867/1305 1853/1853/1291
f 1863/1863/1301 1853/1853/1291 1867/1867/1305
f 1868/1868/1306 1869/1869/1307 1870/1870/1308
f 1869/1869/1307 1868/1868/1306 1871/1871/1301
f 1869/1869/1307 1871/1871/1301 1872/1872/1305
f 1873/1873/1307 1874/1874/1305 1875/1875/1304
f 1873/1873/1307 1875/1875/1304 1876/1876/1309
f 1873/1873/1307 1876/1876/1309 1877/1877/1310
f 1878/1878/1303 1876/1876/1309 1875/1875/1304
f 1878/1878/1303 1879/1879/1302 1876/1876/1309
f 1876/1876/1309 1880/1880/1311 1877/1877/1310
f 1880/1880/1311 1876/1876/1309 1881/1881/1312
f 1881/1881/1312 1876/1876/1309 1882/1882/1313
f 1883/1883/1314 1881/1881/1312 1882/1882/1313
f 1884/1884/1315 1885/1885/1297 1886/1886/1316
f 1887/1887/1317 1886/1886/1316 1885/1885/1297
f 1888/1888/1318 1886/1886/1316 1887/1887/1317
f 1889/1889/1298 1888/1888/1318 1887/1887/1317
f 1890/1890/1299 1888/1888/1318 1889/1889/1298
f 1884/1884/1315 1886/1886/1316 1891/1891/1319
f 1892/1892/1320 1891/1891/1319 1886/1886/1316
f 1893/1893/1321 1891/1891/1319 1892/1892/1320
f 1893/1893/1321 1892/1892/1320 1894/1894/1322
f 1892/1892/1320 1886/1886/1316 1894/1894/1322
f 1888/1888/1318 1894/1894/1322 1886/1886/1316
f 1888/1888/1318 1890/1890/1299 1895/1895/1311
f 1888/1888/1318 1895/1895/1311 1894/1894/1322
f 1896/1896/1310 1895/1895/1311 1890/1890/1299
f 1897/1897/1307 1896/1896/1310 1890/1890/1299
f 1898/1898/1312 1894/1894/1322 1895/1895/1311
f 1894/1894/1322 1898/1898/1312 1893/1893/1321
f 1899/1899/1323 1893/1893/1321 1898/1898/1312
f 1900/1900/1324 1901/1901/1285 1902/1902/1325
f 1903/1903/1286 1902/1902/1325 1901/1901/1285
f 1902/1902/1325 1904/1904/1326 1900/1900/1324
f 1905/1905/1327 1900/1900/1324 1904/1904/1326
f 1904/1904/1326 1906/1906/1328 1905/1905/1327
f 1907/1907/1329 1905/1905/1327 1906/1906/1328
f 1906/1906/1328 1908/1908/1330 1907/1907/1329
f 1900/1900/1324 1909/1909/1331 1901/1901/1285
f 1900/1900/1324 1905/1905/1327 1909/1909/1331
f 1910/1910/1293 1901/1901/1285 1909/1909/1331
f 1911/1911/1332 1909/1909/1331 1905/1905/1327
f 1907/1907/1329 1912/1912/1333 1905/1905/1327
f 1911/1911/1332 1905/1905/1327 1912/1912/1333
f 1908/1908/1330 1912/1912/1333 1907/1907/1329
f 1902/1902/1325 1903/1903/1286 1913/1913/1334
f 1902/1902/1325 1913/1913/1334 1904/1904/1326
f 1914/1914/1297 1913/1913/1334 1903/1903/1286
f 1915/1915/1335 1904/1904/1326 1913/1913/1334
f 1904/1904/1326 1915/1915/1335 1906/1906/1328
f 1915/1915/1335 1916/1916/1336 1906/1906/1328
f 1916/1916/1336 1917/1917/1337 1906/1906/1328
f 1906/1906/1328 1917/1917/1337 1908/1908/1330
f 1918/1918/1338 1908/1908/1330 1917/1917/1337
f 1910/1910/1293 1909/1909/1331 1919/1919/1302
f 1920/1920/1339 1919/1919/1302 1909/1909/1331
f 1909/1909/1331 1911/1911/1332 1920/1920/1339
f 1911/1911/1332 1912/1912/1333 1921/1921/1340
f 1921/1921/1340 1920/1920/1339 1911/1911/1332
f 1922/1922/1341 1921/1921/1340 1912/1912/1333
f 1918/1918/1338 1922/1922/1341 1908/1908/1330
f 1912/1912/1333 1908/1908/1330 1922/1922/1341
f 1923/1923/1342 1924/1924/1343 1925/1925/1336
f 1924/1924/1343 1923/1923/1342 1926/1926/1338
f 1926/1926/1338 1923/1923/1342 1927/1927/1341
f 1928/1928/1342 1929/1929/1340 1930/1930/1341
f 1928/1928/1342 1931/1931/1309 1929/1929/1340
f 1931/1931/1309 1928/1928/1342 1932/1932/1344
f 1933/1933/1339 1929/1929/1340 1931/1931/1309
f 1934/1934/1302 1933/1933/1339 1931/1931/1309
f 1931/1931/1309 1932/1932/1344 1935/1935/1345
f 1931/1931/1309 1935/1935/1345 1936/1936/1346
f 1931/1931/1309 1936/1936/1346 1937/1937/1313
f 1936/1936/1346 1938/1938/1314 1937/1937/1313
f 1939/1939/1315 1940/1940/1347 1941/1941/1297
f 1942/1942/1334 1941/1941/1297 1940/1940/1347
f 1940/1940/1347 1943/1943/1348 1942/1942/1334
f 1942/1942/1334 1943/1943/1348 1944/1944/1349
f 1944/1944/1349 1943/1943/1348 1945/1945/1350
f 1939/1939/1315 1946/1946/1319 1940/1940/1347
f 1947/1947/1351 1940/1940/1347 1946/1946/1319
f 1947/1947/1351 1946/1946/1319 1948/1948/1321
f 1947/1947/1351 1948/1948/1321 1949/1949/1352
f 1947/1947/1351 1949/1949/1352 1940/1940/1347
f 1943/1943/1348 1940/1940/1347 1949/1949/1352
f 1943/1943/1348 1950/1950/1345 1945/1945/1350
f 1943/1943/1348 1949/1949/1352 1950/1950/1345
f 1951/1951/1344 1945/1945/1350 1950/1950/1345
f 1951/1951/1344 1952/1952/1342 1945/1945/1350
f 1953/1953/1346 1950/1950/1345 1949/1949/1352
f 1949/1949/1352 1948/1948/1321 1953/1953/1346
f 1954/1954/1323 1953/1953/1346 1948/1948/1321
f 1955/1955/1353 1956/1956/1354 1957/1957/1355
f 1957/1957/1355 1958/1958/1356 1955/1955/1353
f 1957/1957/1355 1959/1959/1357 1958/1958/1356
f 1960/1960/1358 1958/1958/1356 1959/1959/1357
f 1959/1959/1357 1961/1961/1359 1960/1960/1358
f 1962/1962/1360 1960/1960/1358 1961/1961/1359
f 1961/1961/1359 1963/1963/1361 1962/1962/1360
f 1964/1964/1362 1962/1962/1360 1963/1963/1361
f 1965/1965/1363 1955/1955/1353 1958/1958/1356
f 1956/1956/1354 1955/1955/1353 1966/1966/1364
f 1967/1967/1365 1956/1956/1354 1966/1966/1364
f 1968/1968/1366 1966/1966/1364 1955/1955/1353
f 1969/1969/1367 1966/1966/1364 1968/1968/1366
f 1970/1970/1368 1969/1969/1367 1968/1968/1366
f 1971/1971/1369 1970/1970/1368 1968/1968/1366
f 1972/1972/1370 1970/1970/1368 1971/1971/1369
f 1973/1973/1371 1974/1974/1372 1975/1975/1373
f 1974/1974/1372 1976/1976/1374 1975/1975/1373
f 1977/1977/1375 1976/1976/1374 1974/1974/1372
f 1977/1977/1375 1978/1978/1376 1976/1976/1374
f 1979/1979/1377 1976/1976/1374 1978/1978/1376
f 1979/1979/1377 1978/1978/1376 1980/1980/1378
f 1981/1981/1379 1980/1980/1378 1978/1978/1376
f 1978/1978/1376 1977/1977/1375 1981/1981/1379
f 1977/1977/1375 1974/1974/1372 1982/1982/1380
f 1982/1982/1380 1981/1981/1379 1977/1977/1375
f 1983/1983/1381 1982/1982/1380 1974/1974/1372
f 1984/1984/1377 1985/1985/1382 1986/1986/1361
f 1986/1986/1361 1985/1985/1382 1987/1987/1362
f 1988/1988/1383 1987/1987/1362 1985/1985/1382
f 1986/1986/1361 1989/1989/1359 1984/1984/1377
f 1989/1989/1359 1990/1990/1357 1984/1984/1377
f 1991/1991/1374 1984/1984/1377 1990/1990/1357
f 1990/1990/1357 1992/1992/1384 1991/1991/1374
f 1993/1993/1373 1991/1991/1374 1992/1992/1384
f 1984/1984/1377 1994/1994/1378 1985/1985/1382
f 1995/1995/1360 1996/1996/1362 1997/1997/1385
f 1998/1998/1386 1997/1997/1385 1996/1996/1362
f 1997/1997/1385 1999/1999/1387 1995/1995/1360
f 2000/2000/1388 1995/1995/1360 1999/1999/1387
f 1999/1999/1387 2001/2001/1389 2000/2000/1388
f 2002/2002/1356 2000/2000/1388 2001/2001/1389
f 2002/2002/1356 2001/2001/1389 2003/2003/1363
f 2004/2004/1390 2003/2003/1363 2001/2001/1389
f 2004/2004/1390 2005/2005/1391 2003/2003/1363
f 2006/2006/1353 2003/2003/1363 2005/2005/1391
f 2006/2006/1353 2005/2005/1391 2007/2007/1366
f 2008/2008/1392 2007/2007/1366 2005/2005/1391
f 2007/2007/1366 2008/2008/1392 2009/2009/1369
f 2010/2010/1393 2009/2009/1369 2008/2008/1392
f 2011/2011/1370 2012/2012/1394 2013/2013/1368
f 2014/2014/1395 2013/2013/1368 2012/2012/1394
f 2013/2013/1368 2014/2014/1395 2015/2015/1396
f 2016/2016/1397 2015/2015/1396 2014/2014/1395
f 2016/2016/1397 2017/2017/1398 2015/2015/1396
f 2018/2018/1399 2015/2015/1396 2017/2017/1398
f 2015/2015/1396 2018/2018/1399 2019/2019/1364
f 2020/2020/1400 2019/2019/1364 2018/2018/1399
f 2019/2019/1364 2020/2020/1400 2021/2021/1365
f 2022/2022/1401 2021/2021/1365 2020/2020/1400
f 2022/2022/1401 2023/2023/1402 2021/2021/1365
f 2024/2024/1354 2021/2021/1365 2023/2023/1402
f 2024/2024/1354 2023/2023/1402 2025/2025/1355
f 2026/2026/1373 2025/2025/1355 2023/2023/1402
f 2027/2027/1403 2028/2028/1404 2029/2029/1405
f 2030/2030/1406 2029/2029/1405 2028/2028/1404
f 2030/2030/1406 2031/2031/1407 2029/2029/1405
f 2030/2030/1406 2028/2028/1404 2031/2031/1407
f 2032/2032/1408 2029/2029/1405 2031/2031/1407
f 2029/2029/1405 2032/2032/1408 2027/2027/1403
f 2031/2031/1407 2033/2033/1409 2032/2032/1408
f 2034/2034/1399 2032/2032/1408 2033/2033/1409
f 2035/2035/1381 2031/2031/1407 2028/2028/1404
f 2034/2034/1399 2036/2036/1398 2032/2032/1408
f 2037/2037/1410 2032/2032/1408 2036/2036/1398
f 2037/2037/1410 2027/2027/1403 2032/2032/1408
f 2038/2038/1411 2039/2039/1412 2040/2040/1413
f 2038/2038/1411 2041/2041/1414 2039/2039/1412
f 2038/2038/1411 2042/2042/1415 2041/2041/1414
f 2043/2043/1416 2039/2039/1412 2041/2041/1414
f 2041/2041/1414 2044/2044/1417 2043/2043/1416
f 2044/2044/1417 2045/2045/1418 2043/2043/1416
f 2045/2045/1418 2046/2046/1419 2043/2043/1416
f 2047/2047/1394 2046/2046/1419 2045/2045/1418
f 2040/2040/1413 2039/2039/1412 2048/2048/1420
f 2040/2040/1413 2048/2048/1420 2049/2049/1421
f 2050/2050/1422 2049/2049/1421 2048/2048/1420
f 2049/2049/1421 2050/2050/1422 2051/2051/1423
f 2052/2052/1424 2051/2051/1423 2050/2050/1422
f 2051/2051/1423 2052/2052/1424 2053/2053/1425
f 2054/2054/1426 2053/2053/1425 2052/2052/1424
f 2055/2055/1427 2048/2048/1420 2039/2039/1412
f 2056/2056/1380 2057/2057/1428 2058/2058/1429
f 2058/2058/1429 2057/2057/1428 2059/2059/1430
f 2057/2057/1428 2060/2060/1431 2059/2059/1430
f 2056/2056/1380 2058/2058/1429 2061/2061/1432
f 2062/2062/1433 2061/2061/1432 2058/2058/1429
f 2063/2063/1425 2064/2064/1382 2065/2065/1378
f 2063/2063/1425 2066/2066/1426 2064/2064/1382
f 2067/2067/1386 2064/2064/1382 2066/2066/1426
f 2068/2068/1423 2063/2063/1425 2065/2065/1378
f 2068/2068/1423 2065/2065/1378 2069/2069/1421
f 2070/2070/1429 2069/2069/1421 2065/2065/1378
f 2069/2069/1421 2070/2070/1429 2071/2071/1413
f 2072/2072/1430 2071/2071/1413 2070/2070/1429
f 2073/2073/1424 2074/2074/1385 2075/2075/1426
f 2076/2076/1434 2075/2075/1426 2074/2074/1385
f 2074/2074/1385 2073/2073/1424 2077/2077/1387
f 2078/2078/1435 2077/2077/1387 2073/2073/1424
f 2077/2077/1387 2078/2078/1435 2079/2079/1389
f 2080/2080/1420 2079/2079/1389 2078/2078/1435
f 2080/2080/1420 2081/2081/1436 2079/2079/1389
f 2082/2082/1390 2079/2079/1389 2081/2081/1436
f 2082/2082/1390 2081/2081/1436 2083/2083/1391
f 2084/2084/1437 2083/2083/1391 2081/2081/1436
f 2084/2084/1437 2085/2085/1416 2083/2083/1391
f 2086/2086/1392 2083/2083/1391 2085/2085/1416
f 2085/2085/1416 2087/2087/1419 2086/2086/1392
f 2088/2088/1438 2086/2086/1392 2087/2087/1419
f 2089/2089/1439 2090/2090/1398 2091/2091/1440
f 2092/2092/1417 2091/2091/1440 2090/2090/1398
f 2091/2091/1440 2093/2093/1441 2089/2089/1439
f 2094/2094/1381 2089/2089/1439 2093/2093/1441
f 2094/2094/1381 2093/2093/1441 2095/2095/1431
f 2096/2096/1411 2095/2095/1431 2093/2093/1441
f 2096/2096/1411 2097/2097/1413 2095/2095/1431
f 2098/2098/1430 2095/2095/1431 2097/2097/1413
f 2099/2099/1442 2100/2100/1443 2101/2101/1404
f 2102/2102/1381 2101/2101/1404 2100/2100/1443
f 2102/2102/1381 2100/2100/1443 2103/2103/1439
f 2104/2104/1398 2103/2103/1439 2100/2100/1443
f 2105/2105/1444 2106/2106/1445 2107/2107/1446
f 2108/2108/1447 2107/2107/1446 2106/2106/1445
f 2107/2107/1446 2109/2109/1448 2105/2105/1444
f 2110/2110/1449 2105/2105/1444 2109/2109/1448
f 2111/2111/1450 2107/2107/1446 2108/2108/1447
f 2111/2111/1450 2109/2109/1448 2107/2107/1446
f 2106/2106/1445 2105/2105/1444 2112/2112/1451
f 2113/2113/1452 2112/2112/1451 2105/2105/1444
f 2105/2105/1444 2110/2110/1449 2113/2113/1452
f 2114/2114/1453 2113/2113/1452 2110/2110/1449
f 2115/2115/1450 2116/2116/1454 2117/2117/1448
f 2117/2117/1448 2116/2116/1454 2118/2118/1449
f 2119/2119/1455 2118/2118/1449 2116/2116/1454
f 2118/2118/1449 2119/2119/1455 2120/2120/1453
f 2120/2120/1453 2119/2119/1455 2121/2121/1456
f 2122/2122/1457 2121/2121/1456 2119/2119/1455
f 2123/2123/1458 2121/2121/1456 2122/2122/1457
f 2124/2124/1459 2125/2125/1460 2126/2126/1451
f 2125/2125/1460 2124/2124/1459 2127/2127/1461
f 2124/2124/1459 2128/2128/1453 2127/2127/1461
f 2129/2129/1462 2127/2127/1461 2128/2128/1453
f 2129/2129/1462 2130/2130/1458 2127/2127/1461
f 2131/2131/1463 2132/2132/1464 2133/2133/1465
f 2134/2134/1466 2133/2133/1465 2132/2132/1464
f 2134/2134/1466 2135/2135/1467 2133/2133/1465
f 2136/2136/1468 2133/2133/1465 2135/2135/1467
f 2135/2135/1467 2137/2137/1469 2136/2136/1468
f 2137/2137/1469 2138/2138/1470 2136/2136/1468
f 2138/2138/1470 2139/2139/1471 2136/2136/1468
f 2138/2138/1470 2140/2140/1472 2139/2139/1471
f 2141/2141/1473 2139/2139/1471 2140/2140/1472
f 2140/2140/1472 2142/2142/1474 2141/2141/1473
f 2143/2143/1475 2141/2141/1473 2142/2142/1474
f 2144/2144/1464 2145/2145/1463 2146/2146/1476
f 2147/2147/1477 2146/2146/1476 2145/2145/1463
f 2146/2146/1476 2147/2147/1477 2148/2148/1478
f 2148/2148/1478 2147/2147/1477 2149/2149/1479
f 2150/2150/1480 2148/2148/1478 2149/2149/1479
f 2151/2151/1481 2150/2150/1480 2149/2149/1479
f 2152/2152/1482 2151/2151/1481 2149/2149/1479
f 2151/2151/1481 2152/2152/1482 2153/2153/1483
f 2154/2154/1484 2153/2153/1483 2152/2152/1482
f 2153/2153/1483 2154/2154/1484 2155/2155/1474
f 2156/2156/1475 2155/2155/1474 2154/2154/1484
f 2157/2157/1485 2158/2158/1486 2159/2159/1487
f 2160/2160/1488 2159/2159/1487 2158/2158/1486
f 2158/2158/1486 2157/2157/1485 2161/2161/1489
f 2162/2162/1490 2161/2161/1489 2157/2157/1485
f 2162/2162/1490 2163/2163/1491 2161/2161/1489
f 2164/2164/1492 2161/2161/1489 2163/2163/1491
f 2159/2159/1487 2165/2165/1493 2157/2157/1485
f 2166/2166/1494 2157/2157/1485 2165/2165/1493
f 2162/2162/1490 2157/2157/1485 2167/2167/1495
f 2166/2166/1494 2167/2167/1495 2157/2157/1485
f 2162/2162/1490 2167/2167/1495 2163/2163/1491
f 2166/2166/1494 2168/2168/1496 2167/2167/1495
f 2169/2169/1497 2167/2167/1495 2168/2168/1496
f 2169/2169/1497 2170/2170/1498 2167/2167/1495
f 2171/2171/1499 2167/2167/1495 2170/2170/1498
f 2171/2171/1499 2163/2163/1491 2167/2167/1495
f 2165/2165/1493 2172/2172/1500 2166/2166/1494
f 2168/2168/1496 2166/2166/1494 2172/2172/1500
f 2169/2169/1497 2168/2168/1496 2173/2173/1501
f 2174/2174/1502 2173/2173/1501 2168/2168/1496
f 2173/2173/1501 2174/2174/1502 2175/2175/1466
f 2173/2173/1501 2175/2175/1466 2176/2176/1503
f 2170/2170/1498 2169/2169/1497 2176/2176/1503
f 2173/2173/1501 2176/2176/1503 2169/2169/1497
f 2177/2177/1464 2176/2176/1503 2175/2175/1466
f 2178/2178/1504 2175/2175/1466 2174/2174/1502
f 2179/2179/1505 2174/2174/1502 2168/2168/1496
f 2168/2168/1496 2172/2172/1500 2180/2180/1506
f 2180/2180/1506 2172/2172/1500 2181/2181/1507
f 2182/2182/1508 2181/2181/1507 2172/2172/1500
f 2183/2183/1509 2184/2184/1510 2185/2185/1511
f 2186/2186/1488 2185/2185/1511 2184/2184/1510
f 2183/2183/1509 2185/2185/1511 2187/2187/1512
f 2188/2188/1513 2187/2187/1512 2185/2185/1511
f 2187/2187/1512 2188/2188/1513 2189/2189/1491
f 2190/2190/1492 2189/2189/1491 2188/2188/1513
f 2184/2184/1510 2183/2183/1509 2191/2191/1493
f 2192/2192/1514 2191/2191/1493 2183/2183/1509
f 2192/2192/1514 2183/2183/1509 2193/2193/1515
f 2187/2187/1512 2193/2193/1515 2183/2183/1509
f 2192/2192/1514 2193/2193/1515 2194/2194/1516
f 2195/2195/1517 2194/2194/1516 2193/2193/1515
f 2193/2193/1515 2196/2196/1499 2195/2195/1517
f 2193/2193/1515 2187/2187/1512 2196/2196/1499
f 2189/2189/1491 2196/2196/1499 2187/2187/1512
f 2197/2197/1518 2195/2195/1517 2196/2196/1499
f 2194/2194/1516 2198/2198/1500 2192/2192/1514
f 2191/2191/1493 2192/2192/1514 2198/2198/1500
f 2195/2195/1517 2199/2199/1519 2194/2194/1516
f 2200/2200/1520 2198/2198/1500 2194/2194/1516
f 2199/2199/1519 2200/2200/1520 2194/2194/1516
f 2195/2195/1517 2201/2201/1521 2199/2199/1519
f 2195/2195/1517 2197/2197/1518 2201/2201/1521
f 2202/2202/1522 2199/2199/1519 2201/2201/1521
f 2199/2199/1519 2202/2202/1522 2200/2200/1520
f 2201/2201/1521 2203/2203/1476 2202/2202/1522
f 2203/2203/1476 2201/2201/1521 2204/2204/1464
f 2205/2205/1503 2204/2204/1464 2201/2201/1521
f 2205/2205/1503 2201/2201/1521 2197/2197/1518
f 2206/2206/1478 2202/2202/1522 2203/2203/1476
f 2207/2207/1508 2198/2198/1500 2200/2200/1520
f 2208/2208/1523 2209/2209/1524 2210/2210/1525
f 2211/2211/1526 2210/2210/1525 2209/2209/1524
f 2212/2212/1527 2209/2209/1524 2208/2208/1523
f 2213/2213/1528 2212/2212/1527 2208/2208/1523
f 2208/2208/1523 2214/2214/1529 2213/2213/1528
f 2215/2215/1502 2213/2213/1528 2214/2214/1529
f 2216/2216/1530 2209/2209/1524 2212/2212/1527
f 2215/2215/1502 2214/2214/1529 2217/2217/1467
f 2218/2218/1469 2217/2217/1467 2214/2214/1529
f 2214/2214/1529 2219/2219/1531 2218/2218/1469
f 2214/2214/1529 2208/2208/1523 2219/2219/1531
f 2210/2210/1525 2219/2219/1531 2208/2208/1523
f 2220/2220/1470 2218/2218/1469 2219/2219/1531
f 2210/2210/1525 2211/2211/1526 2221/2221/1532
f 2221/2221/1532 2219/2219/1531 2210/2210/1525
f 2219/2219/1531 2221/2221/1532 2220/2220/1470
f 2222/2222/1533 2221/2221/1532 2211/2211/1526
f 2222/2222/1533 2223/2223/1474 2221/2221/1532
f 2224/2224/1472 2221/2221/1532 2223/2223/1474
f 2224/2224/1472 2220/2220/1470 2221/2221/1532
f 2225/2225/1526 2226/2226/1534 2227/2227/1535
f 2228/2228/1536 2227/2227/1535 2226/2226/1534
f 2228/2228/1536 2226/2226/1534 2229/2229/1520
f 2228/2228/1536 2229/2229/1520 2230/2230/1537
f 2231/2231/1538 2230/2230/1537 2229/2229/1520
f 2232/2232/1530 2229/2229/1520 2226/2226/1534
f 2231/2231/1538 2233/2233/1478 2230/2230/1537
f 2234/2234/1480 2230/2230/1537 2233/2233/1478
f 2230/2230/1537 2234/2234/1480 2235/2235/1539
f 2230/2230/1537 2235/2235/1539 2228/2228/1536
f 2227/2227/1535 2228/2228/1536 2235/2235/1539
f 2236/2236/1481 2235/2235/1539 2234/2234/1480
f 2227/2227/1535 2237/2237/1540 2225/2225/1526
f 2235/2235/1539 2237/2237/1540 2227/2227/1535
f 2235/2235/1539 2236/2236/1481 2237/2237/1540
f 2238/2238/1533 2225/2225/1526 2237/2237/1540
f 2237/2237/1540 2239/2239/1483 2238/2238/1533
f 2239/2239/1483 2237/2237/1540 2236/2236/1481
f 2240/2240/1474 2238/2238/1533 2239/2239/1483
f 2241/2241/1541 2242/2242/1542 2243/2243/1543
f 2244/2244/1544 2243/2243/1543 2242/2242/1542
f 2244/2244/1544 2242/2242/1542 2245/2245/1545
f 2246/2246/1546 2245/2245/1545 2242/2242/1542
f 2242/2242/1542 2247/2247/1547 2246/2246/1546
f 2248/2248/1548 2246/2246/1546 2247/2247/1547
f 2245/2245/1545 2249/2249/1549 2244/2244/1544
f 2245/2245/1545 2250/2250/1550 2249/2249/1549
f 2250/2250/1550 2245/2245/1545 2251/2251/1551
f 2252/2252/1552 2251/2251/1551 2245/2245/1545
f 2253/2253/1553 2249/2249/1549 2250/2250/1550
f 2253/2253/1553 2254/2254/1554 2249/2249/1549
f 2253/2253/1553 2255/2255/1555 2254/2254/1554
f 2243/2243/1543 2256/2256/1229 2241/2241/1541
f 2257/2257/1230 2241/2241/1541 2256/2256/1229
f 2258/2258/1541 2259/2259/1232 2260/2260/1556
f 2261/2261/1557 2260/2260/1556 2259/2259/1232
f 2258/2258/1541 2262/2262/1558 2259/2259/1232
f 2263/2263/1559 2264/2264/1234 2265/2265/1560
f 2266/2266/1229 2265/2265/1560 2264/2264/1234
f 2265/2265/1560 2267/2267/1544 2263/2263/1559
f 2268/2268/1561 2263/2263/1559 2267/2267/1544
f 2268/2268/1561 2267/2267/1544 2269/2269/1562
f 2270/2270/1549 2269/2269/1562 2267/2267/1544
f 2270/2270/1549 2271/2271/1563 2269/2269/1562
f 2272/2272/1564 2269/2269/1562 2271/2271/1563
f 2272/2272/1564 2271/2271/1563 2273/2273/1565
f 2274/2274/1555 2273/2273/1565 2271/2271/1563
f 2274/2274/1555 2275/2275/1566 2273/2273/1565
f 2276/2276/1567 2273/2273/1565 2275/2275/1566
f 2276/2276/1567 2275/2275/1566 2277/2277/1568
f 2278/2278/1569 2277/2277/1568 2275/2275/1566
f 2277/2277/1568 2278/2278/1569 2279/2279/1570
f 2280/2280/1551 2279/2279/1570 2278/2278/1569
f 2279/2279/1570 2280/2280/1551 2281/2281/1571
f 2282/2282/1572 2281/2281/1571 2280/2280/1551
f 2282/2282/1572 2283/2283/1573 2281/2281/1571
f 2284/2284/1574 2281/2281/1571 2283/2283/1573
f 2284/2284/1574 2283/2283/1573 2285/2285/1575
f 2286/2286/1576 2285/2285/1575 2283/2283/1573
f 2285/2285/1575 2286/2286/1576 2287/2287/1577
f 2288/2288/1578 2287/2287/1577 2286/2286/1576
f 2287/2287/1577 2288/2288/1578 2289/2289/1579
f 2290/2290/1547 2289/2289/1579 2288/2288/1578
f 2290/2290/1547 2291/2291/1556 2289/2289/1579
f 2292/2292/1557 2289/2289/1579 2291/2291/1556
f 2293/2293/1580 2294/2294/1557 2295/2295/1581
f 2293/2293/1580 2296/2296/1567 2294/2294/1557
f 2297/2297/1568 2294/2294/1557 2296/2296/1567
f 2296/2296/1567 2293/2293/1580 2298/2298/1582
f 2299/2299/1583 2298/2298/1582 2293/2293/1580
f 2297/2297/1568 2300/2300/1574 2294/2294/1557
f 2297/2297/1568 2301/2301/1584 2300/2300/1574
f 2302/2302/1585 2300/2300/1574 2301/2301/1584
f 2300/2300/1574 2303/2303/1575 2294/2294/1557
f 2304/2304/1579 2294/2294/1557 2303/2303/1575
f 2303/2303/1575 2305/2305/1586 2304/2304/1579
f 2306/2306/1587 2307/2307/1573 2308/2308/1545
f 2309/2309/1552 2308/2308/1545 2307/2307/1573
f 2308/2308/1545 2310/2310/1588 2306/2306/1587
f 2311/2311/1589 2306/2306/1587 2310/2310/1588
f 2311/2311/1589 2310/2310/1588 2312/2312/1576
f 2313/2313/1548 2312/2312/1576 2310/2310/1588
f 2314/2314/1555 2315/2315/1590 2316/2316/1591
f 2317/2317/1592 2316/2316/1591 2315/2315/1590
f 2315/2315/1590 2318/2318/1593 2317/2317/1592
f 2319/2319/1594 2317/2317/1592 2318/2318/1593
f 2319/2319/1594 2318/2318/1593 2320/2320/1595
f 2321/2321/1551 2320/2320/1595 2318/2318/1593
f 2322/2322/1587 2323/2323/1589 2324/2324/1573
f 2325/2325/1576 2324/2324/1573 2323/2323/1589
f 2326/2326/1592 2327/2327/1596 2328/2328/1566
f 2329/2329/1597 2328/2328/1566 2327/2327/1596
f 2330/2330/1278 2331/2331/1598 2332/2332/1277
f 2333/2333/1599 2332/2332/1277 2331/2331/1598
f 2332/2332/1277 2333/2333/1599 2334/2334/1279
f 2333/2333/1599 2331/2331/1598 2335/2335/1600
f 2333/2333/1599 2335/2335/1600 2334/2334/1279
f 2336/2336/1561 2335/2335/1600 2331/2331/1598
f 2331/2331/1598 2337/2337/1601 2336/2336/1561
f 2331/2331/1598 2330/2330/1278 2337/2337/1601
f 2338/2338/1282 2337/2337/1601 2330/2330/1278
f 2339/2339/1602 2340/2340/1603 2341/2341/1604
f 2342/2342/1605 2341/2341/1604 2340/2340/1603
f 2340/2340/1603 2343/2343/1606 2342/2342/1605
f 2344/2344/1607 2342/2342/1605 2343/2343/1606
f 2343/2343/1606 2345/2345/1608 2344/2344/1607
f 2346/2346/1609 2344/2344/1607 2345/2345/1608
f 2345/2345/1608 2347/2347/1610 2346/2346/1609
f 2342/2342/1605 2348/2348/1611 2341/2341/1604
f 2342/2342/1605 2344/2344/1607 2348/2348/1611
f 2349/2349/1612 2341/2341/1604 2348/2348/1611
f 2350/2350/1613 2348/2348/1611 2344/2344/1607
f 2350/2350/1613 2344/2344/1607 2351/2351/1614
f 2346/2346/1609 2351/2351/1614 2344/2344/1607
f 2347/2347/1610 2351/2351/1614 2346/2346/1609
f 2340/2340/1603 2339/2339/1602 2352/2352/1615
f 2340/2340/1603 2352/2352/1615 2343/2343/1606
f 2353/2353/1616 2352/2352/1615 2339/2339/1602
f 2354/2354/1617 2343/2343/1606 2352/2352/1615
f 2343/2343/1606 2354/2354/1617 2345/2345/1608
f 2345/2345/1608 2354/2354/1617 2355/2355/1618
f 2356/2356/1619 2345/2345/1608 2355/2355/1618
f 2345/2345/1608 2356/2356/1619 2347/2347/1610
f 2357/2357/1620 2347/2347/1610 2356/2356/1619
f 2349/2349/1612 2348/2348/1611 2358/2358/1621
f 2359/2359/1622 2358/2358/1621 2348/2348/1611
f 2348/2348/1611 2350/2350/1613 2359/2359/1622
f 2350/2350/1613 2351/2351/1614 2360/2360/1623
f 2360/2360/1623 2359/2359/1622 2350/2350/1613
f 2361/2361/1624 2360/2360/1623 2351/2351/1614
f 2357/2357/1620 2361/2361/1624 2347/2347/1610
f 2351/2351/1614 2347/2347/1610 2361/2361/1624
f 2362/2362/1625 2363/2363/1626 2364/2364/1618
f 2363/2363/1626 2362/2362/1625 2365/2365/1620
f 2365/2365/1620 2362/2362/1625 2366/2366/1624
f 2367/2367/1624 2368/2368/1625 2369/2369/1623
f 2368/2368/1625 2370/2370/1627 2369/2369/1623
f 2370/2370/1627 2368/2368/1625 2371/2371/1628
f 2372/2372/1622 2369/2369/1623 2370/2370/1627
f 2373/2373/1621 2372/2372/1622 2370/2370/1627
f 2374/2374/1629 2370/2370/1627 2371/2371/1628
f 2370/2370/1627 2374/2374/1629 2375/2375/1630
f 2370/2370/1627 2375/2375/1630 2376/2376/1631
f 2375/2375/1630 2377/2377/1632 2376/2376/1631
f 2378/2378/1633 2379/2379/1616 2380/2380/1634
f 2381/2381/1635 2380/2380/1634 2379/2379/1616
f 2380/2380/1634 2382/2382/1636 2378/2378/1633
f 2382/2382/1636 2383/2383/1617 2378/2378/1633
f 2384/2384/1637 2383/2383/1617 2382/2382/1636
f 2381/2381/1635 2385/2385/1638 2380/2380/1634
f 2386/2386/1639 2380/2380/1634 2385/2385/1638
f 2385/2385/1638 2387/2387/1640 2386/2386/1639
f 2386/2386/1639 2387/2387/1640 2388/2388/1641
f 2382/2382/1636 2380/2380/1634 2388/2388/1641
f 2386/2386/1639 2388/2388/1641 2380/2380/1634
f 2382/2382/1636 2389/2389/1629 2384/2384/1637
f 2382/2382/1636 2388/2388/1641 2389/2389/1629
f 2390/2390/1628 2384/2384/1637 2389/2389/1629
f 2390/2390/1628 2391/2391/1625 2384/2384/1637
f 2392/2392/1630 2389/2389/1629 2388/2388/1641
f 2388/2388/1641 2387/2387/1640 2392/2392/1630
f 2393/2393/1642 2392/2392/1630 2387/2387/1640
f 2394/2394/1602 2395/2395/1604 2396/2396/1643
f 2397/2397/1644 2396/2396/1643 2395/2395/1604
f 2396/2396/1643 2397/2397/1644 2398/2398/1645
f 2399/2399/1646 2398/2398/1645 2397/2397/1644
f 2398/2398/1645 2399/2399/1646 2400/2400/1647
f 2401/2401/1648 2400/2400/1647 2399/2399/1646
f 2402/2402/1649 2400/2400/1647 2401/2401/1648
f 2397/2397/1644 2395/2395/1604 2403/2403/1650
f 2397/2397/1644 2403/2403/1650 2399/2399/1646
f 2404/2404/1612 2403/2403/1650 2395/2395/1604
f 2405/2405/1651 2399/2399/1646 2403/2403/1650
f 2405/2405/1651 2406/2406/1652 2399/2399/1646
f 2401/2401/1648 2399/2399/1646 2406/2406/1652
f 2406/2406/1652 2402/2402/1649 2401/2401/1648
f 2396/2396/1643 2407/2407/1653 2394/2394/1602
f 2396/2396/1643 2398/2398/1645 2407/2407/1653
f 2408/2408/1616 2394/2394/1602 2407/2407/1653
f 2409/2409/1654 2407/2407/1653 2398/2398/1645
f 2409/2409/1654 2398/2398/1645 2400/2400/1647
f 2410/2410/1655 2409/2409/1654 2400/2400/1647
f 2411/2411/1656 2410/2410/1655 2400/2400/1647
f 2400/2400/1647 2402/2402/1649 2411/2411/1656
f 2412/2412/1657 2411/2411/1656 2402/2402/1649
f 2404/2404/1612 2413/2413/1621 2403/2403/1650
f 2414/2414/1658 2403/2403/1650 2413/2413/1621
f 2403/2403/1650 2414/2414/1658 2405/2405/1651
f 2405/2405/1651 2415/2415/1659 2406/2406/1652
f 2415/2415/1659 2405/2405/1651 2414/2414/1658
f 2416/2416/1660 2406/2406/1652 2415/2415/1659
f 2406/2406/1652 2416/2416/1660 2402/2402/1649
f 2412/2412/1657 2402/2402/1649 2416/2416/1660
f 2417/2417/1661 2418/2418/1662 2419/2419/1663
f 2418/2418/1662 2417/2417/1661 2420/2420/1657
f 2418/2418/1662 2420/2420/1657 2421/2421/1660
f 2422/2422/1659 2423/2423/1662 2424/2424/1660
f 2423/2423/1662 2422/2422/1659 2425/2425/1664
f 2423/2423/1662 2425/2425/1664 2426/2426/1665
f 2427/2427/1658 2425/2425/1664 2422/2422/1659
f 2427/2427/1658 2428/2428/1621 2425/2425/1664
f 2426/2426/1665 2425/2425/1664 2429/2429/1666
f 2429/2429/1666 2425/2425/1664 2430/2430/1667
f 2430/2430/1667 2425/2425/1664 2431/2431/1631
f 2432/2432/1632 2430/2430/1667 2431/2431/1631
f 2433/2433/1653 2434/2434/1668 2435/2435/1616
f 2436/2436/1635 2435/2435/1616 2434/2434/1668
f 2434/2434/1668 2433/2433/1653 2437/2437/1669
f 2433/2433/1653 2438/2438/1670 2437/2437/1669
f 2437/2437/1669 2438/2438/1670 2439/2439/1655
f 2436/2436/1635 2434/2434/1668 2440/2440/1638
f 2441/2441/1671 2440/2440/1638 2434/2434/1668
f 2440/2440/1638 2441/2441/1671 2442/2442/1640
f 2442/2442/1640 2441/2441/1671 2443/2443/1672
f 2437/2437/1669 2443/2443/1672 2434/2434/1668
f 2441/2441/1671 2434/2434/1668 2443/2443/1672
f 2437/2437/1669 2439/2439/1655 2444/2444/1666
f 2437/2437/1669 2444/2444/1666 2443/2443/1672
f 2445/2445/1665 2444/2444/1666 2439/2439/1655
f 2446/2446/1662 2445/2445/1665 2439/2439/1655
f 2447/2447/1667 2443/2443/1672 2444/2444/1666
f 2443/2443/1672 2447/2447/1667 2442/2442/1640
f 2448/2448/1642 2442/2442/1640 2447/2447/1667
f 2449/2449/1673 2450/2450/1674 2451/2451/1675
f 2451/2451/1675 2450/2450/1674 2452/2452/1676
f 2451/2451/1675 2452/2452/1676 2453/2453/1677
f 2454/2454/1678 2453/2453/1677 2452/2452/1676
f 2453/2453/1677 2454/2454/1678 2455/2455/1679
f 2456/2456/1680 2455/2455/1679 2454/2454/1678
f 2455/2455/1679 2456/2456/1680 2457/2457/1681
f 2458/2458/1682 2457/2457/1681 2456/2456/1680
f 2459/2459/1683 2452/2452/1676 2450/2450/1674
f 2449/2449/1673 2460/2460/1684 2450/2450/1674
f 2449/2449/1673 2461/2461/1685 2460/2460/1684
f 2462/2462/1686 2450/2450/1674 2460/2460/1684
f 2460/2460/1684 2463/2463/1687 2462/2462/1686
f 2463/2463/1687 2464/2464/1688 2462/2462/1686
f 2464/2464/1688 2465/2465/1689 2462/2462/1686
f 2466/2466/1690 2465/2465/1689 2464/2464/1688
f 2467/2467/1691 2468/2468/1692 2469/2469/1693
f 2469/2469/1693 2468/2468/1692 2470/2470/1694
f 2468/2468/1692 2471/2471/1695 2470/2470/1694
f 2467/2467/1691 2469/2469/1693 2472/2472/1696
f 2473/2473/1697 2472/2472/1696 2469/2469/1693
f 2473/2473/1697 2474/2474/1698 2472/2472/1696
f 2475/2475/1699 2472/2472/1696 2474/2474/1698
f 2472/2472/1696 2475/2475/1699 2467/2467/1691
f 2467/2467/1691 2476/2476/1700 2468/2468/1692
f 2476/2476/1700 2467/2467/1691 2475/2475/1699
f 2477/2477/1701 2468/2468/1692 2476/2476/1700
f 2478/2478/1702 2479/2479/1697 2480/2480/1681
f 2480/2480/1681 2481/2481/1682 2478/2478/1702
f 2482/2482/1703 2478/2478/1702 2481/2481/1682
f 2483/2483/1679 2480/2480/1681 2479/2479/1697
f 2483/2483/1679 2479/2479/1697 2484/2484/1677
f 2485/2485/1693 2484/2484/1677 2479/2479/1697
f 2484/2484/1677 2485/2485/1693 2486/2486/1704
f 2487/2487/1694 2486/2486/1704 2485/2485/1693
f 2479/2479/1697 2478/2478/1702 2488/2488/1698
f 2489/2489/1705 2490/2490/1682 2491/2491/1706
f 2492/2492/1680 2491/2491/1706 2490/2490/1682
f 2491/2491/1706 2492/2492/1680 2493/2493/1707
f 2494/2494/1708 2493/2493/1707 2492/2492/1680
f 2493/2493/1707 2494/2494/1708 2495/2495/1709
f 2496/2496/1676 2495/2495/1709 2494/2494/1708
f 2496/2496/1676 2497/2497/1683 2495/2495/1709
f 2498/2498/1710 2495/2495/1709 2497/2497/1683
f 2498/2498/1710 2497/2497/1683 2499/2499/1711
f 2500/2500/1674 2499/2499/1711 2497/2497/1683
f 2500/2500/1674 2501/2501/1686 2499/2499/1711
f 2502/2502/1712 2499/2499/1711 2501/2501/1686
f 2501/2501/1686 2503/2503/1689 2502/2502/1712
f 2504/2504/1713 2502/2502/1712 2503/2503/1689
f 2505/2505/1714 2506/2506/1715 2507/2507/1688
f 2508/2508/1690 2507/2507/1688 2506/2506/1715
f 2507/2507/1688 2509/2509/1716 2505/2505/1714
f 2510/2510/1717 2505/2505/1714 2509/2509/1716
f 2510/2510/1717 2509/2509/1716 2511/2511/1718
f 2512/2512/1719 2511/2511/1718 2509/2509/1716
f 2509/2509/1716 2513/2513/1684 2512/2512/1719
f 2514/2514/1720 2512/2512/1719 2513/2513/1684
f 2513/2513/1684 2515/2515/1685 2514/2514/1720
f 2516/2516/1721 2514/2514/1720 2515/2515/1685
f 2516/2516/1721 2515/2515/1685 2517/2517/1722
f 2518/2518/1673 2517/2517/1722 2515/2515/1685
f 2518/2518/1673 2519/2519/1675 2517/2517/1722
f 2520/2520/1694 2517/2517/1722 2519/2519/1675
f 2521/2521/1723 2522/2522/1724 2523/2523/1725
f 2524/2524/1726 2523/2523/1725 2522/2522/1724
f 2521/2521/1723 2523/2523/1725 2525/2525/1727
f 2521/2521/1723 2525/2525/1727 2522/2522/1724
f 2526/2526/1728 2525/2525/1727 2523/2523/1725
f 2523/2523/1725 2524/2524/1726 2526/2526/1728
f 2525/2525/1727 2526/2526/1728 2527/2527/1729
f 2528/2528/1719 2527/2527/1729 2526/2526/1728
f 2529/2529/1701 2522/2522/1724 2525/2525/1727
f 2528/2528/1719 2526/2526/1728 2530/2530/1718
f 2531/2531/1730 2530/2530/1718 2526/2526/1728
f 2531/2531/1730 2526/2526/1728 2524/2524/1726
f 2532/2532/1731 2533/2533/1732 2534/2534/1733
f 2533/2533/1732 2532/2532/1731 2535/2535/1734
f 2536/2536/1735 2533/2533/1732 2535/2535/1734
f 2537/2537/1736 2535/2535/1734 2532/2532/1731
f 2538/2538/1737 2535/2535/1734 2537/2537/1736
f 2539/2539/1738 2538/2538/1737 2537/2537/1736
f 2540/2540/1739 2539/2539/1738 2537/2537/1736
f 2541/2541/1715 2539/2539/1738 2540/2540/1739
f 2534/2534/1733 2542/2542/1740 2532/2532/1731
f 2534/2534/1733 2543/2543/1741 2542/2542/1740
f 2544/2544/1742 2542/2542/1740 2543/2543/1741
f 2543/2543/1741 2545/2545/1743 2544/2544/1742
f 2546/2546/1744 2544/2544/1742 2545/2545/1743
f 2545/2545/1743 2547/2547/1745 2546/2546/1744
f 2548/2548/1746 2546/2546/1744 2547/2547/1745
f 2549/2549/1747 2532/2532/1731 2542/2542/1740
f 2550/2550/1748 2551/2551/1701 2552/2552/1749
f 2551/2551/1701 2553/2553/1750 2552/2552/1749
f 2554/2554/1700 2553/2553/1750 2551/2551/1701
f 2554/2554/1700 2555/2555/1751 2553/2553/1750
f 2556/2556/1752 2553/2553/1750 2555/2555/1751
f 2557/2557/1745 2558/2558/1698 2559/2559/1702
f 2557/2557/1745 2559/2559/1702 2560/2560/1746
f 2561/2561/1705 2560/2560/1746 2559/2559/1702
f 2557/2557/1745 2562/2562/1753 2558/2558/1698
f 2562/2562/1753 2563/2563/1741 2558/2558/1698
f 2564/2564/1750 2558/2558/1698 2563/2563/1741
f 2563/2563/1741 2565/2565/1733 2564/2564/1750
f 2566/2566/1749 2564/2564/1750 2565/2565/1733
f 2567/2567/1754 2568/2568/1755 2569/2569/1746
f 2570/2570/1756 2569/2569/1746 2568/2568/1755
f 2568/2568/1755 2571/2571/1757 2570/2570/1756
f 2572/2572/1758 2570/2570/1756 2571/2571/1757
f 2571/2571/1757 2573/2573/1709 2572/2572/1758
f 2574/2574/1740 2572/2572/1758 2573/2573/1709
f 2574/2574/1740 2573/2573/1709 2575/2575/1759
f 2576/2576/1710 2575/2575/1759 2573/2573/1709
f 2576/2576/1710 2577/2577/1711 2575/2575/1759
f 2578/2578/1760 2575/2575/1759 2577/2577/1711
f 2578/2578/1760 2577/2577/1711 2579/2579/1736
f 2580/2580/1712 2579/2579/1736 2577/2577/1711
f 2579/2579/1736 2580/2580/1712 2581/2581/1739
f 2582/2582/1761 2581/2581/1739 2580/2580/1712
f 2583/2583/1737 2584/2584/1718 2585/2585/1762
f 2586/2586/1763 2585/2585/1762 2584/2584/1718
f 2585/2585/1762 2586/2586/1763 2587/2587/1764
f 2588/2588/1701 2587/2587/1764 2586/2586/1763
f 2588/2588/1701 2589/2589/1748 2587/2587/1764
f 2590/2590/1732 2587/2587/1764 2589/2589/1748
f 2590/2590/1732 2589/2589/1748 2591/2591/1733
f 2592/2592/1749 2591/2591/1733 2589/2589/1748
f 2593/2593/1701 2594/2594/1765 2595/2595/1724
f 2596/2596/1766 2595/2595/1724 2594/2594/1765
f 2593/2593/1701 2597/2597/1763 2594/2594/1765
f 2598/2598/1718 2594/2594/1765 2597/2597/1763
f 2599/2599/1447 2600/2600/1445 2601/2601/1767
f 2602/2602/1768 2601/2601/1767 2600/2600/1445
f 2601/2601/1767 2602/2602/1768 2603/2603/1769
f 2604/2604/1770 2603/2603/1769 2602/2602/1768
f 2601/2601/1767 2605/2605/1450 2599/2599/1447
f 2603/2603/1769 2605/2605/1450 2601/2601/1767
f 2600/2600/1445 2606/2606/1451 2602/2602/1768
f 2607/2607/1771 2602/2602/1768 2606/2606/1451
f 2602/2602/1768 2607/2607/1771 2604/2604/1770
f 2608/2608/1772 2604/2604/1770 2607/2607/1771
f 2609/2609/1454 2610/2610/1450 2611/2611/1769
f 2611/2611/1769 2612/2612/1770 2609/2609/1454
f 2613/2613/1455 2609/2609/1454 2612/2612/1770
f 2613/2613/1455 2612/2612/1770 2614/2614/1772
f 2614/2614/1772 2615/2615/1773 2613/2613/1455
f 2616/2616/1457 2613/2613/1455 2615/2615/1773
f 2615/2615/1773 2617/2617/1458 2616/2616/1457
f 2618/2618/1460 2619/2619/1774 2620/2620/1451
f 2619/2619/1774 2618/2618/1460 2621/2621/1461
f 2622/2622/1772 2619/2619/1774 2621/2621/1461
f 2621/2621/1461 2623/2623/1775 2622/2622/1772
f 2624/2624/1458 2623/2623/1775 2621/2621/1461
f 2625/2625/1776 2626/2626/1777 2627/2627/1778
f 2628/2628/1779 2627/2627/1778 2626/2626/1777
f 2625/2625/1776 2627/2627/1778 2629/2629/1780
f 2630/2630/1781 2629/2629/1780 2627/2627/1778
f 2631/2631/1782 2629/2629/1780 2630/2630/1781
f 2632/2632/1783 2631/2631/1782 2630/2630/1781
f 2633/2633/1784 2632/2632/1783 2630/2630/1781
f 2632/2632/1783 2633/2633/1784 2634/2634/1785
f 2635/2635/1786 2634/2634/1785 2633/2633/1784
f 2634/2634/1785 2635/2635/1786 2636/2636/1787
f 2637/2637/1788 2636/2636/1787 2635/2635/1786
f 2638/2638/1789 2639/2639/1779 2640/2640/1790
f 2641/2641/1777 2640/2640/1790 2639/2639/1779
f 2638/2638/1789 2640/2640/1790 2642/2642/1791
f 2638/2638/1789 2642/2642/1791 2643/2643/1792
f 2642/2642/1791 2644/2644/1793 2643/2643/1792
f 2644/2644/1793 2645/2645/1794 2643/2643/1792
f 2645/2645/1794 2646/2646/1795 2643/2643/1792
f 2645/2645/1794 2647/2647/1796 2646/2646/1795
f 2648/2648/1797 2646/2646/1795 2647/2647/1796
f 2647/2647/1796 2649/2649/1787 2648/2648/1797
f 2650/2650/1788 2648/2648/1797 2649/2649/1787
f 2651/2651/1798 2652/2652/1799 2653/2653/1800
f 2654/2654/1801 2653/2653/1800 2652/2652/1799
f 2652/2652/1799 2655/2655/1802 2654/2654/1801
f 2656/2656/1803 2654/2654/1801 2655/2655/1802
f 2656/2656/1803 2655/2655/1802 2657/2657/1804
f 2658/2658/1805 2657/2657/1804 2655/2655/1802
f 2653/2653/1800 2654/2654/1801 2659/2659/1806
f 2660/2660/1807 2659/2659/1806 2654/2654/1801
f 2660/2660/1807 2654/2654/1801 2661/2661/1808
f 2656/2656/1803 2661/2661/1808 2654/2654/1801
f 2656/2656/1803 2657/2657/1804 2661/2661/1808
f 2660/2660/1807 2661/2661/1808 2662/2662/1809
f 2663/2663/1810 2662/2662/1809 2661/2661/1808
f 2663/2663/1810 2661/2661/1808 2664/2664/1811
f 2665/2665/1812 2664/2664/1811 2661/2661/1808
f 2665/2665/1812 2661/2661/1808 2657/2657/1804
f 2662/2662/1809 2666/2666/1813 2660/2660/1807
f 2659/2659/1806 2660/2660/1807 2666/2666/1813
f 2663/2663/1810 2667/2667/1814 2662/2662/1809
f 2668/2668/1815 2662/2662/1809 2667/2667/1814
f 2667/2667/1814 2669/2669/1776 2668/2668/1815
f 2667/2667/1814 2670/2670/1816 2669/2669/1776
f 2667/2667/1814 2663/2663/1810 2670/2670/1816
f 2664/2664/1811 2670/2670/1816 2663/2663/1810
f 2671/2671/1777 2669/2669/1776 2670/2670/1816
f 2672/2672/1780 2668/2668/1815 2669/2669/1776
f 2668/2668/1815 2673/2673/1817 2662/2662/1809
f 2666/2666/1813 2662/2662/1809 2674/2674/1818
f 2674/2674/1818 2675/2675/1819 2666/2666/1813
f 2676/2676/1820 2666/2666/1813 2675/2675/1819
f 2677/2677/1798 2678/2678/1821 2679/2679/1822
f 2680/2680/1823 2679/2679/1822 2678/2678/1821
f 2680/2680/1823 2681/2681/1824 2679/2679/1822
f 2682/2682/1825 2679/2679/1822 2681/2681/1824
f 2681/2681/1824 2683/2683/1804 2682/2682/1825
f 2684/2684/1805 2682/2682/1825 2683/2683/1804
f 2678/2678/1821 2685/2685/1806 2680/2680/1823
f 2686/2686/1826 2680/2680/1823 2685/2685/1806
f 2681/2681/1824 2680/2680/1823 2687/2687/1827
f 2686/2686/1826 2687/2687/1827 2680/2680/1823
f 2686/2686/1826 2688/2688/1828 2687/2687/1827
f 2689/2689/1829 2687/2687/1827 2688/2688/1828
f 2687/2687/1827 2689/2689/1829 2690/2690/1812
f 2683/2683/1804 2681/2681/1824 2690/2690/1812
f 2687/2687/1827 2690/2690/1812 2681/2681/1824
f 2691/2691/1830 2690/2690/1812 2689/2689/1829
f 2685/2685/1806 2692/2692/1813 2686/2686/1826
f 2688/2688/1828 2686/2686/1826 2692/2692/1813
f 2693/2693/1831 2689/2689/1829 2688/2688/1828
f 2692/2692/1813 2694/2694/1832 2688/2688/1828
f 2694/2694/1832 2693/2693/1831 2688/2688/1828
f 2689/2689/1829 2693/2693/1831 2695/2695/1833
f 2689/2689/1829 2695/2695/1833 2691/2691/1830
f 2696/2696/1834 2695/2695/1833 2693/2693/1831
f 2696/2696/1834 2693/2693/1831 2694/2694/1832
f 2695/2695/1833 2696/2696/1834 2697/2697/1790
f 2697/2697/1790 2698/2698/1777 2695/2695/1833
f 2699/2699/1816 2695/2695/1833 2698/2698/1777
f 2699/2699/1816 2691/2691/1830 2695/2695/1833
f 2700/2700/1791 2697/2697/1790 2696/2696/1834
f 2692/2692/1813 2701/2701/1820 2694/2694/1832
f 2702/2702/1835 2703/2703/1836 2704/2704/1837
f 2705/2705/1838 2704/2704/1837 2703/2703/1836
f 2703/2703/1836 2706/2706/1839 2705/2705/1838
f 2707/2707/1840 2706/2706/1839 2703/2703/1836
f 2706/2706/1839 2708/2708/1841 2705/2705/1838
f 2705/2705/1838 2708/2708/1841 2709/2709/1842
f 2710/2710/1815 2709/2709/1842 2708/2708/1841
f 2710/2710/1815 2711/2711/1780 2709/2709/1842
f 2712/2712/1782 2709/2709/1842 2711/2711/1780
f 2709/2709/1842 2712/2712/1782 2713/2713/1843
f 2704/2704/1837 2705/2705/1838 2713/2713/1843
f 2709/2709/1842 2713/2713/1843 2705/2705/1838
f 2714/2714/1783 2713/2713/1843 2712/2712/1782
f 2704/2704/1837 2715/2715/1844 2702/2702/1835
f 2713/2713/1843 2715/2715/1844 2704/2704/1837
f 2713/2713/1843 2714/2714/1783 2715/2715/1844
f 2716/2716/1845 2702/2702/1835 2715/2715/1844
f 2716/2716/1845 2715/2715/1844 2717/2717/1787
f 2718/2718/1785 2717/2717/1787 2715/2715/1844
f 2718/2718/1785 2715/2715/1844 2714/2714/1783
f 2719/2719/1846 2720/2720/1847 2721/2721/1848
f 2722/2722/1835 2721/2721/1848 2720/2720/1847
f 2719/2719/1846 2723/2723/1832 2720/2720/1847
f 2719/2719/1846 2724/2724/1849 2723/2723/1832
f 2725/2725/1850 2723/2723/1832 2724/2724/1849
f 2726/2726/1840 2720/2720/1847 2723/2723/1832
f 2725/2725/1850 2724/2724/1849 2727/2727/1791
f 2728/2728/1793 2727/2727/1791 2724/2724/1849
f 2724/2724/1849 2729/2729/1851 2728/2728/1793
f 2721/2721/1848 2729/2729/1851 2719/2719/1846
f 2724/2724/1849 2719/2719/1846 2729/2729/1851
f 2730/2730/1794 2728/2728/1793 2729/2729/1851
f 2721/2721/1848 2722/2722/1835 2731/2731/1852
f 2731/2731/1852 2729/2729/1851 2721/2721/1848
f 2729/2729/1851 2731/2731/1852 2730/2730/1794
f 2732/2732/1845 2731/2731/1852 2722/2722/1835
f 2731/2731/1852 2732/2732/1845 2733/2733/1796
f 2733/2733/1796 2730/2730/1794 2731/2731/1852
f 2734/2734/1787 2733/2733/1796 2732/2732/1845
f 2735/2735/1853 2736/2736/1854 2737/2737/1855
f 2738/2738/1856 2737/2737/1855 2736/2736/1854
f 2739/2739/1857 2740/2740/1858 2741/2741/1859
f 2742/2742/1860 2741/2741/1859 2740/2740/1858
f 2741/2741/1859 2742/2742/1860 2743/2743/1861
f 2744/2744/1862 2743/2743/1861 2742/2742/1860
f 2744/2744/1862 2742/2742/1860 2745/2745/1863
f 2745/2745/1863 2746/2746/1864 2744/2744/1862
f 2747/2747/1865 2744/2744/1862 2746/2746/1864
f 2744/2744/1862 2747/2747/1865 2743/2743/1861
f 2748/2748/1866 2745/2745/1863 2742/2742/1860
f 2745/2745/1863 2748/2748/1866 2749/2749/1867
f 2750/2750/1868 2749/2749/1867 2748/2748/1866
f 2748/2748/1866 2751/2751/1869 2750/2750/1868
f 2748/2748/1866 2742/2742/1860 2751/2751/1869
f 2752/2752/1870 2750/2750/1868 2751/2751/1869
f 2752/2752/1870 2753/2753/1871 2750/2750/1868
f 2754/2754/1872 2750/2750/1868 2753/2753/1871
f 2754/2754/1872 2753/2753/1871 2755/2755/1873
f 2756/2756/1874 2755/2755/1873 2753/2753/1871
f 2749/2749/1867 2750/2750/1868 2757/2757/1875
f 2754/2754/1872 2757/2757/1875 2750/2750/1868
f 2745/2745/1863 2749/2749/1867 2758/2758/1876
f 2745/2745/1863 2758/2758/1876 2746/2746/1864
f 2759/2759/1855 2758/2758/1876 2749/2749/1867
f 2755/2755/1873 2760/2760/1877 2754/2754/1872
f 2757/2757/1875 2754/2754/1872 2760/2760/1877
f 2760/2760/1877 2761/2761/1878 2757/2757/1875
f 2762/2762/1879 2757/2757/1875 2761/2761/1878
f 2757/2757/1875 2762/2762/1879 2749/2749/1867
f 2759/2759/1855 2749/2749/1867 2763/2763/1853
f 2749/2749/1867 2762/2762/1879 2763/2763/1853
f 2764/2764/1880 2755/2755/1873 2756/2756/1874
f 2765/2765/1881 2755/2755/1873 2764/2764/1880
f 2755/2755/1873 2765/2765/1881 2766/2766/1882
f 2767/2767/1883 2766/2766/1882 2765/2765/1881
f 2768/2768/1884 2767/2767/1883 2765/2765/1881
f 2769/2769/1885 2746/2746/1864 2758/2758/1876
f 2770/2770/1886 2771/2771/1887 2772/2772/1888
f 2773/2773/1889 2772/2772/1888 2771/2771/1887
f 2772/2772/1888 2773/2773/1889 2774/2774/1890
f 2775/2775/1891 2774/2774/1890 2773/2773/1889
f 2774/2774/1890 2775/2775/1891 2776/2776/1892
f 2777/2777/1893 2776/2776/1892 2775/2775/1891
f 2775/2775/1891 2778/2778/1894 2777/2777/1893
f 2779/2779/1895 2778/2778/1894 2775/2775/1891
f 2771/2771/1887 2779/2779/1895 2773/2773/1889
f 2779/2779/1895 2775/2775/1891 2773/2773/1889
f 2770/2770/1886 2772/2772/1888 2780/2780/1896
f 2781/2781/1897 2780/2780/1896 2772/2772/1888
f 2772/2772/1888 2774/2774/1890 2781/2781/1897
f 2782/2782/1898 2781/2781/1897 2774/2774/1890
f 2770/2770/1886 2780/2780/1896 2783/2783/1899
f 2784/2784/1900 2770/2770/1886 2783/2783/1899
f 2771/2771/1887 2785/2785/1901 2779/2779/1895
f 2771/2771/1887 2786/2786/1902 2785/2785/1901
f 2771/2771/1887 2770/2770/1886 2786/2786/1902
f 2784/2784/1900 2786/2786/1902 2770/2770/1886
f 2787/2787/1903 2785/2785/1901 2786/2786/1902
f 2785/2785/1901 2787/2787/1903 2788/2788/1904
f 2789/2789/1905 2788/2788/1904 2787/2787/1903
f 2787/2787/1903 2786/2786/1902 2790/2790/1906
f 2790/2790/1906 2789/2789/1905 2787/2787/1903
f 2790/2790/1906 2786/2786/1902 2791/2791/1907
f 2792/2792/1908 2791/2791/1907 2786/2786/1902
f 2792/2792/1908 2786/2786/1902 2784/2784/1900
f 2793/2793/1909 2789/2789/1905 2790/2790/1906
f 2794/2794/1910 2795/2795/1911 2796/2796/1912
f 2796/2796/1912 2795/2795/1911 2797/2797/1913
f 2798/2798/1914 2797/2797/1913 2795/2795/1911
f 2799/2799/1915 2795/2795/1911 2794/2794/1910
f 2797/2797/1913 2798/2798/1914 2800/2800/1916
f 2800/2800/1916 2798/2798/1914 2801/2801/1917
f 2802/2802/1918 2800/2800/1916 2801/2801/1917
f 2800/2800/1916 2802/2802/1918 2803/2803/1919
f 2802/2802/1918 2804/2804/1920 2803/2803/1919
f 2803/2803/1919 2804/2804/1920 2805/2805/1921
f 2803/2803/1919 2805/2805/1921 2806/2806/1922
f 2807/2807/1923 2806/2806/1922 2805/2805/1921
f 2807/2807/1923 2808/2808/1924 2806/2806/1922
f 2809/2809/1925 2806/2806/1922 2808/2808/1924
f 2796/2796/1912 2810/2810/1926 2794/2794/1910
f 2811/2811/1927 2794/2794/1910 2810/2810/1926
f 2812/2812/1928 2813/2813/1929 2814/2814/1930
f 2815/2815/1931 2814/2814/1930 2813/2813/1929
f 2813/2813/1929 2816/2816/1932 2815/2815/1931
f 2817/2817/1933 2815/2815/1931 2816/2816/1932
f 2816/2816/1932 2818/2818/1909 2817/2817/1933
f 2819/2819/1934 2817/2817/1933 2818/2818/1909
f 2818/2818/1909 2816/2816/1932 2820/2820/1904
f 2821/2821/1910 2820/2820/1904 2816/2816/1932
f 2814/2814/1930 2822/2822/1935 2812/2812/1928
f 2817/2817/1933 2819/2819/1934 2823/2823/1858
f 2824/2824/1869 2823/2823/1858 2819/2819/1934
f 2812/2812/1928 2822/2822/1935 2825/2825/1936
f 2825/2825/1936 2822/2822/1935 2826/2826/1937
f 2827/2827/1938 2828/2828/1915 2829/2829/1939
f 2830/2830/1910 2829/2829/1939 2828/2828/1915
f 2827/2827/1938 2829/2829/1939 2831/2831/1940
f 2832/2832/1929 2831/2831/1940 2829/2829/1939
f 2831/2831/1940 2832/2832/1929 2833/2833/1941
f 2834/2834/1928 2833/2833/1941 2832/2832/1929
f 2834/2834/1928 2835/2835/1936 2833/2833/1941
f 2836/2836/1942 2833/2833/1941 2835/2835/1936
f 2836/2836/1942 2835/2835/1936 2837/2837/1943
f 2838/2838/1944 2837/2837/1943 2835/2835/1936
f 2839/2839/1904 2840/2840/1905 2841/2841/1909
f 2842/2842/1859 2843/2843/1945 2844/2844/1857
f 2845/2845/1946 2844/2844/1857 2843/2843/1945
f 2843/2843/1945 2846/2846/1947 2845/2845/1946
f 2847/2847/1948 2845/2845/1946 2846/2846/1947
f 2848/2848/1949 2849/2849/1913 2850/2850/1950
f 2851/2851/1951 2848/2848/1949 2850/2850/1950
f 2851/2851/1951 2852/2852/1952 2848/2848/1949
f 2853/2853/1953 2848/2848/1949 2852/2852/1952
f 2851/2851/1951 2850/2850/1950 2854/2854/1919
f 2852/2852/1952 2851/2851/1951 2855/2855/1922
f 2854/2854/1919 2855/2855/1922 2851/2851/1951
f 2855/2855/1922 2856/2856/1925 2852/2852/1952
f 2852/2852/1952 2856/2856/1925 2857/2857/1954
f 2852/2852/1952 2857/2857/1954 2853/2853/1953
f 2857/2857/1954 2856/2856/1925 2858/2858/1895
f 2859/2859/1955 2853/2853/1953 2857/2857/1954
f 2859/2859/1955 2860/2860/1956 2853/2853/1953
f 2861/2861/1912 2853/2853/1953 2860/2860/1956
f 2849/2849/1913 2848/2848/1949 2861/2861/1912
f 2853/2853/1953 2861/2861/1912 2848/2848/1949
f 2862/2862/1957 2863/2863/1898 2864/2864/1958
f 2865/2865/1959 2864/2864/1958 2863/2863/1898
f 2866/2866/1946 2867/2867/76 2868/2868/1960
f 2869/2869/1961 2868/2868/1960 2867/2867/76
f 2868/2868/1960 2869/2869/1961 2870/2870/1962
f 2866/2866/1946 2868/2868/1960 2871/2871/1857
f 2872/2872/1963 2871/2871/1857 2868/2868/1960
f 2868/2868/1960 2870/2870/1962 2872/2872/1963
f 2873/2873/1964 2872/2872/1963 2870/2870/1962
f 2874/2874/1963 2875/2875/1964 2876/2876/1930
f 2877/2877/1965 2876/2876/1930 2875/2875/1964
f 2876/2876/1930 2878/2878/1931 2874/2874/1963
f 2874/2874/1963 2878/2878/1931 2879/2879/1857
f 2880/2880/1966 2879/2879/1857 2878/2878/1931
f 2880/2880/1966 2881/2881/1858 2879/2879/1857
f 2882/2882/1947 2743/2743/1861 2747/2747/1865
f 2883/2883/1967 2884/2884/1942 2885/2885/1968
f 2886/2886/1943 2885/2885/1968 2884/2884/1942
f 2887/2887/1893 2888/2888/1894 2889/2889/1969
f 2890/2890/1970 2887/2887/1893 2889/2889/1969
f 2890/2890/1970 2891/2891/1971 2887/2887/1893
f 2891/2891/1971 2892/2892/1892 2887/2887/1893
f 2891/2891/1971 2893/2893/1972 2892/2892/1892
f 2892/2892/1892 2893/2893/1972 2894/2894/1890
f 2893/2893/1972 2895/2895/1898 2894/2894/1890
f 2896/2896/1973 2897/2897/1974 2898/2898/1975
f 2896/2896/1973 2899/2899/1976 2897/2897/1974
f 2896/2896/1973 2900/2900/1977 2899/2899/1976
f 2901/2901/1969 2899/2899/1976 2900/2900/1977
f 2900/2900/1977 2896/2896/1973 2902/2902/1915
f 2903/2903/1978 2902/2902/1915 2896/2896/1973
f 2896/2896/1973 2904/2904/1979 2903/2903/1978
f 2904/2904/1979 2896/2896/1973 2905/2905/1917
f 2905/2905/1917 2896/2896/1973 2898/2898/1975
f 2906/2906/1980 2905/2905/1917 2898/2898/1975
f 2907/2907/1981 2900/2900/1977 2902/2902/1915
f 2902/2902/1915 2908/2908/1982 2907/2907/1981
f 2909/2909/1983 2907/2907/1981 2908/2908/1982
f 2901/2901/1969 2900/2900/1977 2910/2910/1970
f 2911/2911/1984 2910/2910/1970 2900/2900/1977
f 2907/2907/1981 2911/2911/1984 2900/2900/1977
f 2912/2912/1985 2913/2913/1986 2914/2914/1934
f 2912/2912/1985 2915/2915/1907 2913/2913/1986
f 2916/2916/1987 2913/2913/1986 2915/2915/1907
f 2913/2913/1986 2916/2916/1987 2917/2917/1988
f 2913/2913/1986 2917/2917/1988 2918/2918/1869
f 2914/2914/1934 2913/2913/1986 2918/2918/1869
f 2919/2919/1871 2917/2917/1988 2916/2916/1987
f 2919/2919/1871 2916/2916/1987 2920/2920/1874
f 2921/2921/1989 2920/2920/1874 2916/2916/1987
f 2916/2916/1987 2915/2915/1907 2921/2921/1989
f 2922/2922/1908 2921/2921/1989 2915/2915/1907
f 2923/2923/1880 2920/2920/1874 2921/2921/1989
f 2922/2922/1908 2924/2924/1990 2921/2921/1989
f 2925/2925/1991 2921/2921/1989 2924/2924/1990
f 2925/2925/1991 2923/2923/1880 2921/2921/1989
f 2926/2926/1881 2923/2923/1880 2925/2925/1991
f 2927/2927/1909 2912/2912/1985 2914/2914/1934
f 2928/2928/1955 2929/2929/1992 2930/2930/1904
f 2931/2931/1901 2930/2930/1904 2929/2929/1992
f 2932/2932/1993 2931/2931/1901 2929/2929/1992
f 2928/2928/1955 2930/2930/1904 2933/2933/1926
f 2934/2934/1858 2751/2751/1869 2742/2742/1860
f 2935/2935/1877 2936/2936/1994 2937/2937/1995
f 2938/2938/1996 2937/2937/1995 2936/2936/1994
f 2936/2936/1994 2935/2935/1877 2939/2939/1882
f 2940/2940/1997 2939/2939/1882 2935/2935/1877
f 2941/2941/1994 2942/2942/1998 2943/2943/1996
f 2944/2944/1999 2943/2943/1996 2942/2942/1998
f 2945/2945/2000 2944/2944/1999 2942/2942/1998
f 2946/2946/1994 2947/2947/1882 2948/2948/1998
f 2949/2949/1883 2948/2948/1998 2947/2947/1882
f 2948/2948/1998 2949/2949/1883 2950/2950/2001
f 2951/2951/2002 2950/2950/2001 2949/2949/1883
f 2952/2952/1883 2953/2953/1884 2954/2954/2002
f 2955/2955/2003 2954/2954/2002 2953/2953/1884
f 2956/2956/1884 2957/2957/2004 2958/2958/2005
f 2959/2959/2006 2958/2958/2005 2957/2957/2004
f 2960/2960/1991 2957/2957/2004 2956/2956/1884
f 2961/2961/1900 2957/2957/2004 2960/2960/1991
f 2962/2962/1881 2960/2960/1991 2956/2956/1884
f 2957/2957/2004 2963/2963/1896 2959/2959/2006
f 2964/2964/2007 2959/2959/2006 2963/2963/1896
f 2964/2964/2007 2963/2963/1896 2965/2965/1958
f 2966/2966/1957 2965/2965/1958 2963/2963/1896
f 2967/2967/2008 2968/2968/1854 2969/2969/2009
f 2970/2970/1853 2969/2969/2009 2968/2968/1854
f 2971/2971/2010 2972/2972/2011 2973/2973/2012
f 2974/2974/2013 2973/2973/2012 2972/2972/2011
f 2973/2973/2012 2975/2975/2014 2971/2971/2010
f 2976/2976/2015 2971/2971/2010 2975/2975/2014
f 2976/2976/2015 2977/2977/2016 2971/2971/2010
f 2977/2977/2016 2976/2976/2015 2978/2978/1864
f 2979/2979/1865 2978/2978/1864 2976/2976/2015
f 2976/2976/2015 2975/2975/2014 2979/2979/1865
f 2980/2980/2017 2971/2971/2010 2977/2977/2016
f 2977/2977/2016 2981/2981/2018 2980/2980/2017
f 2982/2982/2019 2980/2980/2017 2981/2981/2018
f 2980/2980/2017 2982/2982/2019 2983/2983/2020
f 2980/2980/2017 2983/2983/2020 2971/2971/2010
f 2984/2984/2021 2983/2983/2020 2982/2982/2019
f 2984/2984/2021 2982/2982/2019 2985/2985/2022
f 2986/2986/2023 2985/2985/2022 2982/2982/2019
f 2986/2986/2023 2987/2987/2024 2985/2985/2022
f 2988/2988/2025 2985/2985/2022 2987/2987/2024
f 2986/2986/2023 2982/2982/2019 2989/2989/2026
f 2981/2981/2018 2989/2989/2026 2982/2982/2019
f 2977/2977/2016 2990/2990/2008 2981/2981/2018
f 2977/2977/2016 2978/2978/1864 2990/2990/2008
f 2991/2991/2009 2981/2981/2018 2990/2990/2008
f 2989/2989/2026 2992/2992/2027 2986/2986/2023
f 2987/2987/2024 2986/2986/2023 2992/2992/2027
f 2992/2992/2027 2989/2989/2026 2993/2993/1878
f 2994/2994/1879 2993/2993/1878 2989/2989/2026
f 2989/2989/2026 2981/2981/2018 2994/2994/1879
f 2994/2994/1879 2981/2981/2018 2995/2995/1853
f 2981/2981/2018 2991/2991/2009 2995/2995/1853
f 2987/2987/2024 2996/2996/2028 2988/2988/2025
f 2987/2987/2024 2997/2997/2029 2996/2996/2028
f 2987/2987/2024 2998/2998/2030 2997/2997/2029
f 2999/2999/2031 2997/2997/2029 2998/2998/2030
f 2999/2999/2031 3000/3000/2032 2997/2997/2029
f 3001/3001/1885 2990/2990/2008 2978/2978/1864
f 3002/3002/2033 3003/3003/2034 3004/3004/2035
f 3005/3005/2036 3004/3004/2035 3003/3003/2034
f 3002/3002/2033 3004/3004/2035 3006/3006/2037
f 3006/3006/2037 3007/3007/2038 3002/3002/2033
f 3006/3006/2037 3008/3008/2039 3007/3007/2038
f 3009/3009/2040 3007/3007/2038 3008/3008/2039
f 3010/3010/2041 3007/3007/2038 3009/3009/2040
f 3010/3010/2041 3011/3011/2042 3007/3007/2038
f 3011/3011/2042 3003/3003/2034 3002/3002/2033
f 3007/3007/2038 3011/3011/2042 3002/3002/2033
f 3005/3005/2036 3012/3012/2043 3004/3004/2035
f 3013/3013/2044 3004/3004/2035 3012/3012/2043
f 3004/3004/2035 3013/3013/2044 3006/3006/2037
f 3014/3014/2045 3006/3006/2037 3013/3013/2044
f 3012/3012/2043 3005/3005/2036 3015/3015/2046
f 3005/3005/2036 3016/3016/2047 3015/3015/2046
f 3017/3017/2048 3003/3003/2034 3011/3011/2042
f 3003/3003/2034 3017/3017/2048 3018/3018/2049
f 3016/3016/2047 3005/3005/2036 3018/3018/2049
f 3003/3003/2034 3018/3018/2049 3005/3005/2036
f 3019/3019/2050 3018/3018/2049 3017/3017/2048
f 3017/3017/2048 3020/3020/2051 3019/3019/2050
f 3021/3021/2052 3019/3019/2050 3020/3020/2051
f 3018/3018/2049 3019/3019/2050 3022/3022/2053
f 3021/3021/2052 3022/3022/2053 3019/3019/2050
f 3018/3018/2049 3022/3022/2053 3023/3023/2054
f 3023/3023/2054 3024/3024/2055 3018/3018/2049
f 3018/3018/2049 3024/3024/2055 3016/3016/2047
f 3021/3021/2052 3025/3025/2056 3022/3022/2053
f 3026/3026/2057 3027/3027/2058 3028/3028/2059
f 3028/3028/2059 3029/3029/2060 3026/3026/2057
f 3030/3030/2061 3026/3026/2057 3029/3029/2060
f 3026/3026/2057 3031/3031/2062 3027/3027/2058
f 3029/3029/2060 3032/3032/2063 3030/3030/2061
f 3030/3030/2061 3032/3032/2063 3033/3033/2064
f 3032/3032/2063 3034/3034/2065 3033/3033/2064
f 3032/3032/2063 3035/3035/2066 3034/3034/2065
f 3034/3034/2065 3035/3035/2066 3036/3036/2067
f 3036/3036/2067 3035/3035/2066 3037/3037/2068
f 3035/3035/2066 3038/3038/2069 3037/3037/2068
f 3039/3039/2070 3037/3037/2068 3038/3038/2069
f 3039/3039/2070 3038/3038/2069 3040/3040/2071
f 3041/3041/2072 3040/3040/2071 3038/3038/2069
f 3028/3028/2059 3027/3027/2058 3042/3042/2073
f 3043/3043/2074 3042/3042/2073 3027/3027/2058
f 3044/3044/2075 3045/3045/2076 3046/3046/2077
f 3047/3047/2078 3046/3046/2077 3045/3045/2076
f 3045/3045/2076 3044/3044/2075 3048/3048/2079
f 3049/3049/2080 3048/3048/2079 3044/3044/2075
f 3048/3048/2079 3049/3049/2080 3050/3050/2056
f 3051/3051/2081 3050/3050/2056 3049/3049/2080
f 3050/3050/2056 3052/3052/2051 3048/3048/2079
f 3053/3053/2058 3048/3048/2079 3052/3052/2051
f 3054/3054/1935 3046/3046/2077 3047/3047/2078
f 3049/3049/2080 3055/3055/2011 3051/3051/2081
f 3056/3056/2020 3051/3051/2081 3055/3055/2011
f 3054/3054/1935 3047/3047/2078 3057/3057/2082
f 3054/3054/1935 3057/3057/2082 3058/3058/1937
f 3059/3059/2058 3060/3060/2062 3061/3061/2083
f 3062/3062/2084 3061/3061/2083 3060/3060/2062
f 3062/3062/2084 3063/3063/2085 3061/3061/2083
f 3064/3064/2076 3061/3061/2083 3063/3063/2085
f 3063/3063/2085 3065/3065/2086 3064/3064/2076
f 3066/3066/2078 3064/3064/2076 3065/3065/2086
f 3066/3066/2078 3065/3065/2086 3067/3067/2082
f 3068/3068/2087 3067/3067/2082 3065/3065/2086
f 3068/3068/2087 3069/3069/1943 3067/3067/2082
f 3070/3070/1944 3067/3067/2082 3069/3069/1943
f 3071/3071/2052 3072/3072/2051 3073/3073/2056
f 3074/3074/2088 3075/3075/2089 3076/3076/2013
f 3077/3077/2012 3076/3076/2013 3075/3075/2089
f 3075/3075/2089 3074/3074/2088 3078/3078/1947
f 3079/3079/1948 3078/3078/1947 3074/3074/2088
f 3080/3080/2060 3081/3081/2090 3082/3082/2091
f 3081/3081/2090 3083/3083/2092 3082/3082/2091
f 3083/3083/2092 3081/3081/2090 3084/3084/2093
f 3085/3085/2094 3084/3084/2093 3081/3081/2090
f 3082/3082/2091 3083/3083/2092 3086/3086/2066
f 3086/3086/2066 3083/3083/2092 3087/3087/2069
f 3084/3084/2093 3087/3087/2069 3083/3083/2092
f 3087/3087/2069 3084/3084/2093 3088/3088/2072
f 3084/3084/2093 3089/3089/2095 3088/3088/2072
f 3084/3084/2093 3085/3085/2094 3089/3089/2095
f 3088/3088/2072 3089/3089/2095 3090/3090/2042
f 3091/3091/2096 3089/3089/2095 3085/3085/2094
f 3091/3091/2096 3085/3085/2094 3092/3092/2097
f 3093/3093/2059 3092/3092/2097 3085/3085/2094
f 3085/3085/2094 3081/3081/2090 3093/3093/2059
f 3080/3080/2060 3093/3093/2059 3081/3081/2090
f 3094/3094/1959 3095/3095/2045 3096/3096/1958
f 3097/3097/2098 3096/3096/1958 3095/3095/2045
f 3098/3098/1961 3099/3099/76 3100/3100/2099
f 3101/3101/2088 3100/3100/2099 3099/3099/76
f 3098/3098/1961 3100/3100/2099 3102/3102/1962
f 3101/3101/2088 3103/3103/2013 3100/3100/2099
f 3104/3104/2100 3100/3100/2099 3103/3103/2013
f 3100/3100/2099 3104/3104/2100 3102/3102/1962
f 3105/3105/1964 3102/3102/1962 3104/3104/2100
f 3106/3106/1965 3107/3107/1964 3108/3108/2077
f 3109/3109/2100 3108/3108/2077 3107/3107/1964
f 3110/3110/2075 3108/3108/2077 3109/3109/2100
f 3109/3109/2100 3111/3111/2013 3110/3110/2075
f 3112/3112/2101 3110/3110/2075 3111/3111/2013
f 3113/3113/2011 3112/3112/2101 3111/3111/2013
f 3114/3114/1947 2979/2979/1865 2975/2975/2014
f 3115/3115/1943 3116/3116/2087 3117/3117/1968
f 3118/3118/2102 3117/3117/1968 3116/3116/2087
f 3119/3119/2103 3120/3120/2040 3121/3121/2104
f 3120/3120/2040 3122/3122/1970 3121/3121/2104
f 3123/3123/1971 3122/3122/1970 3120/3120/2040
f 3124/3124/2039 3123/3123/1971 3120/3120/2040
f 3123/3123/1971 3124/3124/2039 3125/3125/1972
f 3125/3125/1972 3124/3124/2039 3126/3126/2037
f 3127/3127/2045 3125/3125/1972 3126/3126/2037
f 3128/3128/2105 3129/3129/2106 3130/3130/2107
f 3131/3131/2108 3129/3129/2106 3128/3128/2105
f 3129/3129/2106 3131/3131/2108 3132/3132/2109
f 3133/3133/2110 3132/3132/2109 3131/3131/2108
f 3132/3132/2109 3134/3134/2062 3129/3129/2106
f 3135/3135/2111 3129/3129/2106 3134/3134/2062
f 3136/3136/2112 3129/3129/2106 3135/3135/2111
f 3129/3129/2106 3136/3136/2112 3137/3137/2113
f 3129/3129/2106 3137/3137/2113 3130/3130/2107
f 3137/3137/2113 3138/3138/2114 3130/3130/2107
f 3132/3132/2109 3139/3139/2115 3134/3134/2062
f 3134/3134/2062 3139/3139/2115 3140/3140/2116
f 3141/3141/2117 3140/3140/2116 3139/3139/2115
f 3133/3133/2110 3142/3142/1970 3132/3132/2109
f 3143/3143/1984 3132/3132/2109 3142/3142/1970
f 3143/3143/1984 3139/3139/2115 3132/3132/2109
f 3144/3144/2118 3145/3145/2119 3146/3146/2081
f 3145/3145/2119 3144/3144/2118 3147/3147/2054
f 3148/3148/2120 3147/3147/2054 3144/3144/2118
f 3144/3144/2118 3149/3149/2121 3148/3148/2120
f 3149/3149/2121 3144/3144/2118 3150/3150/2020
f 3144/3144/2118 3146/3146/2081 3150/3150/2020
f 3151/3151/2022 3148/3148/2120 3149/3149/2121
f 3151/3151/2022 3152/3152/2025 3148/3148/2120
f 3153/3153/2122 3148/3148/2120 3152/3152/2025
f 3148/3148/2120 3153/3153/2122 3147/3147/2054
f 3154/3154/2055 3147/3147/2054 3153/3153/2122
f 3152/3152/2025 3155/3155/2028 3153/3153/2122
f 3154/3154/2055 3153/3153/2122 3156/3156/2123
f 3157/3157/2124 3156/3156/2123 3153/3153/2122
f 3155/3155/2028 3157/3157/2124 3153/3153/2122
f 3155/3155/2028 3158/3158/2029 3157/3157/2124
f 3145/3145/2119 3159/3159/2056 3146/3146/2081
f 3160/3160/2048 3161/3161/2125 3162/3162/2051
f 3163/3163/2096 3162/3162/2051 3161/3161/2125
f 3160/3160/2048 3164/3164/2126 3161/3161/2125
f 3162/3162/2051 3163/3163/2096 3165/3165/2073
f 3166/3166/2011 2971/2971/2010 2983/2983/2020
f 3167/3167/1996 3168/3168/2127 3169/3169/1995
f 3170/3170/2027 3169/3169/1995 3168/3168/2127
f 3168/3168/2127 3171/3171/2030 3170/3170/2027
f 3172/3172/2128 3170/3170/2027 3171/3171/2030
f 3173/3173/1999 3174/3174/2129 3175/3175/1996
f 3176/3176/2127 3175/3175/1996 3174/3174/2129
f 3173/3173/1999 3177/3177/2000 3174/3174/2129
f 3178/3178/2031 3179/3179/2030 3180/3180/2129
f 3181/3181/2127 3180/3180/2129 3179/3179/2030
f 3180/3180/2129 3182/3182/2001 3178/3178/2031
f 3183/3183/2002 3178/3178/2031 3182/3182/2001
f 3184/3184/2003 3185/3185/2032 3186/3186/2002
f 3187/3187/2031 3186/3186/2002 3185/3185/2032
f 3188/3188/2006 3189/3189/2130 3190/3190/2005
f 3191/3191/2032 3190/3190/2005 3189/3189/2130
f 3189/3189/2130 3192/3192/2124 3191/3191/2032
f 3189/3189/2130 3193/3193/2047 3192/3192/2124
f 3192/3192/2124 3194/3194/2029 3191/3191/2032
f 3189/3189/2130 3188/3188/2006 3195/3195/2043
f 3196/3196/2007 3195/3195/2043 3188/3188/2006
f 3196/3196/2007 3197/3197/1958 3195/3195/2043
f 3198/3198/2098 3195/3195/2043 3197/3197/1958
f 3199/3199/2131 3200/3200/2132 3201/3201/2133
f 3202/3202/2134 3201/3201/2133 3200/3200/2132
f 3202/3202/2134 3203/3203/2135 3201/3201/2133
f 3204/3204/2136 3201/3201/2133 3203/3203/2135
f 3204/3204/2136 3205/3205/2137 3201/3201/2133
f 3206/3206/2138 3201/3201/2133 3205/3205/2137
f 3206/3206/2138 3207/3207/2139 3201/3201/2133
f 3199/3199/2131 3201/3201/2133 3207/3207/2139
f 3203/3203/2135 3202/3202/2134 3208/3208/2140
f 3209/3209/2141 3208/3208/2140 3202/3202/2134
f 3202/3202/2134 3200/3200/2132 3209/3209/2141
f 3210/3210/2142 3209/3209/2141 3200/3200/2132
f 3207/3207/2139 3211/3211/2143 3199/3199/2131
f 3212/3212/2144 3199/3199/2131 3211/3211/2143
f 3211/3211/2143 3213/3213/2145 3212/3212/2144
f 3214/3214/2146 3212/3212/2144 3213/3213/2145
f 3212/3212/2144 3214/3214/2146 3215/3215/2147
f 3215/3215/2147 3216/3216/2148 3212/3212/2144
f 3212/3212/2144 3216/3216/2148 3199/3199/2131
f 3215/3215/2147 3214/3214/2146 3217/3217/2149
f 3218/3218/2150 3217/3217/2149 3214/3214/2146
f 3218/3218/2150 3214/3214/2146 3219/3219/2151
f 3213/3213/2145 3219/3219/2151 3214/3214/2146
f 3217/3217/2149 3220/3220/2152 3215/3215/2147
f 3216/3216/2148 3215/3215/2147 3220/3220/2152
f 3220/3220/2152 3221/3221/2153 3216/3216/2148
f 3221/3221/2153 3210/3210/2142 3222/3222/2154
f 3222/3222/2154 3216/3216/2148 3221/3221/2153
f 3200/3200/2132 3222/3222/2154 3210/3210/2142
f 3216/3216/2148 3222/3222/2154 3199/3199/2131
f 3222/3222/2154 3200/3200/2132 3199/3199/2131
f 3219/3219/2151 3213/3213/2145 3223/3223/2155
f 3224/3224/2156 3223/3223/2155 3213/3213/2145
f 3224/3224/2156 3225/3225/2157 3223/3223/2155
f 3224/3224/2156 3226/3226/2158 3225/3225/2157
f 3224/3224/2156 3213/3213/2145 3226/3226/2158
f 3227/3227/2159 3223/3223/2155 3225/3225/2157
f 3225/3225/2157 3228/3228/2160 3227/3227/2159
f 3229/3229/2161 3227/3227/2159 3228/3228/2160
f 3228/3228/2160 3225/3225/2157 3230/3230/2162
f 3231/3231/2163 3230/3230/2162 3225/3225/2157
f 3225/3225/2157 3226/3226/2158 3231/3231/2163
f 3231/3231/2163 3232/3232/2164 3230/3230/2162
f 3233/3233/2165 3230/3230/2162 3232/3232/2164
f 3232/3232/2164 3234/3234/2166 3233/3233/2165
f 3235/3235/2167 3233/3233/2165 3234/3234/2166
f 3234/3234/2166 3236/3236/2168 3235/3235/2167
f 3237/3237/2169 3235/3235/2167 3236/3236/2168
f 3236/3236/2168 3238/3238/2170 3237/3237/2169
f 3239/3239/2171 3237/3237/2169 3238/3238/2170
f 3238/3238/2170 3240/3240/2172 3239/3239/2171
f 3238/3238/2170 3241/3241/2173 3240/3240/2172
f 3238/3238/2170 3236/3236/2168 3241/3241/2173
f 3242/3242/2174 3240/3240/2172 3241/3241/2173
f 3242/3242/2174 3241/3241/2173 3243/3243/2175
f 3242/3242/2174 3243/3243/2175 3244/3244/2176
f 3245/3245/2177 3244/3244/2176 3243/3243/2175
f 3234/3234/2166 3232/3232/2164 3245/3245/2177
f 3245/3245/2177 3243/3243/2175 3234/3234/2166
f 3244/3244/2176 3246/3246/2178 3242/3242/2174
f 3246/3246/2178 3240/3240/2172 3242/3242/2174
f 3247/3247/2179 3243/3243/2175 3241/3241/2173
f 3247/3247/2179 3236/3236/2168 3234/3234/2166
f 3247/3247/2179 3241/3241/2173 3236/3236/2168
f 3247/3247/2179 3234/3234/2166 3243/3243/2175
f 3248/3248/2180 3245/3245/2177 3232/3232/2164
f 3248/3248/2180 3211/3211/2143 3245/3245/2177
f 3207/3207/2139 3245/3245/2177 3211/3211/2143
f 3207/3207/2139 3206/3206/2138 3245/3245/2177
f 3244/3244/2176 3245/3245/2177 3206/3206/2138
f 3246/3246/2178 3244/3244/2176 3249/3249/2181
f 3249/3249/2181 3244/3244/2176 3205/3205/2137
f 3206/3206/2138 3205/3205/2137 3244/3244/2176
f 3211/3211/2143 3248/3248/2180 3226/3226/2158
f 3211/3211/2143 3226/3226/2158 3213/3213/2145
f 3250/3250/2182 3226/3226/2158 3248/3248/2180
f 3248/3248/2180 3231/3231/2163 3250/3250/2182
f 3226/3226/2158 3250/3250/2182 3231/3231/2163
f 3248/3248/2180 3232/3232/2164 3231/3231/2163
f 3205/3205/2137 3204/3204/2136 3251/3251/2183
f 3252/3252/2184 3251/3251/2183 3204/3204/2136
f 3252/3252/2184 3253/3253/2185 3251/3251/2183
f 3253/3253/2185 3254/3254/2186 3251/3251/2183
f 3254/3254/2186 3253/3253/2185 3255/3255/2187
f 3256/3256/2188 3255/3255/2187 3253/3253/2185
f 3255/3255/2187 3256/3256/2188 3257/3257/2189
f 3258/3258/2190 3257/3257/2189 3256/3256/2188
f 3259/3259/2191 3251/3251/2183 3254/3254/2186
f 3259/3259/2191 3205/3205/2137 3251/3251/2183
f 3252/3252/2184 3204/3204/2136 3260/3260/2192
f 3203/3203/2135 3260/3260/2192 3204/3204/2136
f 3256/3256/2188 3261/3261/2193 3258/3258/2190
f 3256/3256/2188 3253/3253/2185 3261/3261/2193
f 3262/3262/2194 3258/3258/2190 3261/3261/2193
f 3260/3260/2192 3203/3203/2135 3263/3263/2195
f 3208/3208/2140 3263/3263/2195 3203/3203/2135
f 3260/3260/2192 3264/3264/2196 3252/3252/2184
f 3260/3260/2192 3263/3263/2195 3264/3264/2196
f 3265/3265/2197 3252/3252/2184 3264/3264/2196
f 3266/3266/2198 3264/3264/2196 3263/3263/2195
f 3253/3253/2185 3267/3267/2199 3261/3261/2193
f 3265/3265/2197 3267/3267/2199 3252/3252/2184
f 3252/3252/2184 3267/3267/2199 3253/3253/2185
f 3268/3268/2200 3269/3269/2201 3270/3270/2202
f 3271/3271/2203 3270/3270/2202 3269/3269/2201
f 3270/3270/2202 3271/3271/2203 3272/3272/2204
f 3273/3273/2205 3272/3272/2204 3271/3271/2203
f 3273/3273/2205 3271/3271/2203 3274/3274/2206
f 3275/3275/2207 3274/3274/2206 3271/3271/2203
f 3269/3269/2201 3276/3276/2208 3271/3271/2203
f 3275/3275/2207 3271/3271/2203 3276/3276/2208
f 3272/3272/2204 3277/3277/2140 3270/3270/2202
f 3278/3278/2141 3270/3270/2202 3277/3277/2140
f 3270/3270/2202 3278/3278/2141 3268/3268/2200
f 3279/3279/2142 3268/3268/2200 3278/3278/2141
f 3276/3276/2208 3269/3269/2201 3280/3280/2209
f 3281/3281/2210 3280/3280/2209 3269/3269/2201
f 3280/3280/2209 3281/3281/2210 3282/3282/2211
f 3283/3283/2212 3282/3282/2211 3281/3281/2210
f 3283/3283/2212 3281/3281/2210 3284/3284/2213
f 3284/3284/2213 3281/3281/2210 3285/3285/2214
f 3284/3284/2213 3286/3286/2149 3283/3283/2212
f 3287/3287/2150 3283/3283/2212 3286/3286/2149
f 3282/3282/2211 3283/3283/2212 3288/3288/2151
f 3287/3287/2150 3288/3288/2151 3283/3283/2212
f 3285/3285/2214 3289/3289/2152 3284/3284/2213
f 3286/3286/2149 3284/3284/2213 3289/3289/2152
f 3289/3289/2152 3285/3285/2214 3290/3290/2153
f 3290/3290/2153 3291/3291/2215 3279/3279/2142
f 3291/3291/2215 3290/3290/2153 3285/3285/2214
f 3268/3268/2200 3279/3279/2142 3291/3291/2215
f 3281/3281/2210 3269/3269/2201 3285/3285/2214
f 3285/3285/2214 3269/3269/2201 3291/3291/2215
f 3291/3291/2215 3269/3269/2201 3268/3268/2200
f 3288/3288/2151 3292/3292/2155 3282/3282/2211
f 3293/3293/2216 3282/3282/2211 3292/3292/2155
f 3293/3293/2216 3292/3292/2155 3294/3294/2217
f 3295/3295/2218 3293/3293/2216 3294/3294/2217
f 3293/3293/2216 3295/3295/2218 3282/3282/2211
f 3296/3296/2159 3294/3294/2217 3292/3292/2155
f 3294/3294/2217 3296/3296/2159 3297/3297/2219
f 3298/3298/2161 3297/3297/2219 3296/3296/2159
f 3297/3297/2219 3299/3299/2220 3294/3294/2217
f 3300/3300/2221 3294/3294/2217 3299/3299/2220
f 3295/3295/2218 3294/3294/2217 3300/3300/2221
f 3300/3300/2221 3299/3299/2220 3301/3301/2222
f 3302/3302/2223 3301/3301/2222 3299/3299/2220
f 3301/3301/2222 3302/3302/2223 3303/3303/2224
f 3304/3304/2225 3303/3303/2224 3302/3302/2223
f 3303/3303/2224 3304/3304/2225 3305/3305/2226
f 3306/3306/2227 3305/3305/2226 3304/3304/2225
f 3305/3305/2226 3306/3306/2227 3307/3307/2228
f 3308/3308/2229 3307/3307/2228 3306/3306/2227
f 3309/3309/2230 3307/3307/2228 3308/3308/2229
f 3310/3310/2231 3307/3307/2228 3309/3309/2230
f 3307/3307/2228 3310/3310/2231 3305/3305/2226
f 3309/3309/2230 3311/3311/2232 3310/3310/2231
f 3310/3310/2231 3311/3311/2232 3312/3312/2233
f 3311/3311/2232 3313/3313/2234 3312/3312/2233
f 3314/3314/2235 3312/3312/2233 3313/3313/2234
f 3303/3303/2224 3314/3314/2235 3301/3301/2222
f 3314/3314/2235 3303/3303/2224 3312/3312/2233
f 3315/3315/2236 3313/3313/2234 3311/3311/2232
f 3309/3309/2230 3315/3315/2236 3311/3311/2232
f 3312/3312/2233 3316/3316/2237 3310/3310/2231
f 3305/3305/2226 3316/3316/2237 3303/3303/2224
f 3316/3316/2237 3305/3305/2226 3310/3310/2231
f 3316/3316/2237 3312/3312/2233 3303/3303/2224
f 3317/3317/2238 3301/3301/2222 3314/3314/2235
f 3317/3317/2238 3314/3314/2235 3280/3280/2209
f 3276/3276/2208 3280/3280/2209 3314/3314/2235
f 3313/3313/2234 3275/3275/2207 3314/3314/2235
f 3276/3276/2208 3314/3314/2235 3275/3275/2207
f 3313/3313/2234 3315/3315/2236 3318/3318/2239
f 3275/3275/2207 3313/3313/2234 3274/3274/2206
f 3318/3318/2239 3274/3274/2206 3313/3313/2234
f 3280/3280/2209 3295/3295/2218 3317/3317/2238
f 3280/3280/2209 3282/3282/2211 3295/3295/2218
f 3319/3319/2240 3317/3317/2238 3295/3295/2218
f 3295/3295/2218 3300/3300/2221 3319/3319/2240
f 3317/3317/2238 3319/3319/2240 3300/3300/2221
f 3301/3301/2222 3317/3317/2238 3300/3300/2221
f 3273/3273/2205 3274/3274/2206 3320/3320/2241
f 3320/3320/2241 3321/3321/2242 3273/3273/2205
f 3322/3322/2243 3321/3321/2242 3320/3320/2241
f 3322/3322/2243 3320/3320/2241 3323/3323/2244
f 3323/3323/2244 3324/3324/2245 3322/3322/2243
f 3325/3325/2246 3322/3322/2243 3324/3324/2245
f 3324/3324/2245 3326/3326/2189 3325/3325/2246
f 3327/3327/2190 3325/3325/2246 3326/3326/2189
f 3328/3328/2247 3323/3323/2244 3320/3320/2241
f 3274/3274/2206 3328/3328/2247 3320/3320/2241
f 3321/3321/2242 3329/3329/2248 3273/3273/2205
f 3272/3272/2204 3273/3273/2205 3329/3329/2248
f 3325/3325/2246 3327/3327/2190 3330/3330/2249
f 3322/3322/2243 3325/3325/2246 3330/3330/2249
f 3331/3331/2194 3330/3330/2249 3327/3327/2190
f 3329/3329/2248 3332/3332/2195 3272/3272/2204
f 3277/3277/2140 3272/3272/2204 3332/3332/2195
f 3329/3329/2248 3321/3321/2242 3333/3333/2250
f 3329/3329/2248 3333/3333/2250 3332/3332/2195
f 3334/3334/2251 3333/3333/2250 3321/3321/2242
f 3335/3335/2198 3332/3332/2195 3333/3333/2250
f 3336/3336/2252 3322/3322/2243 3330/3330/2249
f 3336/3336/2252 3334/3334/2251 3321/3321/2242
f 3336/3336/2252 3321/3321/2242 3322/3322/2243
f 3337/3337/2253 3338/3338/2254 3339/3339/2255
f 3340/3340/2256 3339/3339/2255 3338/3338/2254
f 3339/3339/2255 3340/3340/2256 3341/3341/2257
f 3342/3342/2258 3341/3341/2257 3340/3340/2256
f 3342/3342/2258 3343/3343/2259 3341/3341/2257
f 3344/3344/2260 3341/3341/2257 3343/3343/2259
f 3338/3338/2254 3337/3337/2253 3345/3345/2261
f 3346/3346/2262 3345/3345/2261 3337/3337/2253
f 3347/3347/2263 3348/3348/2264 3349/3349/2265
f 3350/3350/2266 3349/3349/2265 3348/3348/2264
f 3351/3351/2267 3352/3352/2268 3353/3353/2269
f 3354/3354/2270 3353/3353/2269 3352/3352/2268
f 3355/3355/2271 3356/3356/2272 3357/3357/2273
f 3358/3358/2274 3357/3357/2273 3356/3356/2272
f 3356/3356/2272 3359/3359/2275 3358/3358/2274
f 3360/3360/2276 3358/3358/2274 3359/3359/2275
f 3360/3360/2276 3359/3359/2275 3361/3361/2253
f 3362/3362/2277 3361/3361/2253 3359/3359/2275
f 3363/3363/2277 3364/3364/2278 3365/3365/2253
f 3364/3364/2278 3366/3366/2279 3365/3365/2253
f 3365/3365/2253 3366/3366/2279 3367/3367/2280
f 3368/3368/2281 3369/3369/2282 3370/3370/2283
f 3371/3371/2284 3370/3370/2283 3369/3369/2282
f 3371/3371/2284 3369/3369/2282 3372/3372/2285
f 3373/3373/2286 3372/3372/2285 3369/3369/2282
f 3373/3373/2286 3374/3374/2287 3372/3372/2285
f 3375/3375/2288 3372/3372/2285 3374/3374/2287
f 3375/3375/2288 3374/3374/2287 3376/3376/2269
f 3377/3377/2289 3376/3376/2269 3374/3374/2287
f 3376/3376/2269 3377/3377/2289 3378/3378/2267
f 3379/3379/2290 3378/3378/2267 3377/3377/2289
f 3378/3378/2267 3379/3379/2290 3380/3380/2291
f 3381/3381/2292 3380/3380/2291 3379/3379/2290
f 3380/3380/2291 3381/3381/2292 3382/3382/2293
f 3383/3383/2294 3382/3382/2293 3381/3381/2292
f 3382/3382/2293 3383/3383/2294 3384/3384/2265
f 3385/3385/2295 3384/3384/2265 3383/3383/2294
f 3384/3384/2265 3385/3385/2295 3386/3386/2263
f 3387/3387/2296 3386/3386/2263 3385/3385/2295
f 3387/3387/2296 3388/3388/2297 3386/3386/2263
f 3389/3389/2298 3386/3386/2263 3388/3388/2297
f 3389/3389/2298 3388/3388/2297 3390/3390/2299
f 3391/3391/2300 3390/3390/2299 3388/3388/2297
f 3390/3390/2299 3391/3391/2300 3392/3392/2273
f 3393/3393/2301 3392/3392/2273 3391/3391/2300
f 3394/3394/2264 3395/3395/2263 3396/3396/2302
f 3397/3397/2298 3396/3396/2302 3395/3395/2263
f 3396/3396/2302 3398/3398/2303 3394/3394/2264
f 3399/3399/2266 3394/3394/2264 3398/3398/2303
f 3398/3398/2303 3400/3400/2293 3399/3399/2266
f 3401/3401/2304 3399/3399/2266 3400/3400/2293
f 3402/3402/2268 3403/3403/2267 3404/3404/2305
f 3405/3405/2291 3404/3404/2305 3403/3403/2267
f 3404/3404/2305 3406/3406/2306 3402/3402/2268
f 3407/3407/2270 3402/3402/2268 3406/3406/2306
f 3406/3406/2306 3408/3408/2307 3407/3407/2270
f 3409/3409/2308 3407/3407/2270 3408/3408/2307
f 3410/3410/2299 3411/3411/2258 3412/3412/2298
f 3413/3413/2302 3412/3412/2298 3411/3411/2258
f 3413/3413/2302 3411/3411/2258 3414/3414/2309
f 3415/3415/2310 3414/3414/2309 3411/3411/2258
f 3414/3414/2309 3415/3415/2310 3416/3416/2305
f 3416/3416/2305 3415/3415/2310 3417/3417/2311
f 3418/3418/2312 3417/3417/2311 3415/3415/2310
f 3415/3415/2310 3419/3419/2254 3418/3418/2312
f 3420/3420/2283 3418/3418/2312 3419/3419/2254
f 3420/3420/2283 3419/3419/2254 3421/3421/2313
f 3422/3422/2261 3421/3421/2313 3419/3419/2254
f 3417/3417/2311 3418/3418/2312 3423/3423/2314
f 3424/3424/2285 3423/3423/2314 3418/3418/2312
f 3416/3416/2305 3425/3425/2291 3414/3414/2309
f 3426/3426/2293 3414/3414/2309 3425/3425/2291
f 3370/3370/2283 3427/3427/2315 3368/3368/2281
f 3428/3428/2316 3368/3368/2281 3427/3427/2315
f 3429/3429/2277 3430/3430/2317 3431/3431/2318
f 3432/3432/2319 3431/3431/2318 3430/3430/2317
f 3430/3430/2317 3433/3433/2320 3432/3432/2319
f 3434/3434/2321 3432/3432/2319 3433/3433/2320
f 3434/3434/2321 3433/3433/2320 3435/3435/2300
f 3436/3436/2271 3435/3435/2300 3433/3433/2320
f 3431/3431/2318 3437/3437/2322 3429/3429/2277
f 3438/3438/2323 3429/3429/2277 3437/3437/2322
f 3439/3439/2324 3440/3440/2325 3441/3441/2295
f 3442/3442/2296 3441/3441/2295 3440/3440/2325
f 3443/3443/2326 3444/3444/2327 3445/3445/2328
f 3446/3446/2290 3445/3445/2328 3444/3444/2327
f 3447/3447/2325 3448/3448/2329 3449/3449/2330
f 3450/3450/2297 3449/3449/2330 3448/3448/2329
f 3448/3448/2329 3447/3447/2325 3451/3451/2331
f 3452/3452/2332 3451/3451/2331 3447/3447/2325
f 3451/3451/2331 3452/3452/2332 3453/3453/2333
f 3454/3454/2334 3453/3453/2333 3452/3452/2332
f 3455/3455/2292 3456/3456/2290 3457/3457/2335
f 3458/3458/2327 3457/3457/2335 3456/3456/2290
f 3457/3457/2335 3458/3458/2327 3459/3459/2336
f 3460/3460/2326 3459/3459/2336 3458/3458/2327
f 3459/3459/2336 3460/3460/2326 3461/3461/2337
f 3462/3462/2338 3461/3461/2337 3460/3460/2326
f 3463/3463/2300 3464/3464/2297 3465/3465/2321
f 3466/3466/2329 3465/3465/2321 3464/3464/2297
f 3466/3466/2329 3467/3467/2331 3465/3465/2321
f 3468/3468/2319 3465/3465/2321 3467/3467/2331
f 3467/3467/2331 3469/3469/2335 3468/3468/2319
f 3469/3469/2335 3470/3470/2336 3468/3468/2319
f 3471/3471/2282 3468/3468/2319 3470/3470/2336
f 3470/3470/2336 3472/3472/2337 3471/3471/2282
f 3473/3473/2339 3471/3471/2282 3472/3472/2337
f 3469/3469/2335 3467/3467/2331 3474/3474/2292
f 3475/3475/2340 3474/3474/2292 3467/3467/2331
f 3468/3468/2319 3471/3471/2282 3476/3476/2318
f 3477/3477/2281 3476/3476/2318 3471/3471/2282
f 3477/3477/2281 3478/3478/2316 3476/3476/2318
f 3479/3479/2322 3476/3476/2318 3478/3478/2316
f 3480/3480/2341 3481/3481/2341 3482/3482/2341
f 3483/3483/2342 3484/3484/2342 3485/3485/2342
f 3486/3486/2343 3487/3487/2343 3488/3488/2343
f 3489/3489/2344 3490/3490/2344 3491/3491/2344
f 3492/3492/2345 3493/3493/2345 3494/3494/2345
f 3495/3495/2346 3496/3496/2347 3497/3497/2348
f 3498/3498/2349 3497/3497/2348 3496/3496/2347
f 3496/3496/2347 3499/3499/2350 3498/3498/2349
f 3500/3500/2351 3498/3498/2349 3499/3499/2350
f 3501/3501/2352 3502/3502/2353 3503/3503/2354
f 3504/3504/2355 3503/3503/2354 3502/3502/2353
f 3505/3505/2356 3506/3506/2357 3507/3507/2350
f 3508/3508/2358 3507/3507/2350 3506/3506/2357
f 3506/3506/2357 3505/3505/2356 3509/3509/2359
f 3505/3505/2356 3510/3510/2346 3509/3509/2359
f 3509/3509/2359 3510/3510/2346 3511/3511/2360
f 3511/3511/2360 3512/3512/2361 3509/3509/2359
f 3513/3513/2362 3509/3509/2359 3512/3512/2361
f 3511/3511/2360 3510/3510/2346 3514/3514/2363
f 3510/3510/2346 3515/3515/2364 3514/3514/2363
f 3516/3516/2365 3514/3514/2363 3515/3515/2364
f 3516/3516/2365 3517/3517/2366 3514/3514/2363
f 3518/3518/2367 3514/3514/2363 3517/3517/2366
f 3519/3519/2368 3520/3520/2369 3521/3521/2370
f 3522/3522/2371 3521/3521/2370 3520/3520/2369
f 3523/3523/2372 3524/3524/2373 3525/3525/2374
f 3526/3526/2375 3525/3525/2374 3524/3524/2373
f 3525/3525/2374 3526/3526/2375 3527/3527/2376
f 3528/3528/2377 3527/3527/2376 3526/3526/2375
f 3523/3523/2372 3529/3529/2350 3524/3524/2373
f 3530/3530/2378 3524/3524/2373 3529/3529/2350
f 3529/3529/2350 3531/3531/2358 3530/3530/2378
f 3532/3532/2379 3530/3530/2378 3531/3531/2358
f 3531/3531/2358 3533/3533/2355 3532/3532/2379
f 3534/3534/2380 3532/3532/2379 3533/3533/2355
f 3533/3533/2355 3535/3535/2353 3534/3534/2380
f 3536/3536/2381 3534/3534/2380 3535/3535/2353
f 3536/3536/2381 3535/3535/2353 3537/3537/2382
f 3538/3538/2362 3537/3537/2382 3535/3535/2353
f 3538/3538/2362 3539/3539/2361 3537/3537/2382
f 3540/3540/2383 3537/3537/2382 3539/3539/2361
f 3539/3539/2361 3541/3541/2384 3540/3540/2383
f 3542/3542/2385 3540/3540/2383 3541/3541/2384
f 3541/3541/2384 3543/3543/2369 3542/3542/2385
f 3544/3544/2386 3542/3542/2385 3543/3543/2369
f 3544/3544/2386 3543/3543/2369 3545/3545/2387
f 3546/3546/2388 3545/3545/2387 3543/3543/2369
f 3545/3545/2387 3546/3546/2388 3547/3547/2389
f 3548/3548/2390 3547/3547/2389 3546/3546/2388
f 3548/3548/2390 3549/3549/2391 3547/3547/2389
f 3550/3550/2392 3547/3547/2389 3549/3549/2391
f 3549/3549/2391 3551/3551/2393 3550/3550/2392
f 3552/3552/2394 3550/3550/2392 3551/3551/2393
f 3553/3553/2354 3554/3554/2355 3555/3555/2357
f 3556/3556/2358 3555/3555/2357 3554/3554/2355
f 3553/3553/2354 3555/3555/2357 3557/3557/2352
f 3558/3558/2359 3557/3557/2352 3555/3555/2357
f 3558/3558/2359 3559/3559/2395 3557/3557/2352
f 3560/3560/2353 3557/3557/2352 3559/3559/2395
f 3561/3561/2370 3562/3562/2384 3563/3563/2360
f 3564/3564/2396 3563/3563/2360 3562/3562/2384
f 3561/3561/2370 3563/3563/2360 3565/3565/2368
f 3566/3566/2397 3565/3565/2368 3563/3563/2360
f 3566/3566/2397 3567/3567/2388 3565/3565/2368
f 3568/3568/2398 3565/3565/2368 3567/3567/2388
f 3569/3569/2399 3570/3570/2377 3571/3571/2400
f 3572/3572/2401 3571/3571/2400 3570/3570/2377
f 3571/3571/2400 3572/3572/2401 3573/3573/2378
f 3574/3574/2373 3573/3573/2378 3572/3572/2401
f 3571/3571/2400 3575/3575/2402 3569/3569/2399
f 3571/3571/2400 3573/3573/2378 3575/3575/2402
f 3576/3576/2403 3569/3569/2399 3575/3575/2402
f 3577/3577/2404 3578/3578/2405 3579/3579/2406
f 3580/3580/2380 3579/3579/2406 3578/3578/2405
f 3581/3581/2402 3582/3582/2378 3583/3583/2407
f 3584/3584/2379 3583/3583/2407 3582/3582/2378
f 3581/3581/2402 3583/3583/2407 3585/3585/2408
f 3586/3586/2403 3581/3581/2402 3585/3585/2408
f 3586/3586/2403 3585/3585/2408 3587/3587/2409
f 3587/3587/2409 3585/3585/2408 3588/3588/2410
f 3589/3589/2382 3588/3588/2410 3585/3585/2408
f 3587/3587/2409 3590/3590/2411 3586/3586/2403
f 3586/3586/2403 3590/3590/2411 3591/3591/2412
f 3592/3592/2413 3591/3591/2412 3590/3590/2411
f 3592/3592/2413 3590/3590/2411 3593/3593/2414
f 3594/3594/2415 3593/3593/2414 3590/3590/2411
f 3595/3595/2416 3596/3596/2417 3597/3597/2418
f 3598/3598/2419 3597/3597/2418 3596/3596/2417
f 3599/3599/2405 3600/3600/2407 3601/3601/2420
f 3602/3602/2421 3601/3601/2420 3600/3600/2407
f 3599/3599/2405 3603/3603/2404 3600/3600/2407
f 3604/3604/2408 3600/3600/2407 3603/3603/2404
f 3604/3604/2408 3603/3603/2404 3605/3605/2382
f 3606/3606/2406 3605/3605/2382 3603/3603/2404
f 3607/3607/2417 3608/3608/2409 3609/3609/2385
f 3610/3610/2383 3609/3609/2385 3608/3608/2409
f 3607/3607/2417 3611/3611/2416 3608/3608/2409
f 3612/3612/2422 3608/3608/2409 3611/3611/2416
f 3612/3612/2422 3611/3611/2416 3613/3613/2415
f 3614/3614/2423 3613/3613/2415 3611/3611/2416
f 3615/3615/2424 3616/3616/2425 3617/3617/2426
f 3615/3615/2424 3618/3618/2427 3616/3616/2425
f 3619/3619/2428 3616/3616/2425 3618/3618/2427
f 3618/3618/2427 3615/3615/2424 3620/3620/2429
f 3621/3621/2430 3620/3620/2429 3615/3615/2424
f 3621/3621/2430 3615/3615/2424 3617/3617/2426
f 3622/3622/2431 3621/3621/2430 3617/3617/2426
f 3621/3621/2430 3622/3622/2431 3623/3623/2432
f 3624/3624/2433 3623/3623/2432 3622/3622/2431
f 3625/3625/2434 3623/3623/2432 3624/3624/2433
f 3624/3624/2433 3626/3626/2435 3625/3625/2434
f 3627/3627/2436 3625/3625/2434 3626/3626/2435
f 3626/3626/2435 3628/3628/2437 3627/3627/2436
f 3629/3629/2438 3627/3627/2436 3628/3628/2437
f 3628/3628/2437 3630/3630/2439 3629/3629/2438
f 3631/3631/2440 3629/3629/2438 3630/3630/2439
f 3632/3632/2441 3623/3623/2432 3625/3625/2434
f 3632/3632/2441 3633/3633/2442 3623/3623/2432
f 3633/3633/2442 3634/3634/2443 3623/3623/2432
f 3634/3634/2443 3635/3635/2444 3623/3623/2432
f 3636/3636/2445 3623/3623/2432 3635/3635/2444
f 3636/3636/2445 3635/3635/2444 3637/3637/2446
f 3638/3638/2447 3636/3636/2445 3637/3637/2446
f 3634/3634/2443 3633/3633/2442 3639/3639/2448
f 3640/3640/2449 3639/3639/2448 3633/3633/2442
f 3636/3636/2445 3638/3638/2447 3641/3641/2450
f 3642/3642/2451 3641/3641/2450 3638/3638/2447
f 3638/3638/2447 3643/3643/2452 3642/3642/2451
f 3643/3643/2452 3638/3638/2447 3637/3637/2446
f 3644/3644/2453 3642/3642/2451 3643/3643/2452
f 3639/3639/2448 3640/3640/2449 3645/3645/2454
f 3646/3646/2455 3645/3645/2454 3640/3640/2449
f 3645/3645/2454 3646/3646/2455 3647/3647/2456
f 3648/3648/2457 3647/3647/2456 3646/3646/2455
f 3649/3649/2458 3650/3650/2459 3651/3651/2460
f 3650/3650/2459 3652/3652/2461 3651/3651/2460
f 3652/3652/2461 3653/3653/2462 3651/3651/2460
f 3654/3654/2463 3649/3649/2458 3651/3651/2460
f 3655/3655/2464 3649/3649/2458 3654/3654/2463
f 3656/3656/2465 3654/3654/2463 3651/3651/2460
f 3657/3657/2466 3656/3656/2465 3651/3651/2460
f 3658/3658/2467 3657/3657/2466 3651/3651/2460
f 3659/3659/2468 3657/3657/2466 3658/3658/2467
f 3656/3656/2465 3660/3660/2469 3654/3654/2463
f 3661/3661/2470 3662/3662/2471 3663/3663/2472
f 3664/3664/2473 3663/3663/2472 3662/3662/2471
f 3661/3661/2470 3665/3665/2474 3662/3662/2471
f 3661/3661/2470 3666/3666/2475 3665/3665/2474
f 3667/3667/2437 3665/3665/2474 3666/3666/2475
f 3668/3668/2476 3662/3662/2471 3665/3665/2474
f 3664/3664/2473 3662/3662/2471 3669/3669/2431
f 3668/3668/2476 3669/3669/2431 3662/3662/2471
f 3663/3663/2472 3664/3664/2473 3670/3670/2426
f 3669/3669/2431 3670/3670/2426 3664/3664/2473
f 3663/3663/2472 3670/3670/2426 3671/3671/2477
f 3666/3666/2475 3661/3661/2470 3671/3671/2477
f 3663/3663/2472 3671/3671/2477 3661/3661/2470
f 3672/3672/2425 3671/3671/2477 3670/3670/2426
f 3672/3672/2425 3673/3673/2428 3671/3671/2477
f 3674/3674/2478 3671/3671/2477 3673/3673/2428
f 3671/3671/2477 3674/3674/2478 3666/3666/2475
f 3675/3675/2479 3666/3666/2475 3674/3674/2478
f 3675/3675/2479 3676/3676/2439 3666/3666/2475
f 3667/3667/2437 3666/3666/2475 3676/3676/2439
f 3677/3677/2480 3678/3678/2481 3679/3679/2482
f 3680/3680/2483 3679/3679/2482 3678/3678/2481
f 3679/3679/2482 3681/3681/2484 3677/3677/2480
f 3682/3682/2485 3677/3677/2480 3681/3681/2484
f 3681/3681/2484 3683/3683/2486 3682/3682/2485
f 3684/3684/2487 3682/3682/2485 3683/3683/2486
f 3677/3677/2480 3685/3685/2488 3678/3678/2481
f 3686/3686/2489 3678/3678/2481 3685/3685/2488
f 3684/3684/2487 3687/3687/2490 3682/3682/2485
f 3688/3688/2491 3682/3682/2485 3687/3687/2490
f 3685/3685/2488 3677/3677/2480 3688/3688/2491
f 3682/3682/2485 3688/3688/2491 3677/3677/2480
f 3689/3689/2492 3690/3690/2493 3691/3691/2458
f 3692/3692/2494 3691/3691/2458 3690/3690/2493
f 3692/3692/2494 3693/3693/2495 3691/3691/2458
f 3694/3694/2459 3691/3691/2458 3693/3693/2495
f 3694/3694/2459 3693/3693/2495 3695/3695/2461
f 3696/3696/2496 3695/3695/2461 3693/3693/2495
f 3696/3696/2496 3697/3697/2497 3695/3695/2461
f 3698/3698/2462 3695/3695/2461 3697/3697/2497
f 3698/3698/2462 3697/3697/2497 3699/3699/2498
f 3700/3700/2429 3699/3699/2498 3697/3697/2497
f 3701/3701/2434 3702/3702/2483 3703/3703/2441
f 3704/3704/2481 3703/3703/2441 3702/3702/2483
f 3701/3701/2434 3705/3705/2499 3702/3702/2483
f 3706/3706/2482 3702/3702/2483 3705/3705/2499
f 3706/3706/2482 3705/3705/2499 3707/3707/2500
f 3708/3708/2438 3707/3707/2500 3705/3705/2499
f 3707/3707/2500 3708/3708/2438 3709/3709/2501
f 3710/3710/2440 3709/3709/2501 3708/3708/2438
f 3704/3704/2481 3711/3711/2489 3703/3703/2441
f 3712/3712/2442 3703/3703/2441 3711/3711/2489
f 3712/3712/2442 3711/3711/2489 3713/3713/2502
f 3714/3714/2488 3713/3713/2502 3711/3711/2489
f 3714/3714/2488 3715/3715/2503 3713/3713/2502
f 3716/3716/2504 3713/3713/2502 3715/3715/2503
f 3715/3715/2503 3717/3717/2490 3716/3716/2504
f 3718/3718/2457 3716/3716/2504 3717/3717/2490
f 3719/3719/2432 3720/3720/2460 3721/3721/2430
f 3722/3722/2462 3721/3721/2430 3720/3720/2460
f 3720/3720/2460 3719/3719/2432 3723/3723/2505
f 3724/3724/2445 3723/3723/2505 3719/3719/2432
f 3725/3725/2506 3726/3726/2507 3727/3727/2508
f 3728/3728/2509 3727/3727/2508 3726/3726/2507
f 3725/3725/2506 3727/3727/2508 3729/3729/2448
f 3725/3725/2506 3729/3729/2448 3730/3730/2510
f 3731/3731/2454 3730/3730/2510 3729/3729/2448
f 3732/3732/2511 3729/3729/2448 3727/3727/2508
f 3728/3728/2509 3733/3733/2512 3727/3727/2508
f 3732/3732/2511 3727/3727/2508 3733/3733/2512
f 3726/3726/2507 3734/3734/2446 3728/3728/2509
f 3733/3733/2512 3728/3728/2509 3734/3734/2446
f 3726/3726/2507 3735/3735/2513 3734/3734/2446
f 3726/3726/2507 3725/3725/2506 3735/3735/2513
f 3730/3730/2510 3735/3735/2513 3725/3725/2506
f 3736/3736/2452 3734/3734/2446 3735/3735/2513
f 3736/3736/2452 3735/3735/2513 3737/3737/2453
f 3738/3738/2514 3737/3737/2453 3735/3735/2513
f 3735/3735/2513 3730/3730/2510 3738/3738/2514
f 3739/3739/2515 3738/3738/2514 3730/3730/2510
f 3731/3731/2454 3740/3740/2456 3730/3730/2510
f 3739/3739/2515 3730/3730/2510 3740/3740/2456
f 3741/3741/2516 3742/3742/2517 3743/3743/2465
f 3744/3744/2518 3743/3743/2465 3742/3742/2517
f 3741/3741/2516 3743/3743/2465 3745/3745/2519
f 3746/3746/2466 3745/3745/2519 3743/3743/2465
f 3746/3746/2466 3747/3747/2468 3745/3745/2519
f 3748/3748/2520 3745/3745/2519 3747/3747/2468
f 3748/3748/2520 3747/3747/2468 3749/3749/2521
f 3750/3750/2467 3749/3749/2521 3747/3747/2468
f 3750/3750/2467 3751/3751/2522 3749/3749/2521
f 3752/3752/2450 3749/3749/2521 3751/3751/2522
f 3753/3753/2523 3754/3754/2524 3755/3755/2525
f 3756/3756/2526 3755/3755/2525 3754/3754/2524
f 3755/3755/2525 3757/3757/2527 3753/3753/2523
f 3758/3758/2528 3753/3753/2523 3757/3757/2527
f 3758/3758/2528 3757/3757/2527 3759/3759/2529
f 3760/3760/2530 3759/3759/2529 3757/3757/2527
f 3754/3754/2524 3761/3761/2531 3756/3756/2526
f 3762/3762/2532 3756/3756/2526 3761/3761/2531
f 3763/3763/2533 3764/3764/2534 3765/3765/2535
f 3766/3766/2536 3765/3765/2535 3764/3764/2534
f 3767/3767/2537 3768/3768/2538 3769/3769/2539
f 3770/3770/2540 3769/3769/2539 3768/3768/2538
f 3771/3771/2541 3772/3772/2542 3773/3773/2543
f 3774/3774/2544 3773/3773/2543 3772/3772/2542
f 3772/3772/2542 3771/3771/2541 3775/3775/2545
f 3776/3776/2546 3775/3775/2545 3771/3771/2541
f 3776/3776/2546 3777/3777/2526 3775/3775/2545
f 3778/3778/2547 3775/3775/2545 3777/3777/2526
f 3779/3779/2547 3780/3780/2526 3781/3781/2548
f 3781/3781/2548 3780/3780/2526 3782/3782/2549
f 3782/3782/2549 3780/3780/2526 3783/3783/2550
f 3784/3784/2551 3785/3785/2552 3786/3786/2553
f 3787/3787/2554 3786/3786/2553 3785/3785/2552
f 3784/3784/2551 3788/3788/2555 3785/3785/2552
f 3789/3789/2556 3785/3785/2552 3788/3788/2555
f 3789/3789/2556 3788/3788/2555 3790/3790/2557
f 3791/3791/2558 3790/3790/2557 3788/3788/2555
f 3791/3791/2558 3792/3792/2539 3790/3790/2557
f 3793/3793/2559 3790/3790/2557 3792/3792/2539
f 3792/3792/2539 3794/3794/2540 3793/3793/2559
f 3795/3795/2560 3793/3793/2559 3794/3794/2540
f 3794/3794/2540 3796/3796/2561 3795/3795/2560
f 3797/3797/2562 3795/3795/2560 3796/3796/2561
f 3796/3796/2561 3798/3798/2563 3797/3797/2562
f 3799/3799/2564 3797/3797/2562 3798/3798/2563
f 3798/3798/2563 3800/3800/2535 3799/3799/2564
f 3801/3801/2565 3799/3799/2564 3800/3800/2535
f 3800/3800/2535 3802/3802/2536 3801/3801/2565
f 3803/3803/2566 3801/3801/2565 3802/3802/2536
f 3803/3803/2566 3802/3802/2536 3804/3804/2567
f 3805/3805/2568 3804/3804/2567 3802/3802/2536
f 3805/3805/2568 3806/3806/2569 3804/3804/2567
f 3807/3807/2570 3804/3804/2567 3806/3806/2569
f 3806/3806/2569 3808/3808/2543 3807/3807/2570
f 3809/3809/2571 3807/3807/2570 3808/3808/2543
f 3810/3810/2568 3811/3811/2536 3812/3812/2572
f 3813/3813/2534 3812/3812/2572 3811/3811/2536
f 3812/3812/2572 3813/3813/2534 3814/3814/2573
f 3815/3815/2533 3814/3814/2573 3813/3813/2534
f 3814/3814/2573 3815/3815/2533 3816/3816/2563
f 3817/3817/2574 3816/3816/2563 3815/3815/2533
f 3818/3818/2561 3819/3819/2540 3820/3820/2575
f 3821/3821/2538 3820/3820/2575 3819/3819/2540
f 3820/3820/2575 3821/3821/2538 3822/3822/2576
f 3823/3823/2537 3822/3822/2576 3821/3821/2538
f 3822/3822/2576 3823/3823/2537 3824/3824/2577
f 3825/3825/2578 3824/3824/2577 3823/3823/2537
f 3826/3826/2572 3827/3827/2528 3828/3828/2568
f 3829/3829/2569 3828/3828/2568 3827/3827/2528
f 3826/3826/2572 3830/3830/2579 3827/3827/2528
f 3831/3831/2580 3827/3827/2528 3830/3830/2579
f 3831/3831/2580 3830/3830/2579 3832/3832/2575
f 3832/3832/2575 3833/3833/2581 3831/3831/2580
f 3834/3834/2551 3831/3831/2580 3833/3833/2581
f 3831/3831/2580 3834/3834/2551 3835/3835/2524
f 3836/3836/2553 3835/3835/2524 3834/3834/2551
f 3836/3836/2553 3837/3837/2582 3835/3835/2524
f 3838/3838/2531 3835/3835/2524 3837/3837/2582
f 3833/3833/2581 3839/3839/2583 3834/3834/2551
f 3840/3840/2584 3834/3834/2551 3839/3839/2583
f 3832/3832/2575 3830/3830/2579 3841/3841/2561
f 3842/3842/2563 3841/3841/2561 3830/3830/2579
f 3843/3843/2585 3844/3844/2586 3787/3787/2554
f 3786/3786/2553 3787/3787/2554 3844/3844/2586
f 3845/3845/2587 3846/3846/2588 3847/3847/2589
f 3848/3848/2547 3847/3847/2589 3846/3846/2588
f 3846/3846/2588 3845/3845/2587 3849/3849/2590
f 3850/3850/2591 3849/3849/2590 3845/3845/2587
f 3850/3850/2591 3851/3851/2592 3849/3849/2590
f 3852/3852/2544 3849/3849/2590 3851/3851/2592
f 3847/3847/2589 3848/3848/2547 3853/3853/2593
f 3854/3854/2594 3853/3853/2593 3848/3848/2547
f 3855/3855/2566 3856/3856/2595 3857/3857/2565
f 3858/3858/2596 3857/3857/2565 3856/3856/2595
f 3859/3859/2560 3860/3860/2597 3861/3861/2598
f 3862/3862/2599 3861/3861/2598 3860/3860/2597
f 3863/3863/2567 3864/3864/2600 3865/3865/2601
f 3866/3866/2595 3865/3865/2601 3864/3864/2600
f 3864/3864/2600 3867/3867/2602 3866/3866/2595
f 3868/3868/2603 3866/3866/2595 3867/3867/2602
f 3867/3867/2602 3869/3869/2604 3868/3868/2603
f 3870/3870/2605 3868/3868/2603 3869/3869/2604
f 3871/3871/2597 3872/3872/2560 3873/3873/2606
f 3874/3874/2562 3873/3873/2606 3872/3872/2560
f 3873/3873/2606 3875/3875/2607 3871/3871/2597
f 3876/3876/2599 3871/3871/2597 3875/3875/2607
f 3875/3875/2607 3877/3877/2608 3876/3876/2599
f 3878/3878/2609 3876/3876/2599 3877/3877/2608
f 3879/3879/2600 3880/3880/2567 3881/3881/2591
f 3882/3882/2592 3881/3881/2591 3880/3880/2567
f 3879/3879/2600 3881/3881/2591 3883/3883/2602
f 3884/3884/2587 3883/3883/2602 3881/3881/2591
f 3885/3885/2606 3883/3883/2602 3884/3884/2587
f 3885/3885/2606 3884/3884/2587 3886/3886/2607
f 3887/3887/2552 3886/3886/2607 3884/3884/2587
f 3886/3886/2607 3887/3887/2552 3888/3888/2608
f 3889/3889/2610 3888/3888/2608 3887/3887/2552
f 3885/3885/2606 3890/3890/2562 3883/3883/2602
f 3891/3891/2611 3883/3883/2602 3890/3890/2562
f 3884/3884/2587 3892/3892/2589 3887/3887/2552
f 3893/3893/2554 3887/3887/2552 3892/3892/2589
f 3893/3893/2554 3892/3892/2589 3894/3894/2585
f 3895/3895/2593 3894/3894/2585 3892/3892/2589
f 3896/3896/2612 3897/3897/2612 3898/3898/2612
f 3899/3899/2613 3900/3900/2613 3901/3901/2613
f 3902/3902/2614 3903/3903/2614 3904/3904/2614
f 3905/3905/2615 3906/3906/2615 3907/3907/2615
f 3908/3908/2616 3909/3909/2616 3910/3910/2616
f 3911/3911/2617 3912/3912/2618 3913/3913/2619
f 3914/3914/2620 3913/3913/2619 3912/3912/2618
f 3912/3912/2618 3911/3911/2617 3915/3915/2621
f 3916/3916/2622 3915/3915/2621 3911/3911/2617
f 3917/3917/2623 3918/3918/2624 3919/3919/2625
f 3920/3920/2626 3919/3919/2625 3918/3918/2624
f 3921/3921/2627 3922/3922/2628 3923/3923/2621
f 3924/3924/2629 3923/3923/2621 3922/3922/2628
f 3924/3924/2629 3922/3922/2628 3925/3925/2630
f 3926/3926/2620 3924/3924/2629 3925/3925/2630
f 3926/3926/2620 3925/3925/2630 3927/3927/2631
f 3927/3927/2631 3925/3925/2630 3928/3928/2632
f 3929/3929/2633 3928/3928/2632 3925/3925/2630
f 3926/3926/2620 3927/3927/2631 3930/3930/2634
f 3926/3926/2620 3930/3930/2634 3931/3931/2635
f 3932/3932/2636 3931/3931/2635 3930/3930/2634
f 3932/3932/2636 3930/3930/2634 3933/3933/2637
f 3934/3934/2638 3933/3933/2637 3930/3930/2634
f 3935/3935/2639 3936/3936/2640 3937/3937/2641
f 3938/3938/2642 3937/3937/2641 3936/3936/2640
f 3939/3939/2643 3940/3940/2644 3941/3941/2645
f 3942/3942/2646 3941/3941/2645 3940/3940/2644
f 3941/3941/2645 3943/3943/2647 3939/3939/2643
f 3944/3944/2648 3939/3939/2643 3943/3943/2647
f 3942/3942/2646 3940/3940/2644 3945/3945/2621
f 3946/3946/2649 3945/3945/2621 3940/3940/2644
f 3945/3945/2621 3946/3946/2649 3947/3947/2627
f 3948/3948/2650 3947/3947/2627 3946/3946/2649
f 3947/3947/2627 3948/3948/2650 3949/3949/2623
f 3950/3950/2651 3949/3949/2623 3948/3948/2650
f 3949/3949/2623 3950/3950/2651 3951/3951/2624
f 3952/3952/2652 3951/3951/2624 3950/3950/2651
f 3952/3952/2652 3953/3953/2653 3951/3951/2624
f 3954/3954/2633 3951/3951/2624 3953/3953/2653
f 3954/3954/2633 3953/3953/2653 3955/3955/2632
f 3956/3956/2654 3955/3955/2632 3953/3953/2653
f 3955/3955/2632 3956/3956/2654 3957/3957/2655
f 3958/3958/2656 3957/3957/2655 3956/3956/2654
f 3957/3957/2655 3958/3958/2656 3959/3959/2640
f 3960/3960/2657 3959/3959/2640 3958/3958/2656
f 3960/3960/2657 3961/3961/2658 3959/3959/2640
f 3962/3962/2659 3959/3959/2640 3961/3961/2658
f 3961/3961/2658 3963/3963/2660 3962/3962/2659
f 3964/3964/2661 3962/3962/2659 3963/3963/2660
f 3964/3964/2661 3963/3963/2660 3965/3965/2662
f 3966/3966/2663 3965/3965/2662 3963/3963/2660
f 3965/3965/2662 3966/3966/2663 3967/3967/2664
f 3968/3968/2665 3967/3967/2664 3966/3966/2663
f 3969/3969/2627 3970/3970/2623 3971/3971/2628
f 3972/3972/2625 3971/3971/2628 3970/3970/2623
f 3972/3972/2625 3973/3973/2666 3971/3971/2628
f 3974/3974/2630 3971/3971/2628 3973/3973/2666
f 3974/3974/2630 3973/3973/2666 3975/3975/2667
f 3976/3976/2624 3975/3975/2667 3973/3973/2666
f 3977/3977/2668 3978/3978/2655 3979/3979/2631
f 3980/3980/2641 3979/3979/2631 3978/3978/2655
f 3980/3980/2641 3981/3981/2642 3979/3979/2631
f 3982/3982/2669 3979/3979/2631 3981/3981/2642
f 3982/3982/2669 3981/3981/2642 3983/3983/2659
f 3984/3984/2670 3983/3983/2659 3981/3981/2642
f 3985/3985/2671 3986/3986/2648 3987/3987/2672
f 3988/3988/2673 3987/3987/2672 3986/3986/2648
f 3987/3987/2672 3989/3989/2649 3985/3985/2671
f 3990/3990/2644 3985/3985/2671 3989/3989/2649
f 3987/3987/2672 3988/3988/2673 3991/3991/2674
f 3989/3989/2649 3987/3987/2672 3991/3991/2674
f 3992/3992/2675 3991/3991/2674 3988/3988/2673
f 3993/3993/2651 3994/3994/2676 3995/3995/2677
f 3996/3996/2678 3995/3995/2677 3994/3994/2676
f 3997/3997/2650 3998/3998/2649 3999/3999/2679
f 4000/4000/2674 3999/3999/2679 3998/3998/2649
f 3999/3999/2679 4000/4000/2674 4001/4001/2680
f 4000/4000/2674 4002/4002/2675 4001/4001/2680
f 4001/4001/2680 4002/4002/2675 4003/4003/2681
f 4003/4003/2681 4004/4004/2682 4001/4001/2680
f 4005/4005/2653 4001/4001/2680 4004/4004/2682
f 4006/4006/2683 4003/4003/2681 4002/4002/2675
f 4002/4002/2675 4007/4007/2684 4006/4006/2683
f 4008/4008/2663 4006/4006/2683 4007/4007/2684
f 4008/4008/2663 4009/4009/2685 4006/4006/2683
f 4010/4010/2686 4006/4006/2683 4009/4009/2685
f 4011/4011/2687 4012/4012/2688 4013/4013/2689
f 4014/4014/2690 4013/4013/2689 4012/4012/2688
f 4015/4015/2691 4016/4016/2679 4017/4017/2692
f 4018/4018/2676 4017/4017/2692 4016/4016/2679
f 4018/4018/2676 4016/4016/2679 4019/4019/2678
f 4020/4020/2680 4019/4019/2678 4016/4016/2679
f 4020/4020/2680 4021/4021/2653 4019/4019/2678
f 4022/4022/2677 4019/4019/2678 4021/4021/2653
f 4023/4023/2654 4024/4024/2681 4025/4025/2656
f 4026/4026/2688 4025/4025/2656 4024/4024/2681
f 4026/4026/2688 4024/4024/2681 4027/4027/2690
f 4028/4028/2693 4027/4027/2690 4024/4024/2681
f 4028/4028/2693 4029/4029/2686 4027/4027/2690
f 4030/4030/2694 4027/4027/2690 4029/4029/2686
f 4031/4031/2695 4032/4032/2696 4033/4033/2697
f 4032/4032/2696 4031/4031/2695 4034/4034/2427
f 4035/4035/2428 4034/4034/2427 4031/4031/2695
f 4034/4034/2427 4036/4036/2429 4032/4032/2696
f 4037/4037/2698 4032/4032/2696 4036/4036/2429
f 4032/4032/2696 4037/4037/2698 4033/4033/2697
f 4037/4037/2698 4038/4038/2699 4033/4033/2697
f 4037/4037/2698 4039/4039/2700 4038/4038/2699
f 4040/4040/2701 4038/4038/2699 4039/4039/2700
f 4039/4039/2700 4041/4041/2702 4040/4040/2701
f 4040/4040/2701 4041/4041/2702 4042/4042/2703
f 4043/4043/2704 4042/4042/2703 4041/4041/2702
f 4042/4042/2703 4043/4043/2704 4044/4044/2705
f 4045/4045/2706 4044/4044/2705 4043/4043/2704
f 4044/4044/2705 4045/4045/2706 4046/4046/2439
f 4047/4047/2440 4046/4046/2439 4045/4045/2706
f 4039/4039/2700 4048/4048/2707 4041/4041/2702
f 4049/4049/2708 4048/4048/2707 4039/4039/2700
f 4050/4050/2709 4049/4049/2708 4039/4039/2700
f 4050/4050/2709 4039/4039/2700 4051/4051/2710
f 4052/4052/2711 4051/4051/2710 4039/4039/2700
f 4051/4051/2710 4052/4052/2711 4053/4053/2712
f 4052/4052/2711 4054/4054/2713 4053/4053/2712
f 4050/4050/2709 4055/4055/2714 4049/4049/2708
f 4056/4056/2715 4049/4049/2708 4055/4055/2714
f 4052/4052/2711 4057/4057/2450 4054/4054/2713
f 4058/4058/2451 4054/4054/2713 4057/4057/2450
f 4054/4054/2713 4058/4058/2451 4059/4059/2716
f 4054/4054/2713 4059/4059/2716 4053/4053/2712
f 4060/4060/2453 4059/4059/2716 4058/4058/2451
f 4055/4055/2714 4061/4061/2717 4056/4056/2715
f 4062/4062/2718 4056/4056/2715 4061/4061/2717
f 4061/4061/2717 4063/4063/2456 4062/4062/2718
f 4064/4064/2457 4062/4062/2718 4063/4063/2456
f 4065/4065/2719 4066/4066/2720 4067/4067/2721
f 4066/4066/2720 4068/4068/2722 4067/4067/2721
f 4068/4068/2722 4069/4069/2723 4067/4067/2721
f 4069/4069/2723 4070/4070/2724 4067/4067/2721
f 4069/4069/2723 4071/4071/2725 4070/4070/2724
f 4070/4070/2724 4072/4072/2726 4067/4067/2721
f 4072/4072/2726 4073/4073/2727 4067/4067/2721
f 4073/4073/2727 4074/4074/2728 4067/4067/2721
f 4075/4075/2729 4074/4074/2728 4073/4073/2727
f 4076/4076/2730 4072/4072/2726 4070/4070/2724
f 4077/4077/2731 4078/4078/2732 4079/4079/2733
f 4080/4080/2734 4079/4079/2733 4078/4078/2732
f 4080/4080/2734 4078/4078/2732 4081/4081/2735
f 4080/4080/2734 4081/4081/2735 4082/4082/2736
f 4083/4083/2705 4082/4082/2736 4081/4081/2735
f 4084/4084/2737 4081/4081/2735 4078/4078/2732
f 4084/4084/2737 4078/4078/2732 4085/4085/2699
f 4077/4077/2731 4085/4085/2699 4078/4078/2732
f 4085/4085/2699 4077/4077/2731 4086/4086/2697
f 4079/4079/2733 4086/4086/2697 4077/4077/2731
f 4079/4079/2733 4087/4087/2738 4086/4086/2697
f 4079/4079/2733 4080/4080/2734 4087/4087/2738
f 4082/4082/2736 4087/4087/2738 4080/4080/2734
f 4088/4088/2695 4086/4086/2697 4087/4087/2738
f 4088/4088/2695 4087/4087/2738 4089/4089/2428
f 4090/4090/2739 4089/4089/2428 4087/4087/2738
f 4087/4087/2738 4082/4082/2736 4090/4090/2739
f 4091/4091/2479 4090/4090/2739 4082/4082/2736
f 4083/4083/2705 4092/4092/2439 4082/4082/2736
f 4091/4091/2479 4082/4082/2736 4092/4092/2439
f 4093/4093/2740 4094/4094/2741 4095/4095/2742
f 4096/4096/2743 4095/4095/2742 4094/4094/2741
f 4095/4095/2742 4096/4096/2743 4097/4097/2744
f 4098/4098/2745 4097/4097/2744 4096/4096/2743
f 4097/4097/2744 4098/4098/2745 4099/4099/2486
f 4100/4100/2487 4099/4099/2486 4098/4098/2745
f 4096/4096/2743 4094/4094/2741 4101/4101/2746
f 4102/4102/2747 4101/4101/2746 4094/4094/2741
f 4100/4100/2487 4098/4098/2745 4103/4103/2490
f 4104/4104/2748 4103/4103/2490 4098/4098/2745
f 4098/4098/2745 4096/4096/2743 4104/4104/2748
f 4101/4101/2746 4104/4104/2748 4096/4096/2743
f 4105/4105/2494 4106/4106/2493 4107/4107/2723
f 4108/4108/2749 4107/4107/2723 4106/4106/2493
f 4105/4105/2494 4107/4107/2723 4109/4109/2495
f 4110/4110/2722 4109/4109/2495 4107/4107/2723
f 4110/4110/2722 4111/4111/2720 4109/4109/2495
f 4112/4112/2496 4109/4109/2495 4111/4111/2720
f 4112/4112/2496 4111/4111/2720 4113/4113/2497
f 4114/4114/2719 4113/4113/2497 4111/4111/2720
f 4114/4114/2719 4115/4115/2750 4113/4113/2497
f 4116/4116/2429 4113/4113/2497 4115/4115/2750
f 4117/4117/2741 4118/4118/2740 4119/4119/2751
f 4120/4120/2702 4119/4119/2751 4118/4118/2740
f 4120/4120/2702 4118/4118/2740 4121/4121/2752
f 4122/4122/2742 4121/4121/2752 4118/4118/2740
f 4122/4122/2742 4123/4123/2753 4121/4121/2752
f 4124/4124/2706 4121/4121/2752 4123/4123/2753
f 4123/4123/2753 4125/4125/2501 4124/4124/2706
f 4126/4126/2440 4124/4124/2706 4125/4125/2501
f 4117/4117/2741 4119/4119/2751 4127/4127/2747
f 4128/4128/2708 4127/4127/2747 4119/4119/2751
f 4128/4128/2708 4129/4129/2754 4127/4127/2747
f 4130/4130/2746 4127/4127/2747 4129/4129/2754
f 4130/4130/2746 4129/4129/2754 4131/4131/2755
f 4132/4132/2756 4131/4131/2755 4129/4129/2754
f 4131/4131/2755 4132/4132/2756 4133/4133/2490
f 4134/4134/2457 4133/4133/2490 4132/4132/2756
f 4135/4135/2719 4136/4136/2721 4137/4137/2698
f 4138/4138/2700 4137/4137/2698 4136/4136/2721
f 4136/4136/2721 4139/4139/2757 4138/4138/2700
f 4140/4140/2711 4138/4138/2700 4139/4139/2757
f 4141/4141/2758 4142/4142/2759 4143/4143/2760
f 4144/4144/2761 4143/4143/2760 4142/4142/2759
f 4144/4144/2761 4145/4145/2714 4143/4143/2760
f 4144/4144/2761 4146/4146/2762 4145/4145/2714
f 4147/4147/2717 4145/4145/2714 4146/4146/2762
f 4148/4148/2763 4143/4143/2760 4145/4145/2714
f 4148/4148/2763 4149/4149/2764 4143/4143/2760
f 4141/4141/2758 4143/4143/2760 4149/4149/2764
f 4149/4149/2764 4150/4150/2712 4141/4141/2758
f 4142/4142/2759 4141/4141/2758 4150/4150/2712
f 4142/4142/2759 4150/4150/2712 4151/4151/2765
f 4146/4146/2762 4144/4144/2761 4151/4151/2765
f 4142/4142/2759 4151/4151/2765 4144/4144/2761
f 4152/4152/2716 4151/4151/2765 4150/4150/2712
f 4152/4152/2716 4153/4153/2766 4151/4151/2765
f 4154/4154/2767 4151/4151/2765 4153/4153/2766
f 4151/4151/2765 4154/4154/2767 4146/4146/2762
f 4155/4155/2515 4146/4146/2762 4154/4154/2767
f 4155/4155/2515 4156/4156/2456 4146/4146/2762
f 4147/4147/2717 4146/4146/2762 4156/4156/2456
f 4157/4157/2768 4158/4158/2517 4159/4159/2726
f 4160/4160/2516 4159/4159/2726 4158/4158/2517
f 4160/4160/2516 4161/4161/2519 4159/4159/2726
f 4162/4162/2727 4159/4159/2726 4161/4161/2519
f 4162/4162/2727 4161/4161/2519 4163/4163/2729
f 4164/4164/2520 4163/4163/2729 4161/4161/2519
f 4164/4164/2520 4165/4165/2521 4163/4163/2729
f 4166/4166/2728 4163/4163/2729 4165/4165/2521
f 4166/4166/2728 4165/4165/2521 4167/4167/2769
f 4168/4168/2450 4167/4167/2769 4165/4165/2521
o BS059_CopyX_HandMesh_L
v 0.346247 1.213851 0.026358
v 0.339635 1.217627 0.022039
v 0.326241 1.207741 0.017868
v 0.357716 1.242460 0.035919
v 0.341655 1.242851 0.029673
v 0.338081 1.265935 0.020942
v 0.343705 1.242859 -0.011887
v 0.335310 1.275464 -0.016364
v 0.325503 1.271010 0.018224
v 0.321001 1.276218 -0.016205
v 0.322034 1.269404 -0.051157
v 0.336988 1.268041 -0.050295
v 0.322069 1.241256 -0.060538
v 0.337090 1.241129 -0.059126
v 0.336791 1.214589 -0.050623
v 0.321992 1.213397 -0.051429
v 0.336981 1.203559 -0.016534
v 0.322408 1.202340 -0.015922
v 0.345569 1.269868 0.024225
v 0.321001 1.276218 -0.016205
v 0.325503 1.271010 0.018224
v 0.322848 1.286753 -0.016927
v 0.326732 1.280796 0.022398
v 0.346857 1.296647 0.021651
v 0.342995 1.302371 -0.017944
v 0.406582 1.305345 -0.017984
v 0.406284 1.285322 0.032383
v 0.348979 1.277713 0.033626
v 0.364644 1.242873 0.046903
v 0.357716 1.242460 0.035919
v 0.345569 1.269868 0.024225
v 0.406211 1.241894 0.050497
v 0.458923 1.273959 0.022861
v 0.458939 1.288604 -0.017984
v 0.459232 1.241290 0.036297
v 0.510179 1.272547 0.019230
v 0.510372 1.284871 -0.017984
v 0.510260 1.241243 0.030060
v 0.350274 1.205262 0.035272
v 0.346247 1.213851 0.026358
v 0.409373 1.196263 0.032119
v 0.350528 1.189816 0.022150
v 0.410302 1.178002 -0.018755
v 0.348187 1.182940 -0.017558
v 0.458894 1.208085 0.021083
v 0.458215 1.193396 -0.017984
v 0.510576 1.212250 0.018156
v 0.511771 1.200571 -0.017947
v 0.324732 1.193353 -0.016495
v 0.329988 1.198532 0.023241
v 0.326241 1.207741 0.017868
v 0.322408 1.202340 -0.015922
v 0.516039 1.184451 -0.017984
v 0.516098 1.200800 0.029252
v 0.516247 1.241846 0.046063
v 0.516562 1.280210 0.030817
v 0.516393 1.295486 -0.017984
v 0.570279 1.294412 -0.017984
v 0.570040 1.280211 0.030817
v 0.579750 1.272241 0.018331
v 0.579691 1.283621 -0.017984
v 0.579740 1.241616 0.031432
v 0.569897 1.240986 0.046063
v 0.579624 1.209630 0.018331
v 0.569749 1.199940 0.029252
v 0.569689 1.183590 -0.017984
v 0.579578 1.196890 -0.017984
v 0.510153 1.272993 -0.054294
v 0.459726 1.274156 -0.058628
v 0.406111 1.287564 -0.069703
v 0.351028 1.289563 -0.068168
v 0.354273 1.243552 -0.085089
v 0.407590 1.241803 -0.085632
v 0.459232 1.241290 -0.071499
v 0.509864 1.241869 -0.067791
v 0.352051 1.199230 -0.070254
v 0.408840 1.195439 -0.068174
v 0.410302 1.178002 -0.018755
v 0.348187 1.182940 -0.017558
v 0.458582 1.207567 -0.057294
v 0.458215 1.193396 -0.017984
v 0.510335 1.211845 -0.054280
v 0.511771 1.200571 -0.017947
v 0.516039 1.184451 -0.017984
v 0.516098 1.200800 -0.065463
v 0.516247 1.241846 -0.083055
v 0.516403 1.281067 -0.066902
v 0.570040 1.280211 -0.067028
v 0.579750 1.272241 -0.054543
v 0.579740 1.241616 -0.068424
v 0.569897 1.240986 -0.083055
v 0.579624 1.209630 -0.054543
v 0.569749 1.199940 -0.065463
v 0.569689 1.183590 -0.017984
v 0.579578 1.196890 -0.017984
v 0.579740 1.241616 -0.017984
v 0.579691 1.283621 -0.017984
v 0.579750 1.272241 0.018331
v 0.579740 1.241616 0.031432
v 0.579624 1.209630 0.018331
v 0.579578 1.196890 -0.017984
v 0.579750 1.272241 -0.054543
v 0.579740 1.241616 -0.068424
v 0.579624 1.209630 -0.054543
v 0.326025 1.276207 -0.058423
v 0.322034 1.269404 -0.051157
v 0.327045 1.242441 -0.070541
v 0.322069 1.241256 -0.060538
v 0.325639 1.207387 -0.059413
v 0.321992 1.213397 -0.051429
v 0.324732 1.193353 -0.016495
v 0.322408 1.202340 -0.015922
v 0.678871 1.268280 0.043652
v 0.680228 1.277137 0.026603
v 0.643456 1.265956 0.044619
v 0.613830 1.276986 0.022789
v 0.680489 1.281417 -0.014152
v 0.697742 1.273780 0.003715
v 0.613287 1.284811 -0.016275
v 0.615754 1.276323 -0.061672
v 0.680828 1.274314 -0.060321
v 0.697631 1.270957 -0.040209
v 0.697256 1.273018 -0.018731
v 0.743365 1.248849 -0.016161
v 0.743979 1.250528 0.001037
v 0.704764 1.257563 -0.028028
v 0.736681 1.236313 -0.023752
v 0.698979 1.269077 0.023940
v 0.705275 1.255848 0.013355
v 0.736843 1.238606 0.010721
v 0.767984 1.218115 0.001280
v 0.766979 1.217088 -0.014968
v 0.760954 1.211970 0.010168
v 0.760185 1.209518 -0.020987
v 0.775492 1.178571 0.008221
v 0.784144 1.176190 0.002608
v 0.783842 1.175433 -0.014003
v 0.775763 1.176485 -0.019137
v 0.739096 1.243366 0.032393
v 0.733913 1.229021 0.021563
v 0.697471 1.264936 0.043180
v 0.737414 1.242275 0.047036
v 0.696309 1.243225 0.050337
v 0.730726 1.227288 0.054035
v 0.677582 1.245500 0.048311
v 0.761069 1.213985 0.048431
v 0.751814 1.204515 0.054234
v 0.762091 1.213994 0.035516
v 0.752875 1.203601 0.025753
v 0.776039 1.177783 0.034904
v 0.765600 1.176618 0.026412
v 0.775776 1.177751 0.047437
v 0.764553 1.177095 0.054110
v 0.655591 1.247269 0.053250
v 0.631591 1.245543 0.061203
v 0.647605 1.227846 0.075132
v 0.659440 1.224544 0.057035
v 0.608664 1.224697 0.065459
v 0.634023 1.211246 0.084170
v 0.610430 1.197937 0.058794
v 0.631926 1.193952 0.078025
v 0.659363 1.199193 0.097359
v 0.655871 1.181587 0.088357
v 0.685560 1.179083 0.105275
v 0.668541 1.211386 0.089992
v 0.695166 1.192325 0.096345
v 0.675905 1.209240 0.074281
v 0.697730 1.191197 0.083174
v 0.707978 1.179238 0.095925
v 0.699652 1.167757 0.105367
v 0.682083 1.167017 0.097378
v 0.578163 1.229126 0.019915
v 0.612152 1.258798 0.049871
v 0.578547 1.262328 0.019236
v 0.577935 1.274333 -0.017671
v 0.577980 1.267002 -0.051742
v 0.616436 1.258726 -0.078889
v 0.577916 1.247768 -0.061670
v 0.617288 1.239900 -0.087380
v 0.681439 1.259193 -0.083975
v 0.696909 1.264145 -0.061974
v 0.739239 1.238041 -0.056771
v 0.740760 1.241895 -0.042297
v 0.734754 1.233599 -0.032146
v 0.696981 1.252140 -0.081204
v 0.703319 1.243118 -0.064381
v 0.732451 1.225647 -0.060427
v 0.765379 1.208300 -0.040799
v 0.759140 1.203338 -0.032310
v 0.763921 1.204917 -0.054105
v 0.756333 1.197690 -0.058151
v 0.770940 1.170410 -0.055916
v 0.779025 1.168640 -0.050151
v 0.780567 1.171065 -0.037345
v 0.773814 1.174650 -0.030300
v 0.735764 1.227311 -0.080121
v 0.731823 1.219755 -0.067062
v 0.695318 1.241302 -0.093568
v 0.732330 1.221248 -0.092965
v 0.697798 1.219931 -0.090320
v 0.725497 1.207790 -0.092407
v 0.676663 1.220381 -0.091498
v 0.677921 1.240976 -0.096024
v 0.758369 1.201707 -0.078795
v 0.754080 1.197753 -0.068084
v 0.754735 1.197150 -0.090775
v 0.747404 1.189587 -0.090577
v 0.760319 1.169834 -0.088123
v 0.769892 1.170551 -0.085835
v 0.772761 1.173964 -0.075646
v 0.764511 1.175766 -0.066720
v 0.617866 1.211869 -0.079428
v 0.578477 1.227707 -0.056171
v 0.692500 1.177885 0.075213
v 0.697730 1.191197 0.083174
v 0.704638 1.174693 0.087792
v 0.675905 1.209240 0.074281
v 0.671202 1.191528 0.064907
v 0.707978 1.179238 0.095925
v 0.699652 1.167757 0.105367
v 0.696453 1.163220 0.095887
v 0.685030 1.167346 0.084471
v 0.682083 1.167017 0.097378
v 0.655871 1.181587 0.088357
v 0.661444 1.177993 0.074942
v 0.660610 1.207499 0.045856
v 0.659440 1.224544 0.057035
v 0.678540 1.226945 0.040749
v 0.659343 1.209671 0.009591
v 0.684130 1.223520 0.020765
v 0.697709 1.225306 0.040594
v 0.696309 1.243225 0.050337
v 0.730726 1.227288 0.054035
v 0.725547 1.215864 0.045128
v 0.751814 1.204515 0.054234
v 0.743459 1.196222 0.046614
v 0.764553 1.177095 0.054110
v 0.760386 1.169340 0.047230
v 0.775776 1.177751 0.047437
v 0.776039 1.177783 0.034904
v 0.761096 1.168989 0.034123
v 0.765600 1.176618 0.026412
v 0.677582 1.245500 0.048311
v 0.727058 1.216010 0.027803
v 0.700514 1.224195 0.022219
v 0.692034 1.226002 0.002499
v 0.704375 1.233478 0.002100
v 0.744141 1.195584 0.031559
v 0.707345 1.242151 0.012141
v 0.736843 1.238606 0.010721
v 0.705275 1.255848 0.013355
v 0.733913 1.229021 0.021563
v 0.730537 1.226132 0.001927
v 0.760954 1.211970 0.010168
v 0.751525 1.200207 0.001904
v 0.775492 1.178571 0.008221
v 0.770150 1.173190 0.001834
v 0.784144 1.176190 0.002608
v 0.770184 1.172851 -0.012369
v 0.783842 1.175433 -0.014003
v 0.775763 1.176485 -0.019137
v 0.751443 1.200536 -0.013874
v 0.760185 1.209518 -0.020987
v 0.730140 1.223836 -0.014867
v 0.736681 1.236313 -0.023752
v 0.704619 1.233162 -0.017421
v 0.707055 1.242439 -0.027292
v 0.704764 1.257563 -0.028028
v 0.734754 1.233599 -0.032146
v 0.702942 1.228056 -0.031513
v 0.728263 1.219462 -0.034945
v 0.759140 1.203338 -0.032310
v 0.749434 1.194382 -0.035174
v 0.773814 1.174650 -0.030300
v 0.770129 1.166393 -0.035357
v 0.780567 1.171065 -0.037345
v 0.769055 1.164774 -0.046315
v 0.779025 1.168640 -0.050151
v 0.770940 1.170410 -0.055916
v 0.747849 1.192316 -0.048662
v 0.756333 1.197690 -0.058151
v 0.726209 1.216083 -0.049708
v 0.732451 1.225647 -0.060427
v 0.701144 1.223947 -0.048491
v 0.691337 1.220171 -0.023505
v 0.670184 1.219853 -0.034536
v 0.617311 1.194863 -0.030912
v 0.618526 1.184143 0.040616
v 0.578156 1.209350 -0.019960
v 0.578079 1.210690 0.004449
v 0.578251 1.213595 -0.044481
v 0.617866 1.211869 -0.079428
v 0.578477 1.227707 -0.056171
v 0.578163 1.229126 0.019915
v 0.610430 1.197937 0.058794
v 0.637601 1.181907 0.059576
v 0.631926 1.193952 0.078025
v 0.653563 1.193182 0.043697
v 0.675947 1.209074 -0.076947
v 0.676663 1.220381 -0.091498
v 0.697798 1.219931 -0.090320
v 0.698490 1.211272 -0.076813
v 0.725497 1.207790 -0.092407
v 0.724047 1.200045 -0.079839
v 0.747404 1.189587 -0.090577
v 0.741779 1.184118 -0.079525
v 0.760319 1.169834 -0.088123
v 0.757862 1.164865 -0.079895
v 0.769892 1.170551 -0.085835
v 0.772761 1.173964 -0.075646
v 0.759619 1.167376 -0.070586
v 0.764511 1.175766 -0.066720
v 0.743499 1.185566 -0.069111
v 0.754080 1.197753 -0.068084
v 0.726336 1.203175 -0.068270
v 0.731823 1.219755 -0.067062
v 0.701462 1.216520 -0.063025
v 0.704866 1.231215 -0.060742
v 0.703319 1.243118 -0.064381
v 0.688666 1.213557 -0.052606
v 0.752875 1.203601 0.025753
v 0.655591 1.247269 0.053250
vt 0.529038 0.343169
vt 0.524885 0.341400
vt 0.521303 0.353160
vt 0.537925 0.327498
vt 0.528832 0.326746
vt 0.524934 0.312687
vt 0.508231 0.326364
vt 0.504004 0.308955
vt 0.521586 0.303219
vt 0.501948 0.301668
vt 0.482060 0.309330
vt 0.487243 0.314712
vt 0.474397 0.327075
vt 0.482809 0.327568
vt 0.486891 0.340372
vt 0.481413 0.345328
vt 0.503728 0.347284
vt 0.502029 0.354734
vt 0.529403 0.311647
vt 0.374476 0.988579
vt 0.393699 0.988579
vt 0.374426 0.981050
vt 0.394803 0.981050
vt 0.396304 0.971758
vt 0.377266 0.969739
vt 0.380725 0.938472
vt 0.407181 0.946114
vt 0.405935 0.981050
vt 0.426825 0.981050
vt 0.427067 0.988579
vt 0.405225 0.988579
vt 0.427942 0.950880
vt 0.407823 0.913056
vt 0.381348 0.909863
vt 0.428055 0.914951
vt 0.406666 0.881861
vt 0.380756 0.881861
vt 0.428106 0.881861
vt 0.448321 0.981050
vt 0.447839 0.988579
vt 0.449912 0.944546
vt 0.457714 0.972747
vt 0.476122 0.938301
vt 0.476122 0.970015
vt 0.449443 0.914147
vt 0.476122 0.912402
vt 0.449171 0.881861
vt 0.476122 0.881861
vt 0.476122 0.981050
vt 0.457828 0.981050
vt 0.458833 0.988579
vt 0.476122 0.988579
vt 0.476122 0.873454
vt 0.448923 0.873454
vt 0.427345 0.873454
vt 0.407214 0.873454
vt 0.380594 0.873454
vt 0.380857 0.844155
vt 0.406103 0.844155
vt 0.404173 0.835149
vt 0.381025 0.835149
vt 0.425653 0.835149
vt 0.426441 0.844155
vt 0.447751 0.835149
vt 0.448258 0.844155
vt 0.476122 0.844155
vt 0.476122 0.835149
vt 0.355432 0.881861
vt 0.354136 0.908009
vt 0.354266 0.936963
vt 0.353787 0.965096
vt 0.332761 0.964281
vt 0.332109 0.935851
vt 0.332485 0.907575
vt 0.332494 0.881861
vt 0.311960 0.965859
vt 0.309479 0.935619
vt 0.284649 0.936342
vt 0.284649 0.969457
vt 0.310145 0.907658
vt 0.284649 0.905452
vt 0.310012 0.881861
vt 0.284649 0.881861
vt 0.284649 0.873454
vt 0.310255 0.873454
vt 0.332577 0.873454
vt 0.353734 0.873454
vt 0.355082 0.844155
vt 0.357396 0.835149
vt 0.335077 0.835149
vt 0.334094 0.844155
vt 0.312021 0.835149
vt 0.311586 0.844155
vt 0.284649 0.844155
vt 0.284649 0.835149
vt 0.255119 0.274420
vt 0.253130 0.252137
vt 0.234515 0.259849
vt 0.229056 0.276701
vt 0.237478 0.293065
vt 0.257238 0.298149
vt 0.272954 0.256487
vt 0.281725 0.272093
vt 0.275917 0.289704
vt 0.352531 0.981050
vt 0.352881 0.988579
vt 0.332965 0.981050
vt 0.332662 0.988579
vt 0.312106 0.981050
vt 0.311602 0.988579
vt 0.284649 0.981050
vt 0.284312 0.988579
vt 0.212448 0.483932
vt 0.213627 0.473647
vt 0.193580 0.485564
vt 0.178027 0.472829
vt 0.213745 0.451720
vt 0.224018 0.461393
vt 0.177359 0.452726
vt 0.177596 0.429730
vt 0.211292 0.426559
vt 0.222151 0.435378
vt 0.223401 0.447955
vt 0.253118 0.450990
vt 0.251531 0.459893
vt 0.231210 0.440309
vt 0.255606 0.444981
vt 0.224417 0.473569
vt 0.233203 0.469282
vt 0.251962 0.467369
vt 0.272539 0.462499
vt 0.273696 0.453919
vt 0.272673 0.468071
vt 0.275789 0.449412
vt 0.293184 0.468611
vt 0.296236 0.465423
vt 0.297389 0.456609
vt 0.296023 0.453239
vt 0.247142 0.485772
vt 0.251876 0.479426
vt 0.222141 0.484461
vt 0.244431 0.493054
vt 0.220874 0.492783
vt 0.243772 0.499922
vt 0.212023 0.491984
vt 0.262235 0.500027
vt 0.261285 0.505845
vt 0.264914 0.493700
vt 0.269275 0.487668
vt 0.284150 0.500567
vt 0.284676 0.494573
vt 0.281691 0.506916
vt 0.277512 0.511038
vt 0.199574 0.496818
vt 0.185880 0.499354
vt 0.191786 0.512902
vt 0.199779 0.508431
vt 0.171017 0.507428
vt 0.182115 0.521107
vt 0.162177 0.519077
vt 0.175248 0.528178
vt 0.192626 0.533199
vt 0.187213 0.538792
vt 0.202667 0.547740
vt 0.199372 0.527212
vt 0.210123 0.541025
vt 0.205431 0.523236
vt 0.214561 0.538501
vt 0.216030 0.548999
vt 0.208749 0.555414
vt 0.198844 0.552644
vt 0.147365 0.490253
vt 0.176806 0.489220
vt 0.157335 0.474703
vt 0.157722 0.452288
vt 0.156600 0.433076
vt 0.176391 0.417421
vt 0.153924 0.421179
vt 0.174655 0.406987
vt 0.209674 0.411801
vt 0.220390 0.422134
vt 0.246909 0.418279
vt 0.248434 0.426023
vt 0.251024 0.430957
vt 0.218160 0.409121
vt 0.228230 0.412915
vt 0.247551 0.412223
vt 0.269430 0.419269
vt 0.271735 0.423322
vt 0.267897 0.412105
vt 0.268126 0.407168
vt 0.284096 0.402740
vt 0.287946 0.405866
vt 0.289865 0.412623
vt 0.288134 0.417547
vt 0.237616 0.393933
vt 0.242316 0.397758
vt 0.215050 0.400300
vt 0.233068 0.387720
vt 0.215079 0.391261
vt 0.230665 0.382358
vt 0.204074 0.392706
vt 0.205928 0.400685
vt 0.250866 0.381682
vt 0.254812 0.384969
vt 0.246241 0.376336
vt 0.244090 0.372758
vt 0.254421 0.364145
vt 0.258474 0.365351
vt 0.262548 0.369723
vt 0.264349 0.375088
vt 0.170506 0.396595
vt 0.147644 0.411568
vt 0.545904 0.080584
vt 0.551131 0.087093
vt 0.555659 0.079071
vt 0.537063 0.094380
vt 0.531084 0.085139
vt 0.560803 0.080064
vt 0.561499 0.069834
vt 0.555648 0.071424
vt 0.547215 0.073001
vt 0.550756 0.066245
vt 0.535894 0.064125
vt 0.533120 0.073663
vt 0.516631 0.095678
vt 0.525817 0.101589
vt 0.512884 0.111716
vt 0.494194 0.098622
vt 0.499264 0.116633
vt 0.511944 0.122362
vt 0.523725 0.119094
vt 0.529600 0.131173
vt 0.521200 0.135249
vt 0.537733 0.142597
vt 0.530905 0.146512
vt 0.544588 0.156434
vt 0.540467 0.159116
vt 0.546964 0.163870
vt 0.541223 0.170072
vt 0.536332 0.163025
vt 0.532999 0.166818
vt 0.525345 0.112597
vt 0.512704 0.139929
vt 0.500482 0.126929
vt 0.485375 0.121689
vt 0.484157 0.131131
vt 0.524221 0.151348
vt 0.492322 0.137837
vt 0.487681 0.150112
vt 0.494021 0.144149
vt 0.506917 0.145770
vt 0.479502 0.146804
vt 0.484704 0.166880
vt 0.475765 0.165273
vt 0.476935 0.184735
vt 0.472524 0.182882
vt 0.473387 0.190440
vt 0.466119 0.181995
vt 0.462857 0.188365
vt 0.461485 0.182944
vt 0.467747 0.164069
vt 0.460039 0.163602
vt 0.470246 0.145117
vt 0.461525 0.146398
vt 0.467957 0.129090
vt 0.458747 0.132670
vt 0.455180 0.139399
vt 0.445482 0.137315
vt 0.456336 0.122336
vt 0.441115 0.130508
vt 0.429424 0.148319
vt 0.425574 0.142089
vt 0.414153 0.156631
vt 0.410823 0.153145
vt 0.407401 0.158422
vt 0.406980 0.149756
vt 0.401638 0.151737
vt 0.403711 0.145510
vt 0.420734 0.136763
vt 0.414485 0.132426
vt 0.434932 0.124537
vt 0.427044 0.120309
vt 0.444896 0.113178
vt 0.466114 0.116912
vt 0.464876 0.103644
vt 0.477232 0.072002
vt 0.509833 0.068844
vt 0.482214 0.047130
vt 0.492208 0.044879
vt 0.472463 0.045760
vt 0.455041 0.062568
vt 0.464890 0.040559
vt 0.498639 0.040294
vt 0.516575 0.057691
vt 0.520216 0.072452
vt 0.525673 0.060206
vt 0.514782 0.086795
vt 0.444724 0.087727
vt 0.439849 0.079148
vt 0.435026 0.082783
vt 0.436173 0.092518
vt 0.424679 0.079094
vt 0.422336 0.086885
vt 0.411927 0.073763
vt 0.410430 0.081071
vt 0.399267 0.071572
vt 0.398481 0.075832
vt 0.393296 0.071500
vt 0.389718 0.077857
vt 0.397345 0.080036
vt 0.394773 0.083841
vt 0.408123 0.086302
vt 0.403424 0.093547
vt 0.420946 0.093279
vt 0.418467 0.101758
vt 0.437495 0.102321
vt 0.433681 0.109970
vt 0.427705 0.111344
vt 0.448625 0.104130
vt 0.519430 0.156758
vt 0.532666 0.106659
vn -0.6441 0.2016 0.7379
vn -0.8103 0.2541 0.5281
vn -0.8591 0.4109 0.3051
vn -0.7247 0.0006 0.6891
vn -0.7691 0.0045 0.6391
vn -0.7242 -0.3169 0.6125
vn -0.9990 -0.0349 0.0283
vn -0.5942 -0.8042 0.0159
vn -0.7359 -0.5744 0.3585
vn -0.8341 -0.5484 0.0592
vn -0.9587 -0.2429 0.1478
vn -0.6105 -0.5892 0.5292
vn -0.9384 0.0057 0.3454
vn -0.6366 0.0008 0.7712
vn -0.6089 0.5575 0.5642
vn -0.9469 0.2249 0.2296
vn -0.6329 0.7718 0.0614
vn -0.8721 0.4811 0.0898
vn -0.5898 -0.2376 0.7718
vn -0.7359 -0.5745 0.3584
vn -0.8368 0.5473 -0.0136
vn -0.7446 0.2314 0.6262
vn -0.2638 0.8167 0.5132
vn -0.3547 0.9330 -0.0601
vn 0.1569 0.9876 0.0057
vn 0.1420 0.6870 0.7126
vn -0.3992 0.1692 0.9011
vn -0.3806 0.0153 0.9246
vn 0.0807 0.0061 0.9967
vn 0.1803 0.7039 0.6870
vn 0.1899 0.9818 0.0031
vn 0.1958 -0.0170 0.9805
vn -0.5776 0.6051 0.5479
vn -0.5238 0.8518 0.0019
vn -0.5931 -0.0241 0.8048
vn -0.3882 -0.2410 0.8895
vn 0.1443 -0.7016 0.6978
vn -0.1798 -0.8624 0.4733
vn 0.1348 -0.9908 -0.0125
vn -0.2478 -0.9667 -0.0637
vn 0.2138 -0.7156 0.6650
vn 0.2165 -0.9763 0.0077
vn -0.6294 -0.5679 0.5304
vn -0.6337 -0.7736 0.0075
vn -0.7374 -0.6752 -0.0195
vn -0.6693 -0.4044 0.6234
vn -0.8721 0.4810 0.0898
vn -0.5530 -0.8332 0.0020
vn -0.5212 -0.6189 0.5877
vn -0.5152 0.0006 0.8571
vn -0.4795 0.6368 0.6038
vn -0.4596 0.8881 0.0062
vn 0.3981 0.9173 0.0028
vn 0.4205 0.6620 0.6204
vn 0.9276 0.3005 0.2220
vn 0.9130 0.4079 0.0005
vn 0.9358 -0.0009 0.3526
vn 0.4292 -0.0131 0.9031
vn 0.9312 -0.2730 0.2416
vn 0.4183 -0.6587 0.6254
vn 0.4084 -0.9128 0.0007
vn 0.9276 -0.3736 0.0005
vn -0.5872 0.6250 -0.5143
vn 0.1901 0.6990 -0.6894
vn 0.1527 0.7001 -0.6975
vn -0.2694 0.7030 -0.6582
vn -0.2322 0.0172 -0.9725
vn 0.1319 -0.0050 -0.9913
vn 0.1824 -0.0134 -0.9831
vn -0.6024 -0.0062 -0.7982
vn -0.2402 -0.6729 -0.6996
vn 0.1342 -0.7169 -0.6842
vn -0.2478 -0.9667 -0.0636
vn 0.2134 -0.7105 -0.6705
vn -0.6193 -0.5872 -0.5212
vn -0.5147 -0.6273 -0.5845
vn -0.4992 -0.0024 -0.8665
vn -0.4834 0.6470 -0.5897
vn 0.4246 0.6645 -0.6150
vn 0.9277 0.3029 -0.2182
vn 0.9347 -0.0013 -0.3554
vn 0.4280 -0.0132 -0.9037
vn 0.9315 -0.2752 -0.2379
vn 0.4188 -0.6638 -0.6197
vn 1.0000 -0.0016 0.0000
vn 0.9312 -0.2729 0.2415
vn 0.9315 -0.2752 -0.2380
vn -0.7272 0.4726 -0.4978
vn -0.6851 0.0152 -0.7283
vn -0.9384 0.0058 0.3454
vn -0.6954 -0.5029 -0.5133
vn -0.7374 -0.6752 -0.0194
vn -0.8721 0.4811 0.0897
vn 0.0792 0.6383 0.7657
vn 0.1572 0.9482 0.2761
vn 0.0070 0.7294 0.6841
vn -0.2012 0.9149 0.3500
vn 0.2087 0.9777 -0.0219
vn 0.4928 0.8575 0.1476
vn -0.1357 0.9906 0.0170
vn -0.1378 0.8685 -0.4762
vn 0.2197 0.9059 -0.3620
vn 0.5500 0.8310 -0.0833
vn 0.5292 0.8366 -0.1417
vn 0.5848 0.6401 -0.4983
vn 0.6013 0.7046 0.3769
vn 0.6829 0.7169 -0.1408
vn 0.1434 -0.0509 -0.9884
vn 0.5765 0.8136 0.0753
vn 0.7183 0.6729 0.1766
vn 0.1463 0.0319 0.9887
vn 0.8133 0.4659 0.3485
vn 0.7594 0.4151 -0.5010
vn 0.1693 0.0656 0.9834
vn 0.0921 -0.0226 -0.9955
vn 0.1216 -0.3182 0.9402
vn 0.8172 -0.4068 0.4083
vn 0.8065 -0.4378 -0.3974
vn 0.0996 -0.4344 -0.8952
vn 0.6765 0.6711 -0.3032
vn 0.3229 0.0095 -0.9464
vn 0.2681 0.6877 0.6747
vn 0.4833 0.6491 0.5875
vn -0.0780 -0.0309 0.9965
vn -0.0609 -0.0191 0.9980
vn 0.1639 0.0150 0.9864
vn 0.7062 0.4441 0.5514
vn -0.0327 -0.0227 0.9992
vn 0.8099 0.4499 -0.3763
vn 0.1743 -0.0066 -0.9847
vn 0.8935 -0.2755 -0.3546
vn 0.1858 -0.3523 -0.9173
vn 0.8581 -0.2930 0.4218
vn 0.0808 -0.3379 0.9377
vn 0.2644 0.4095 0.8731
vn -0.0464 0.5567 0.8294
vn 0.1863 0.6823 0.7070
vn 0.8394 0.2739 0.4695
vn -0.6346 0.1579 0.7565
vn -0.4468 0.2070 0.8704
vn -0.7173 -0.5152 0.4691
vn -0.6012 -0.4952 0.6271
vn -0.2828 0.1570 0.9462
vn -0.5085 -0.6770 0.5321
vn -0.1063 0.0254 0.9940
vn 0.2722 0.7578 0.5930
vn 0.5066 0.6589 0.5560
vn 0.7408 0.6273 -0.2402
vn 0.7504 0.5223 -0.4051
vn 0.9517 0.1370 0.2748
vn 0.4346 -0.4429 0.7842
vn -0.4359 -0.7996 0.4131
vn -0.7948 -0.1715 0.5821
vn -0.3799 0.5888 0.7134
vn -0.5487 0.6190 0.5620
vn -0.2855 0.9573 0.0460
vn -0.3781 0.7759 -0.5050
vn -0.2407 0.5484 -0.8008
vn -0.5357 0.1255 -0.8350
vn -0.3413 0.0489 -0.9387
vn 0.1610 0.7258 -0.6688
vn 0.5587 0.7084 -0.4312
vn 0.5459 0.5095 -0.6652
vn 0.6843 0.6955 0.2192
vn 0.3171 0.1975 0.9276
vn 0.5705 0.7057 -0.4201
vn 0.6872 0.5593 -0.4636
vn 0.0077 -0.2029 -0.9792
vn 0.8294 0.5023 0.2447
vn 0.2635 0.1965 0.9444
vn 0.6958 0.3554 -0.6241
vn -0.0847 -0.1422 -0.9862
vn 0.0171 -0.4480 -0.8939
vn 0.7977 -0.4377 -0.4148
vn 0.9075 -0.2866 0.3071
vn 0.3005 -0.1233 0.9458
vn 0.6574 0.7535 -0.0011
vn 0.4096 0.3178 0.8551
vn 0.2358 0.3289 -0.9144
vn 0.3406 0.4001 -0.8508
vn -0.0856 -0.4945 -0.8649
vn -0.2483 -0.4048 -0.8800
vn -0.0176 -0.5041 -0.8635
vn 0.0067 0.1674 -0.9859
vn 0.8198 0.5717 0.0314
vn 0.4342 0.3102 0.8457
vn 0.5041 0.2654 -0.8218
vn -0.2779 -0.3417 -0.8978
vn -0.1196 -0.5498 -0.8267
vn 0.7373 -0.4132 -0.5345
vn 0.9631 -0.1662 0.2116
vn 0.4058 -0.1044 0.9080
vn -0.2352 -0.7078 -0.6661
vn -0.5783 -0.3726 -0.7258
vn 0.4484 -0.3186 -0.8351
vn 0.7504 0.5223 -0.4050
vn 0.8017 -0.3590 -0.4779
vn 0.5547 -0.3309 -0.7634
vn 0.2917 -0.9559 -0.0340
vn -0.0667 -0.8934 -0.4442
vn -0.4359 -0.7995 0.4132
vn -0.5085 -0.6770 0.5320
vn -0.1168 -0.9320 -0.3430
vn 0.9238 -0.3364 -0.1829
vn 0.3840 -0.7154 0.5838
vn 0.5096 -0.8547 -0.0985
vn 0.2222 -0.9725 0.0694
vn -0.1994 -0.8336 0.5151
vn -0.0780 -0.0310 0.9965
vn -0.5233 -0.7024 0.4825
vn -0.7182 -0.5077 0.4757
vn -0.2623 -0.8884 0.3768
vn 0.8581 -0.2930 0.4217
vn 0.8935 -0.2755 -0.3545
vn -0.2144 -0.9167 -0.3372
vn -0.3603 -0.7066 -0.6090
vn 0.1113 -0.9564 -0.2701
vn 0.3580 -0.9329 -0.0378
vn 0.3364 -0.9275 0.1634
vn -0.6643 -0.5307 -0.5264
vn 0.6846 -0.7280 -0.0357
vn 0.3228 0.0095 -0.9464
vn -0.4362 -0.6847 0.5839
vn 0.1692 0.0657 0.9834
vn -0.6959 -0.5120 0.5036
vn -0.3721 -0.8510 0.3705
vn -0.3953 -0.8707 -0.2927
vn -0.6779 -0.5327 -0.5067
vn 0.0921 -0.0227 -0.9955
vn -0.4598 -0.7482 -0.4782
vn 0.1433 -0.0509 -0.9884
vn 0.3963 -0.9043 -0.1588
vn 0.6789 -0.7150 0.1669
vn 0.4524 -0.7854 0.4224
vn -0.3141 -0.5471 0.7759
vn 0.2636 0.1965 0.9444
vn -0.5762 -0.4343 0.6924
vn -0.1839 -0.8370 0.5154
vn 0.9075 -0.2865 0.3071
vn -0.2850 -0.9496 -0.1302
vn 0.0172 -0.4480 -0.8939
vn -0.7379 -0.6045 -0.3002
vn -0.4951 -0.8164 -0.2972
vn 0.3432 -0.9361 0.0774
vn 0.2960 -0.9336 0.2018
vn 0.1466 -0.9871 0.0649
vn 0.0278 -0.9747 -0.2220
vn -0.2758 -0.9609 0.0228
vn -0.4241 -0.8993 -0.1062
vn -0.6773 -0.6921 0.2495
vn -0.4473 -0.8077 -0.3840
vn -0.1349 -0.9907 -0.0197
vn -0.6012 -0.4953 0.6271
vn 0.5301 -0.7536 -0.3887
vn 0.0177 -0.9794 -0.2010
vn -0.0856 -0.4946 -0.8649
vn -0.1649 -0.9828 -0.0828
vn -0.2484 -0.4048 -0.8800
vn -0.5452 -0.8267 -0.1387
vn -0.7046 -0.6832 -0.1915
vn -0.2579 -0.9617 -0.0925
vn -0.0778 -0.8031 0.5907
vn 0.4059 -0.1044 0.9080
vn -0.4720 -0.4558 0.7546
vn -0.2659 -0.5109 0.8175
vn 0.2776 -0.7727 0.5708
vn 0.6345 -0.7511 0.1823
vn 0.6872 0.5593 -0.4637
vn 0.2139 -0.9542 0.2089
vn 0.1742 -0.0066 -0.9847
usemtl Copy_X_(Ultimate_Armor)
s 1
f 4169/4169/2770 4170/4170/2771 4171/4171/2772
f 4169/4169/2770 4172/4172/2773 4170/4170/2771
f 4173/4173/2774 4170/4170/2771 4172/4172/2773
f 4173/4173/2774 4172/4172/2773 4174/4174/2775
f 4174/4174/2775 4175/4175/2776 4173/4173/2774
f 4170/4170/2771 4173/4173/2774 4175/4175/2776
f 4176/4176/2777 4175/4175/2776 4174/4174/2775
f 4174/4174/2775 4177/4177/2778 4176/4176/2777
f 4178/4178/2779 4176/4176/2777 4177/4177/2778
f 4178/4178/2779 4179/4179/2780 4176/4176/2777
f 4180/4180/2781 4176/4176/2777 4179/4179/2780
f 4180/4180/2781 4175/4175/2776 4176/4176/2777
f 4179/4179/2780 4181/4181/2782 4180/4180/2781
f 4182/4182/2783 4180/4180/2781 4181/4181/2782
f 4182/4182/2783 4175/4175/2776 4180/4180/2781
f 4182/4182/2783 4181/4181/2782 4183/4183/2784
f 4183/4183/2784 4175/4175/2776 4182/4182/2783
f 4184/4184/2785 4183/4183/2784 4181/4181/2782
f 4183/4183/2784 4184/4184/2785 4185/4185/2786
f 4185/4185/2786 4175/4175/2776 4183/4183/2784
f 4170/4170/2771 4175/4175/2776 4185/4185/2786
f 4186/4186/2787 4185/4185/2786 4184/4184/2785
f 4171/4171/2772 4185/4185/2786 4186/4186/2787
f 4177/4177/2778 4174/4174/2775 4187/4187/2788
f 4187/4187/2788 4174/4174/2775 4172/4172/2773
f 4171/4171/2772 4170/4170/2771 4185/4185/2786
f 4188/4188/2779 4189/4189/2789 4190/4190/2790
f 4191/4191/2791 4190/4190/2790 4189/4189/2789
f 4191/4191/2791 4192/4192/2792 4190/4190/2790
f 4193/4193/2793 4190/4190/2790 4192/4192/2792
f 4193/4193/2793 4192/4192/2792 4194/4194/2794
f 4195/4195/2795 4194/4194/2794 4192/4192/2792
f 4196/4196/2796 4195/4195/2795 4192/4192/2792
f 4191/4191/2791 4196/4196/2796 4192/4192/2792
f 4196/4196/2796 4197/4197/2797 4195/4195/2795
f 4197/4197/2797 4196/4196/2796 4198/4198/2773
f 4199/4199/2788 4198/4198/2773 4196/4196/2796
f 4189/4189/2789 4199/4199/2788 4191/4191/2791
f 4196/4196/2796 4191/4191/2791 4199/4199/2788
f 4200/4200/2798 4195/4195/2795 4197/4197/2797
f 4195/4195/2795 4201/4201/2799 4194/4194/2794
f 4202/4202/2800 4194/4194/2794 4201/4201/2799
f 4200/4200/2798 4203/4203/2801 4195/4195/2795
f 4201/4201/2799 4195/4195/2795 4203/4203/2801
f 4201/4201/2799 4204/4204/2802 4202/4202/2800
f 4201/4201/2799 4203/4203/2801 4204/4204/2802
f 4205/4205/2803 4202/4202/2800 4204/4204/2802
f 4206/4206/2804 4204/4204/2802 4203/4203/2801
f 4197/4197/2797 4198/4198/2773 4207/4207/2805
f 4208/4208/2770 4207/4207/2805 4198/4198/2773
f 4200/4200/2798 4197/4197/2797 4209/4209/2806
f 4207/4207/2805 4209/4209/2806 4197/4197/2797
f 4200/4200/2798 4209/4209/2806 4203/4203/2801
f 4209/4209/2806 4207/4207/2805 4210/4210/2807
f 4209/4209/2806 4210/4210/2807 4211/4211/2808
f 4212/4212/2809 4211/4211/2808 4210/4210/2807
f 4209/4209/2806 4211/4211/2808 4213/4213/2810
f 4213/4213/2810 4203/4203/2801 4209/4209/2806
f 4203/4203/2801 4213/4213/2810 4206/4206/2804
f 4214/4214/2811 4213/4213/2810 4211/4211/2808
f 4213/4213/2810 4214/4214/2811 4215/4215/2812
f 4215/4215/2812 4206/4206/2804 4213/4213/2810
f 4216/4216/2813 4215/4215/2812 4214/4214/2811
f 4212/4212/2809 4210/4210/2807 4217/4217/2814
f 4218/4218/2815 4217/4217/2814 4210/4210/2807
f 4207/4207/2805 4208/4208/2770 4218/4218/2815
f 4207/4207/2805 4218/4218/2815 4210/4210/2807
f 4218/4218/2815 4219/4219/2772 4217/4217/2814
f 4219/4219/2772 4218/4218/2815 4208/4208/2770
f 4220/4220/2816 4217/4217/2814 4219/4219/2772
f 4216/4216/2813 4221/4221/2817 4215/4215/2812
f 4222/4222/2818 4215/4215/2812 4221/4221/2817
f 4215/4215/2812 4222/4222/2818 4206/4206/2804
f 4223/4223/2819 4206/4206/2804 4222/4222/2818
f 4223/4223/2819 4224/4224/2820 4206/4206/2804
f 4204/4204/2802 4206/4206/2804 4224/4224/2820
f 4224/4224/2820 4225/4225/2821 4204/4204/2802
f 4205/4205/2803 4204/4204/2802 4225/4225/2821
f 4225/4225/2821 4224/4224/2820 4226/4226/2822
f 4227/4227/2823 4226/4226/2822 4224/4224/2820
f 4224/4224/2820 4223/4223/2819 4227/4227/2823
f 4227/4227/2823 4228/4228/2824 4226/4226/2822
f 4229/4229/2825 4226/4226/2822 4228/4228/2824
f 4228/4228/2824 4227/4227/2823 4230/4230/2826
f 4231/4231/2827 4230/4230/2826 4227/4227/2823
f 4231/4231/2827 4227/4227/2823 4223/4223/2819
f 4223/4223/2819 4222/4222/2818 4231/4231/2827
f 4230/4230/2826 4231/4231/2827 4232/4232/2828
f 4233/4233/2829 4232/4232/2828 4231/4231/2827
f 4222/4222/2818 4221/4221/2817 4233/4233/2829
f 4233/4233/2829 4231/4231/2827 4222/4222/2818
f 4233/4233/2829 4234/4234/2830 4232/4232/2828
f 4235/4235/2831 4232/4232/2828 4234/4234/2830
f 4234/4234/2830 4233/4233/2829 4221/4221/2817
f 4205/4205/2803 4225/4225/2821 4236/4236/2832
f 4205/4205/2803 4236/4236/2832 4202/4202/2800
f 4237/4237/2833 4202/4202/2800 4236/4236/2832
f 4202/4202/2800 4237/4237/2833 4194/4194/2794
f 4238/4238/2834 4194/4194/2794 4237/4237/2833
f 4238/4238/2834 4239/4239/2835 4194/4194/2794
f 4193/4193/2793 4194/4194/2794 4239/4239/2835
f 4239/4239/2835 4238/4238/2834 4240/4240/2836
f 4241/4241/2837 4240/4240/2836 4238/4238/2834
f 4238/4238/2834 4237/4237/2833 4241/4241/2837
f 4242/4242/2838 4241/4241/2837 4237/4237/2833
f 4242/4242/2838 4237/4237/2833 4243/4243/2839
f 4236/4236/2832 4243/4243/2839 4237/4237/2833
f 4240/4240/2836 4241/4241/2837 4244/4244/2840
f 4245/4245/2841 4244/4244/2840 4241/4241/2837
f 4241/4241/2837 4242/4242/2838 4245/4245/2841
f 4245/4245/2841 4246/4246/2808 4244/4244/2840
f 4247/4247/2842 4244/4244/2840 4246/4246/2808
f 4245/4245/2841 4248/4248/2843 4246/4246/2808
f 4248/4248/2843 4245/4245/2841 4242/4242/2838
f 4249/4249/2811 4246/4246/2808 4248/4248/2843
f 4248/4248/2843 4250/4250/2844 4249/4249/2811
f 4243/4243/2839 4250/4250/2844 4242/4242/2838
f 4248/4248/2843 4242/4242/2838 4250/4250/2844
f 4251/4251/2813 4249/4249/2811 4250/4250/2844
f 4251/4251/2813 4250/4250/2844 4252/4252/2817
f 4253/4253/2845 4252/4252/2817 4250/4250/2844
f 4250/4250/2844 4243/4243/2839 4253/4253/2845
f 4254/4254/2846 4253/4253/2845 4243/4243/2839
f 4254/4254/2846 4243/4243/2839 4255/4255/2847
f 4236/4236/2832 4255/4255/2847 4243/4243/2839
f 4255/4255/2847 4236/4236/2832 4225/4225/2821
f 4225/4225/2821 4226/4226/2822 4255/4255/2847
f 4256/4256/2848 4255/4255/2847 4226/4226/2822
f 4255/4255/2847 4256/4256/2848 4254/4254/2846
f 4256/4256/2848 4226/4226/2822 4257/4257/2849
f 4229/4229/2825 4257/4257/2849 4226/4226/2822
f 4257/4257/2849 4258/4258/2850 4256/4256/2848
f 4259/4259/2851 4256/4256/2848 4258/4258/2850
f 4259/4259/2851 4254/4254/2846 4256/4256/2848
f 4254/4254/2846 4259/4259/2851 4253/4253/2845
f 4258/4258/2850 4260/4260/2852 4259/4259/2851
f 4261/4261/2853 4259/4259/2851 4260/4260/2852
f 4253/4253/2845 4261/4261/2853 4252/4252/2817
f 4261/4261/2853 4253/4253/2845 4259/4259/2851
f 4261/4261/2853 4260/4260/2852 4262/4262/2830
f 4262/4262/2830 4252/4252/2817 4261/4261/2853
f 4263/4263/2831 4262/4262/2830 4260/4260/2852
f 4264/4264/2854 4265/4265/2825 4266/4266/2824
f 4264/4264/2854 4266/4266/2824 4267/4267/2826
f 4264/4264/2854 4267/4267/2826 4268/4268/2855
f 4264/4264/2854 4268/4268/2855 4269/4269/2831
f 4265/4265/2825 4264/4264/2854 4270/4270/2849
f 4270/4270/2849 4264/4264/2854 4271/4271/2850
f 4272/4272/2856 4264/4264/2854 4269/4269/2831
f 4271/4271/2850 4264/4264/2854 4272/4272/2856
f 4273/4273/2857 4274/4274/2780 4190/4190/2790
f 4188/4188/2779 4190/4190/2790 4274/4274/2780
f 4273/4273/2857 4275/4275/2858 4274/4274/2780
f 4276/4276/2859 4274/4274/2780 4275/4275/2858
f 4190/4190/2790 4239/4239/2835 4273/4273/2857
f 4275/4275/2858 4277/4277/2860 4276/4276/2859
f 4278/4278/2785 4276/4276/2859 4277/4277/2860
f 4277/4277/2860 4279/4279/2861 4278/4278/2785
f 4280/4280/2862 4278/4278/2785 4279/4279/2861
f 4244/4244/2840 4279/4279/2861 4277/4277/2860
f 4277/4277/2860 4275/4275/2858 4244/4244/2840
f 4240/4240/2836 4244/4244/2840 4275/4275/2858
f 4275/4275/2858 4273/4273/2857 4240/4240/2836
f 4239/4239/2835 4240/4240/2836 4273/4273/2857
f 4244/4244/2840 4247/4247/2842 4279/4279/2861
f 4190/4190/2790 4193/4193/2793 4239/4239/2835
f 4281/4281/2863 4282/4282/2864 4283/4283/2865
f 4284/4284/2866 4283/4283/2865 4282/4282/2864
f 4282/4282/2864 4285/4285/2867 4284/4284/2866
f 4285/4285/2867 4282/4282/2864 4286/4286/2868
f 4287/4287/2869 4284/4284/2866 4285/4285/2867
f 4287/4287/2869 4285/4285/2867 4288/4288/2870
f 4289/4289/2871 4288/4288/2870 4285/4285/2867
f 4289/4289/2871 4285/4285/2867 4290/4290/2872
f 4291/4291/2873 4290/4290/2872 4285/4285/2867
f 4291/4291/2873 4285/4285/2867 4286/4286/2868
f 4291/4291/2873 4286/4286/2868 4292/4292/2874
f 4293/4293/2875 4292/4292/2874 4286/4286/2868
f 4291/4291/2873 4292/4292/2874 4294/4294/2876
f 4291/4291/2873 4294/4294/2876 4290/4290/2872
f 4295/4295/2877 4294/4294/2876 4292/4292/2874
f 4282/4282/2864 4296/4296/2878 4286/4286/2868
f 4286/4286/2868 4297/4297/2879 4293/4293/2875
f 4297/4297/2879 4286/4286/2868 4296/4296/2878
f 4298/4298/2880 4293/4293/2875 4297/4297/2879
f 4293/4293/2875 4299/4299/2881 4292/4292/2874
f 4293/4293/2875 4298/4298/2880 4299/4299/2881
f 4300/4300/2882 4292/4292/2874 4299/4299/2881
f 4292/4292/2874 4300/4300/2882 4295/4295/2877
f 4301/4301/2883 4299/4299/2881 4298/4298/2880
f 4302/4302/2884 4295/4295/2877 4300/4300/2882
f 4301/4301/2883 4303/4303/2885 4299/4299/2881
f 4304/4304/2886 4299/4299/2881 4303/4303/2885
f 4299/4299/2881 4304/4304/2886 4300/4300/2882
f 4305/4305/2887 4300/4300/2882 4304/4304/2886
f 4302/4302/2884 4300/4300/2882 4306/4306/2888
f 4305/4305/2887 4306/4306/2888 4300/4300/2882
f 4296/4296/2878 4307/4307/2889 4297/4297/2879
f 4308/4308/2890 4297/4297/2879 4307/4307/2889
f 4296/4296/2878 4309/4309/2891 4307/4307/2889
f 4309/4309/2891 4296/4296/2878 4282/4282/2864
f 4310/4310/2892 4307/4307/2889 4309/4309/2891
f 4309/4309/2891 4311/4311/2893 4310/4310/2892
f 4312/4312/2894 4310/4310/2892 4311/4311/2893
f 4311/4311/2893 4309/4309/2891 4313/4313/2895
f 4281/4281/2863 4313/4313/2895 4309/4309/2891
f 4281/4281/2863 4309/4309/2891 4282/4282/2864
f 4310/4310/2892 4312/4312/2894 4314/4314/2896
f 4315/4315/2897 4314/4314/2896 4312/4312/2894
f 4314/4314/2896 4316/4316/2898 4310/4310/2892
f 4307/4307/2889 4310/4310/2892 4316/4316/2898
f 4307/4307/2889 4316/4316/2898 4308/4308/2890
f 4317/4317/2899 4308/4308/2890 4316/4316/2898
f 4316/4316/2898 4318/4318/2900 4317/4317/2899
f 4319/4319/2901 4317/4317/2899 4318/4318/2900
f 4314/4314/2896 4320/4320/2902 4316/4316/2898
f 4318/4318/2900 4316/4316/2898 4320/4320/2902
f 4315/4315/2897 4321/4321/2903 4314/4314/2896
f 4320/4320/2902 4314/4314/2896 4321/4321/2903
f 4313/4313/2895 4281/4281/2863 4322/4322/2904
f 4283/4283/2865 4322/4322/2904 4281/4281/2863
f 4322/4322/2904 4283/4283/2865 4323/4323/2905
f 4323/4323/2905 4324/4324/2906 4322/4322/2904
f 4325/4325/2907 4322/4322/2904 4324/4324/2906
f 4323/4323/2905 4326/4326/2908 4324/4324/2906
f 4327/4327/2909 4324/4324/2906 4326/4326/2908
f 4326/4326/2908 4328/4328/2910 4327/4327/2909
f 4329/4329/2911 4327/4327/2909 4328/4328/2910
f 4327/4327/2909 4329/4329/2911 4330/4330/2912
f 4331/4331/2913 4330/4330/2912 4329/4329/2911
f 4330/4330/2912 4331/4331/2913 4332/4332/2914
f 4330/4330/2912 4332/4332/2914 4333/4333/2915
f 4330/4330/2912 4333/4333/2915 4327/4327/2909
f 4324/4324/2906 4327/4327/2909 4333/4333/2915
f 4334/4334/2916 4333/4333/2915 4332/4332/2914
f 4333/4333/2915 4334/4334/2916 4335/4335/2917
f 4333/4333/2915 4335/4335/2917 4324/4324/2906
f 4325/4325/2907 4324/4324/2906 4335/4335/2917
f 4336/4336/2918 4335/4335/2917 4334/4334/2916
f 4336/4336/2918 4334/4334/2916 4337/4337/2919
f 4334/4334/2916 4332/4332/2914 4337/4337/2919
f 4338/4338/2920 4337/4337/2919 4332/4332/2914
f 4339/4339/2921 4332/4332/2914 4331/4331/2913
f 4339/4339/2921 4338/4338/2920 4332/4332/2914
f 4340/4340/2922 4328/4328/2910 4326/4326/2908
f 4326/4326/2908 4341/4341/2923 4340/4340/2922
f 4342/4342/2924 4340/4340/2922 4341/4341/2923
f 4284/4284/2866 4342/4342/2924 4341/4341/2923
f 4284/4284/2866 4287/4287/2869 4342/4342/2924
f 4343/4343/2925 4342/4342/2924 4287/4287/2869
f 4343/4343/2925 4287/4287/2869 4344/4344/2926
f 4288/4288/2870 4344/4344/2926 4287/4287/2869
f 4288/4288/2870 4345/4345/2927 4344/4344/2926
f 4344/4344/2926 4345/4345/2927 4346/4346/2928
f 4346/4346/2928 4345/4345/2927 4347/4347/2929
f 4288/4288/2870 4289/4289/2871 4345/4345/2927
f 4348/4348/2930 4345/4345/2927 4289/4289/2871
f 4289/4289/2871 4349/4349/2931 4348/4348/2930
f 4289/4289/2871 4290/4290/2872 4349/4349/2931
f 4349/4349/2931 4290/4290/2872 4350/4350/2932
f 4351/4351/2933 4350/4350/2932 4290/4290/2872
f 4290/4290/2872 4294/4294/2876 4351/4351/2933
f 4352/4352/2934 4351/4351/2933 4294/4294/2876
f 4353/4353/2935 4348/4348/2930 4349/4349/2931
f 4349/4349/2931 4350/4350/2932 4354/4354/2936
f 4349/4349/2931 4354/4354/2936 4353/4353/2935
f 4355/4355/2937 4354/4354/2936 4350/4350/2932
f 4351/4351/2933 4352/4352/2934 4356/4356/2938
f 4351/4351/2933 4356/4356/2938 4350/4350/2932
f 4357/4357/2939 4356/4356/2938 4352/4352/2934
f 4358/4358/2940 4350/4350/2932 4356/4356/2938
f 4350/4350/2932 4358/4358/2940 4355/4355/2937
f 4359/4359/2941 4355/4355/2937 4358/4358/2940
f 4359/4359/2941 4358/4358/2940 4360/4360/2942
f 4361/4361/2943 4360/4360/2942 4358/4358/2940
f 4356/4356/2938 4362/4362/2944 4358/4358/2940
f 4361/4361/2943 4358/4358/2940 4362/4362/2944
f 4357/4357/2939 4363/4363/2945 4356/4356/2938
f 4362/4362/2944 4356/4356/2938 4363/4363/2945
f 4353/4353/2935 4354/4354/2936 4364/4364/2946
f 4365/4365/2947 4364/4364/2946 4354/4354/2936
f 4353/4353/2935 4364/4364/2946 4366/4366/2948
f 4367/4367/2949 4366/4366/2948 4364/4364/2946
f 4366/4366/2948 4367/4367/2949 4368/4368/2950
f 4369/4369/2951 4368/4368/2950 4367/4367/2949
f 4368/4368/2950 4370/4370/2952 4366/4366/2948
f 4371/4371/2953 4366/4366/2948 4370/4370/2952
f 4366/4366/2948 4371/4371/2953 4348/4348/2930
f 4348/4348/2930 4371/4371/2953 4345/4345/2927
f 4347/4347/2929 4345/4345/2927 4371/4371/2953
f 4371/4371/2953 4370/4370/2952 4347/4347/2929
f 4364/4364/2946 4365/4365/2947 4372/4372/2954
f 4364/4364/2946 4372/4372/2954 4367/4367/2949
f 4373/4373/2955 4372/4372/2954 4365/4365/2947
f 4374/4374/2956 4367/4367/2949 4372/4372/2954
f 4367/4367/2949 4374/4374/2956 4369/4369/2951
f 4375/4375/2957 4369/4369/2951 4374/4374/2956
f 4375/4375/2957 4374/4374/2956 4376/4376/2958
f 4377/4377/2959 4376/4376/2958 4374/4374/2956
f 4377/4377/2959 4374/4374/2956 4378/4378/2960
f 4372/4372/2954 4378/4378/2960 4374/4374/2956
f 4373/4373/2955 4379/4379/2961 4372/4372/2954
f 4378/4378/2960 4372/4372/2954 4379/4379/2961
f 4380/4380/2962 4347/4347/2929 4370/4370/2952
f 4347/4347/2929 4380/4380/2962 4346/4346/2928
f 4381/4381/2963 4346/4346/2928 4380/4380/2962
f 4353/4353/2935 4366/4366/2948 4348/4348/2930
f 4382/4382/2964 4383/4383/2965 4384/4384/2966
f 4383/4383/2965 4382/4382/2964 4385/4385/2917
f 4386/4386/2967 4385/4385/2917 4382/4382/2964
f 4383/4383/2965 4387/4387/2919 4384/4384/2966
f 4387/4387/2919 4388/4388/2920 4384/4384/2966
f 4389/4389/2968 4384/4384/2966 4388/4388/2920
f 4389/4389/2968 4390/4390/2969 4384/4384/2966
f 4382/4382/2964 4384/4384/2966 4390/4390/2969
f 4390/4390/2969 4389/4389/2968 4391/4391/2970
f 4388/4388/2920 4391/4391/2970 4389/4389/2968
f 4391/4391/2970 4392/4392/2971 4390/4390/2969
f 4393/4393/2972 4390/4390/2969 4392/4392/2971
f 4390/4390/2969 4393/4393/2972 4382/4382/2964
f 4386/4386/2967 4382/4382/2964 4393/4393/2972
f 4386/4386/2967 4394/4394/2973 4385/4385/2917
f 4395/4395/2907 4385/4385/2917 4394/4394/2973
f 4394/4394/2973 4396/4396/2974 4395/4395/2907
f 4394/4394/2973 4397/4397/2975 4396/4396/2974
f 4398/4398/2976 4396/4396/2974 4397/4397/2975
f 4398/4398/2976 4399/4399/2977 4396/4396/2974
f 4399/4399/2977 4400/4400/2978 4396/4396/2974
f 4400/4400/2978 4399/4399/2977 4401/4401/2894
f 4402/4402/2979 4401/4401/2894 4399/4399/2977
f 4401/4401/2894 4402/4402/2979 4403/4403/2897
f 4404/4404/2980 4403/4403/2897 4402/4402/2979
f 4403/4403/2897 4404/4404/2980 4405/4405/2903
f 4406/4406/2981 4405/4405/2903 4404/4404/2980
f 4406/4406/2981 4407/4407/2982 4405/4405/2903
f 4407/4407/2982 4406/4406/2981 4408/4408/2983
f 4409/4409/2984 4408/4408/2983 4406/4406/2981
f 4406/4406/2981 4404/4404/2980 4409/4409/2984
f 4408/4408/2983 4409/4409/2984 4410/4410/2901
f 4411/4411/2895 4396/4396/2974 4400/4400/2978
f 4402/4402/2979 4399/4399/2977 4412/4412/2985
f 4413/4413/2986 4412/4412/2985 4399/4399/2977
f 4398/4398/2976 4413/4413/2986 4399/4399/2977
f 4398/4398/2976 4414/4414/2987 4413/4413/2986
f 4415/4415/2988 4413/4413/2986 4414/4414/2987
f 4404/4404/2980 4402/4402/2979 4416/4416/2989
f 4412/4412/2985 4416/4416/2989 4402/4402/2979
f 4416/4416/2989 4409/4409/2984 4404/4404/2980
f 4409/4409/2984 4416/4416/2989 4410/4410/2901
f 4413/4413/2986 4415/4415/2988 4417/4417/2990
f 4417/4417/2990 4415/4415/2988 4418/4418/2880
f 4419/4419/2879 4417/4417/2990 4418/4418/2880
f 4419/4419/2879 4420/4420/2991 4417/4417/2990
f 4412/4412/2985 4413/4413/2986 4420/4420/2991
f 4417/4417/2990 4420/4420/2991 4413/4413/2986
f 4421/4421/2992 4418/4418/2880 4415/4415/2988
f 4418/4418/2880 4421/4421/2992 4422/4422/2993
f 4423/4423/2994 4422/4422/2993 4421/4421/2992
f 4422/4422/2993 4423/4423/2994 4424/4424/2885
f 4425/4425/2995 4424/4424/2885 4423/4423/2994
f 4426/4426/2886 4424/4424/2885 4425/4425/2995
f 4425/4425/2995 4427/4427/2996 4426/4426/2886
f 4425/4425/2995 4423/4423/2994 4427/4427/2996
f 4428/4428/2887 4426/4426/2886 4427/4427/2996
f 4429/4429/2888 4428/4428/2887 4427/4427/2996
f 4427/4427/2996 4430/4430/2997 4429/4429/2888
f 4430/4430/2997 4427/4427/2996 4423/4423/2994
f 4431/4431/2998 4429/4429/2888 4430/4430/2997
f 4430/4430/2997 4432/4432/2999 4431/4431/2998
f 4430/4430/2997 4423/4423/2994 4432/4432/2999
f 4421/4421/2992 4432/4432/2999 4423/4423/2994
f 4433/4433/3000 4431/4431/2998 4432/4432/2999
f 4432/4432/2999 4434/4434/3001 4433/4433/3000
f 4435/4435/3002 4433/4433/3000 4434/4434/3001
f 4436/4436/2876 4433/4433/3000 4435/4435/3002
f 4437/4437/2934 4436/4436/2876 4435/4435/3002
f 4435/4435/3002 4438/4438/3003 4437/4437/2934
f 4435/4435/3002 4434/4434/3001 4438/4438/3003
f 4439/4439/3004 4437/4437/2934 4438/4438/3003
f 4437/4437/2934 4439/4439/3004 4440/4440/3005
f 4441/4441/3006 4440/4440/3005 4439/4439/3004
f 4440/4440/3005 4441/4441/3006 4442/4442/2945
f 4443/4443/3007 4442/4442/2945 4441/4441/3006
f 4443/4443/3007 4444/4444/3008 4442/4442/2945
f 4443/4443/3007 4445/4445/3009 4444/4444/3008
f 4446/4446/2943 4444/4444/3008 4445/4445/3009
f 4446/4446/2943 4445/4445/3009 4447/4447/3010
f 4445/4445/3009 4448/4448/3011 4447/4447/3010
f 4441/4441/3006 4448/4448/3011 4443/4443/3007
f 4445/4445/3009 4443/4443/3007 4448/4448/3011
f 4449/4449/2941 4447/4447/3010 4448/4448/3011
f 4448/4448/3011 4450/4450/3012 4449/4449/2941
f 4448/4448/3011 4441/4441/3006 4450/4450/3012
f 4439/4439/3004 4450/4450/3012 4441/4441/3006
f 4451/4451/2937 4449/4449/2941 4450/4450/3012
f 4450/4450/3012 4439/4439/3004 4452/4452/3013
f 4438/4438/3003 4452/4452/3013 4439/4439/3004
f 4438/4438/3003 4453/4453/3014 4452/4452/3013
f 4434/4434/3001 4453/4453/3014 4438/4438/3003
f 4453/4453/3014 4434/4434/3001 4414/4414/2987
f 4415/4415/2988 4414/4414/2987 4434/4434/3001
f 4434/4434/3001 4432/4432/2999 4415/4415/2988
f 4421/4421/2992 4415/4415/2988 4432/4432/2999
f 4453/4453/3014 4414/4414/2987 4454/4454/3015
f 4454/4454/3015 4414/4414/2987 4398/4398/2976
f 4397/4397/2975 4454/4454/3015 4398/4398/2976
f 4397/4397/2975 4455/4455/3016 4454/4454/3015
f 4456/4456/3017 4455/4455/3016 4397/4397/2975
f 4455/4455/3016 4456/4456/3017 4457/4457/3018
f 4458/4458/3019 4457/4457/3018 4456/4456/3017
f 4455/4455/3016 4457/4457/3018 4459/4459/3020
f 4460/4460/2962 4455/4455/3016 4459/4459/3020
f 4455/4455/3016 4460/4460/2962 4454/4454/3015
f 4461/4461/2963 4460/4460/2962 4459/4459/3020
f 4458/4458/3019 4456/4456/3017 4462/4462/2922
f 4463/4463/2910 4462/4462/2922 4456/4456/3017
f 4456/4456/3017 4464/4464/3021 4463/4463/2910
f 4465/4465/3022 4463/4463/2910 4464/4464/3021
f 4397/4397/2975 4466/4466/3023 4456/4456/3017
f 4464/4464/3021 4456/4456/3017 4466/4466/3023
f 4467/4467/3024 4454/4454/3015 4460/4460/2962
f 4468/4468/2952 4467/4467/3024 4460/4460/2962
f 4468/4468/2952 4469/4469/3025 4467/4467/3024
f 4470/4470/3026 4467/4467/3024 4469/4469/3025
f 4469/4469/3025 4471/4471/3027 4470/4470/3026
f 4472/4472/3028 4470/4470/3026 4471/4471/3027
f 4471/4471/3027 4473/4473/2957 4472/4472/3028
f 4474/4474/3029 4472/4472/3028 4473/4473/2957
f 4473/4473/2957 4475/4475/2958 4474/4474/3029
f 4476/4476/3030 4474/4474/3029 4475/4475/2958
f 4476/4476/3030 4475/4475/2958 4477/4477/2959
f 4477/4477/2959 4478/4478/2960 4476/4476/3030
f 4479/4479/3031 4476/4476/3030 4478/4478/2960
f 4476/4476/3030 4479/4479/3031 4474/4474/3029
f 4479/4479/3031 4478/4478/2960 4480/4480/3032
f 4479/4479/3031 4480/4480/3032 4481/4481/3033
f 4481/4481/3033 4474/4474/3029 4479/4479/3031
f 4474/4474/3029 4481/4481/3033 4472/4472/3028
f 4482/4482/2955 4481/4481/3033 4480/4480/3032
f 4481/4481/3033 4482/4482/2955 4483/4483/3034
f 4483/4483/3034 4472/4472/3028 4481/4481/3033
f 4472/4472/3028 4483/4483/3034 4470/4470/3026
f 4484/4484/2947 4483/4483/3034 4482/4482/2955
f 4483/4483/3034 4484/4484/2947 4485/4485/3035
f 4485/4485/3035 4470/4470/3026 4483/4483/3034
f 4486/4486/3036 4485/4485/3035 4484/4484/2947
f 4484/4484/2947 4487/4487/3037 4486/4486/3036
f 4486/4486/3036 4487/4487/3037 4451/4451/2937
f 4452/4452/3013 4485/4485/3035 4486/4486/3036
f 4485/4485/3035 4452/4452/3013 4488/4488/3038
f 4488/4488/3038 4467/4467/3024 4485/4485/3035
f 4470/4470/3026 4485/4485/3035 4467/4467/3024
f 4488/4488/3038 4452/4452/3013 4453/4453/3014
f 4452/4452/3013 4486/4486/3036 4450/4450/3012
f 4451/4451/2937 4450/4450/3012 4486/4486/3036
f 4454/4454/3015 4488/4488/3038 4453/4453/3014
f 4488/4488/3038 4454/4454/3015 4467/4467/3024
f 4416/4416/2989 4412/4412/2985 4489/4489/3039
f 4420/4420/2991 4489/4489/3039 4412/4412/2985
f 4489/4489/3039 4410/4410/2901 4416/4416/2989
f 4466/4466/3023 4397/4397/2975 4394/4394/2973
f 4394/4394/2973 4386/4386/2967 4466/4466/3023
f 4466/4466/3023 4386/4386/2967 4464/4464/3021
f 4393/4393/2972 4464/4464/3021 4386/4386/2967
f 4393/4393/2972 4392/4392/2971 4464/4464/3021
f 4464/4464/3021 4392/4392/2971 4465/4465/3022
f 4411/4411/2895 4395/4395/2907 4396/4396/2974
f 4395/4395/2907 4411/4411/2895 4490/4490/2904
f 4326/4326/2908 4323/4323/2905 4341/4341/2923
f 4341/4341/2923 4323/4323/2905 4283/4283/2865
f 4341/4341/2923 4283/4283/2865 4284/4284/2866
o BS059_CopyX_HandMesh_R
v -0.339635 1.217627 0.022039
v -0.346247 1.213851 0.026358
v -0.326241 1.207741 0.017868
v -0.357716 1.242460 0.035919
v -0.341655 1.242851 0.029673
v -0.338081 1.265935 0.020942
v -0.343705 1.242859 -0.011887
v -0.335310 1.275464 -0.016364
v -0.325503 1.271010 0.018224
v -0.321001 1.276218 -0.016205
v -0.322034 1.269404 -0.051157
v -0.336988 1.268041 -0.050295
v -0.322069 1.241256 -0.060538
v -0.337090 1.241129 -0.059126
v -0.336791 1.214589 -0.050623
v -0.321992 1.213397 -0.051429
v -0.336981 1.203559 -0.016534
v -0.322408 1.202340 -0.015922
v -0.345569 1.269868 0.024225
v -0.326732 1.280796 0.022398
v -0.325503 1.271010 0.018224
v -0.322848 1.286753 -0.016927
v -0.321001 1.276218 -0.016205
v -0.346857 1.296647 0.021651
v -0.342995 1.302371 -0.017944
v -0.406582 1.305345 -0.017984
v -0.406284 1.285322 0.032383
v -0.348979 1.277713 0.033626
v -0.364644 1.242873 0.046903
v -0.357716 1.242460 0.035919
v -0.345569 1.269868 0.024225
v -0.406211 1.241894 0.050497
v -0.458923 1.273959 0.022861
v -0.458939 1.288604 -0.017984
v -0.459232 1.241290 0.036297
v -0.510179 1.272547 0.019230
v -0.510372 1.284871 -0.017984
v -0.510260 1.241243 0.030060
v -0.350274 1.205262 0.035272
v -0.346247 1.213851 0.026358
v -0.409373 1.196263 0.032119
v -0.350528 1.189816 0.022150
v -0.410302 1.178002 -0.018755
v -0.348187 1.182940 -0.017558
v -0.458894 1.208085 0.021083
v -0.458215 1.193396 -0.017984
v -0.510576 1.212250 0.018156
v -0.511771 1.200571 -0.017947
v -0.324732 1.193353 -0.016495
v -0.329988 1.198532 0.023241
v -0.326241 1.207741 0.017868
v -0.322408 1.202340 -0.015922
v -0.516039 1.184451 -0.017984
v -0.516098 1.200800 0.029252
v -0.516247 1.241846 0.046063
v -0.516562 1.280210 0.030817
v -0.516393 1.295486 -0.017984
v -0.570279 1.294412 -0.017984
v -0.570040 1.280211 0.030817
v -0.579750 1.272241 0.018331
v -0.579691 1.283621 -0.017984
v -0.579740 1.241616 0.031432
v -0.569897 1.240986 0.046063
v -0.579624 1.209630 0.018331
v -0.569749 1.199940 0.029252
v -0.569689 1.183590 -0.017984
v -0.579578 1.196890 -0.017984
v -0.510153 1.272993 -0.054294
v -0.459726 1.274156 -0.058628
v -0.406111 1.287564 -0.069703
v -0.351028 1.289563 -0.068168
v -0.354273 1.243552 -0.085089
v -0.407590 1.241803 -0.085632
v -0.459232 1.241290 -0.071499
v -0.509864 1.241869 -0.067791
v -0.352051 1.199230 -0.070254
v -0.408840 1.195439 -0.068174
v -0.410302 1.178002 -0.018755
v -0.348187 1.182940 -0.017558
v -0.458582 1.207567 -0.057294
v -0.458215 1.193396 -0.017984
v -0.510335 1.211845 -0.054280
v -0.511771 1.200571 -0.017947
v -0.516039 1.184451 -0.017984
v -0.516098 1.200800 -0.065463
v -0.516247 1.241846 -0.083055
v -0.516403 1.281067 -0.066902
v -0.570040 1.280211 -0.067028
v -0.579750 1.272241 -0.054543
v -0.579740 1.241616 -0.068424
v -0.569897 1.240986 -0.083055
v -0.579624 1.209630 -0.054543
v -0.569749 1.199940 -0.065463
v -0.569689 1.183590 -0.017984
v -0.579578 1.196890 -0.017984
v -0.579691 1.283621 -0.017984
v -0.579740 1.241616 -0.017984
v -0.579750 1.272241 0.018331
v -0.579740 1.241616 0.031432
v -0.579624 1.209630 0.018331
v -0.579578 1.196890 -0.017984
v -0.579750 1.272241 -0.054543
v -0.579740 1.241616 -0.068424
v -0.579624 1.209630 -0.054543
v -0.322034 1.269404 -0.051157
v -0.326025 1.276207 -0.058423
v -0.327045 1.242441 -0.070541
v -0.322069 1.241256 -0.060538
v -0.325639 1.207387 -0.059413
v -0.321992 1.213397 -0.051429
v -0.324732 1.193353 -0.016495
v -0.322408 1.202340 -0.015922
v -0.613830 1.276986 0.022789
v -0.680228 1.277137 0.026603
v -0.643456 1.265956 0.044619
v -0.678871 1.268280 0.043652
v -0.680489 1.281417 -0.014152
v -0.697742 1.273780 0.003715
v -0.613287 1.284811 -0.016275
v -0.615754 1.276323 -0.061672
v -0.680828 1.274314 -0.060321
v -0.697631 1.270957 -0.040209
v -0.697256 1.273018 -0.018731
v -0.743365 1.248849 -0.016161
v -0.743979 1.250528 0.001037
v -0.704764 1.257563 -0.028028
v -0.736681 1.236313 -0.023752
v -0.698979 1.269077 0.023940
v -0.705275 1.255848 0.013355
v -0.736843 1.238606 0.010721
v -0.767984 1.218115 0.001280
v -0.766979 1.217088 -0.014968
v -0.760954 1.211970 0.010168
v -0.760185 1.209518 -0.020987
v -0.775492 1.178571 0.008221
v -0.784144 1.176190 0.002608
v -0.783842 1.175433 -0.014003
v -0.775763 1.176485 -0.019137
v -0.739096 1.243366 0.032393
v -0.733913 1.229021 0.021563
v -0.697471 1.264936 0.043180
v -0.737414 1.242275 0.047036
v -0.696309 1.243225 0.050337
v -0.730726 1.227288 0.054035
v -0.677582 1.245500 0.048311
v -0.761069 1.213985 0.048431
v -0.751814 1.204515 0.054234
v -0.762091 1.213994 0.035516
v -0.752875 1.203601 0.025753
v -0.776039 1.177783 0.034904
v -0.765600 1.176618 0.026412
v -0.775776 1.177751 0.047437
v -0.764553 1.177095 0.054110
v -0.655591 1.247269 0.053250
v -0.631591 1.245543 0.061203
v -0.647605 1.227846 0.075132
v -0.659440 1.224544 0.057035
v -0.608664 1.224697 0.065459
v -0.634023 1.211246 0.084170
v -0.610430 1.197937 0.058794
v -0.631926 1.193952 0.078025
v -0.659363 1.199193 0.097359
v -0.655871 1.181587 0.088357
v -0.685560 1.179083 0.105275
v -0.668541 1.211386 0.089992
v -0.695166 1.192325 0.096345
v -0.675905 1.209240 0.074281
v -0.697730 1.191197 0.083174
v -0.707978 1.179238 0.095925
v -0.699652 1.167757 0.105367
v -0.682083 1.167017 0.097378
v -0.578163 1.229126 0.019915
v -0.612152 1.258798 0.049871
v -0.578547 1.262328 0.019236
v -0.577935 1.274333 -0.017671
v -0.577980 1.267002 -0.051742
v -0.616436 1.258726 -0.078889
v -0.577916 1.247768 -0.061670
v -0.617288 1.239900 -0.087380
v -0.681439 1.259193 -0.083975
v -0.696909 1.264145 -0.061974
v -0.739239 1.238041 -0.056771
v -0.740760 1.241895 -0.042297
v -0.734754 1.233599 -0.032146
v -0.696981 1.252140 -0.081204
v -0.703319 1.243118 -0.064381
v -0.732451 1.225647 -0.060427
v -0.765379 1.208300 -0.040799
v -0.759140 1.203338 -0.032310
v -0.763921 1.204917 -0.054105
v -0.756333 1.197690 -0.058151
v -0.770940 1.170410 -0.055916
v -0.779025 1.168640 -0.050151
v -0.780567 1.171065 -0.037345
v -0.773814 1.174650 -0.030300
v -0.735764 1.227311 -0.080121
v -0.731823 1.219755 -0.067062
v -0.695318 1.241302 -0.093568
v -0.732330 1.221248 -0.092965
v -0.697798 1.219931 -0.090320
v -0.725497 1.207790 -0.092407
v -0.676663 1.220381 -0.091498
v -0.677921 1.240976 -0.096024
v -0.758369 1.201707 -0.078795
v -0.754080 1.197753 -0.068084
v -0.754735 1.197150 -0.090775
v -0.747404 1.189587 -0.090577
v -0.760319 1.169834 -0.088123
v -0.769892 1.170551 -0.085835
v -0.772761 1.173964 -0.075646
v -0.764511 1.175766 -0.066720
v -0.617866 1.211869 -0.079428
v -0.578477 1.227707 -0.056171
v -0.697730 1.191197 0.083174
v -0.692500 1.177885 0.075213
v -0.704638 1.174693 0.087792
v -0.675905 1.209240 0.074281
v -0.671202 1.191528 0.064907
v -0.707978 1.179238 0.095925
v -0.699652 1.167757 0.105367
v -0.696453 1.163220 0.095887
v -0.685030 1.167346 0.084471
v -0.682083 1.167017 0.097378
v -0.655871 1.181587 0.088357
v -0.661444 1.177993 0.074942
v -0.660610 1.207499 0.045856
v -0.659440 1.224544 0.057035
v -0.678540 1.226945 0.040749
v -0.659343 1.209671 0.009591
v -0.684130 1.223520 0.020765
v -0.697709 1.225306 0.040594
v -0.696309 1.243225 0.050337
v -0.730726 1.227288 0.054035
v -0.725547 1.215864 0.045128
v -0.751814 1.204515 0.054234
v -0.743459 1.196222 0.046614
v -0.764553 1.177095 0.054110
v -0.760386 1.169340 0.047230
v -0.775776 1.177751 0.047437
v -0.776039 1.177783 0.034904
v -0.761096 1.168989 0.034123
v -0.765600 1.176618 0.026412
v -0.677582 1.245500 0.048311
v -0.727058 1.216010 0.027803
v -0.700514 1.224195 0.022219
v -0.692034 1.226002 0.002499
v -0.704375 1.233478 0.002100
v -0.744141 1.195584 0.031559
v -0.707345 1.242151 0.012141
v -0.736843 1.238606 0.010721
v -0.705275 1.255848 0.013355
v -0.733913 1.229021 0.021563
v -0.730537 1.226132 0.001927
v -0.760954 1.211970 0.010168
v -0.751525 1.200207 0.001904
v -0.775492 1.178571 0.008221
v -0.770150 1.173190 0.001834
v -0.784144 1.176190 0.002608
v -0.770184 1.172851 -0.012369
v -0.783842 1.175433 -0.014003
v -0.775763 1.176485 -0.019137
v -0.751443 1.200536 -0.013874
v -0.760185 1.209518 -0.020987
v -0.730140 1.223836 -0.014867
v -0.736681 1.236313 -0.023752
v -0.704619 1.233162 -0.017421
v -0.707055 1.242439 -0.027292
v -0.704764 1.257563 -0.028028
v -0.734754 1.233599 -0.032146
v -0.702942 1.228056 -0.031513
v -0.728263 1.219462 -0.034945
v -0.759140 1.203338 -0.032310
v -0.749434 1.194382 -0.035174
v -0.773814 1.174650 -0.030300
v -0.770129 1.166393 -0.035357
v -0.780567 1.171065 -0.037345
v -0.769055 1.164774 -0.046315
v -0.779025 1.168640 -0.050151
v -0.770940 1.170410 -0.055916
v -0.747849 1.192316 -0.048662
v -0.756333 1.197690 -0.058151
v -0.726209 1.216083 -0.049708
v -0.732451 1.225647 -0.060427
v -0.701144 1.223947 -0.048491
v -0.691337 1.220171 -0.023505
v -0.670184 1.219853 -0.034536
v -0.617311 1.194863 -0.030912
v -0.618526 1.184143 0.040616
v -0.578156 1.209350 -0.019960
v -0.578079 1.210690 0.004449
v -0.578251 1.213595 -0.044481
v -0.617866 1.211869 -0.079428
v -0.578477 1.227707 -0.056171
v -0.578163 1.229126 0.019915
v -0.610430 1.197937 0.058794
v -0.637601 1.181907 0.059576
v -0.631926 1.193952 0.078025
v -0.653563 1.193182 0.043697
v -0.675947 1.209074 -0.076947
v -0.676663 1.220381 -0.091498
v -0.697798 1.219931 -0.090320
v -0.698490 1.211272 -0.076813
v -0.725497 1.207790 -0.092407
v -0.724047 1.200045 -0.079839
v -0.747404 1.189587 -0.090577
v -0.741779 1.184118 -0.079525
v -0.760319 1.169834 -0.088123
v -0.757862 1.164865 -0.079895
v -0.769892 1.170551 -0.085835
v -0.772761 1.173964 -0.075646
v -0.759619 1.167376 -0.070586
v -0.764511 1.175766 -0.066720
v -0.743499 1.185566 -0.069111
v -0.754080 1.197753 -0.068084
v -0.726336 1.203175 -0.068270
v -0.731823 1.219755 -0.067062
v -0.701462 1.216520 -0.063025
v -0.704866 1.231215 -0.060742
v -0.703319 1.243118 -0.064381
v -0.688666 1.213557 -0.052606
v -0.752875 1.203601 0.025753
v -0.655591 1.247269 0.053250
vt 0.524885 0.341400
vt 0.529038 0.343169
vt 0.521303 0.353160
vt 0.537925 0.327498
vt 0.528832 0.326746
vt 0.524934 0.312687
vt 0.508231 0.326364
vt 0.504004 0.308955
vt 0.521586 0.303219
vt 0.501948 0.301668
vt 0.482060 0.309330
vt 0.487243 0.314712
vt 0.474397 0.327075
vt 0.482809 0.327568
vt 0.486891 0.340372
vt 0.481413 0.345328
vt 0.503728 0.347284
vt 0.502029 0.354734
vt 0.529403 0.311647
vt 0.394803 0.981050
vt 0.393699 0.988579
vt 0.374426 0.981050
vt 0.374476 0.988579
vt 0.396304 0.971758
vt 0.377266 0.969739
vt 0.380725 0.938472
vt 0.407181 0.946114
vt 0.405935 0.981050
vt 0.426825 0.981050
vt 0.427067 0.988579
vt 0.405225 0.988579
vt 0.427942 0.950880
vt 0.407823 0.913056
vt 0.381348 0.909863
vt 0.428055 0.914951
vt 0.406666 0.881861
vt 0.380756 0.881861
vt 0.428106 0.881861
vt 0.448321 0.981050
vt 0.447839 0.988579
vt 0.449912 0.944546
vt 0.457714 0.972747
vt 0.476122 0.938301
vt 0.476122 0.970015
vt 0.449443 0.914147
vt 0.476122 0.912402
vt 0.449171 0.881861
vt 0.476122 0.881861
vt 0.476122 0.981050
vt 0.457828 0.981050
vt 0.458833 0.988579
vt 0.476122 0.988579
vt 0.476122 0.873454
vt 0.448923 0.873454
vt 0.427345 0.873454
vt 0.407214 0.873454
vt 0.380594 0.873454
vt 0.380857 0.844155
vt 0.406103 0.844155
vt 0.404173 0.835149
vt 0.381025 0.835149
vt 0.425653 0.835149
vt 0.426441 0.844155
vt 0.447751 0.835149
vt 0.448258 0.844155
vt 0.476122 0.844155
vt 0.476122 0.835149
vt 0.355432 0.881861
vt 0.354136 0.908009
vt 0.354266 0.936963
vt 0.353787 0.965096
vt 0.332761 0.964281
vt 0.332109 0.935851
vt 0.332485 0.907575
vt 0.332494 0.881861
vt 0.311960 0.965859
vt 0.309479 0.935619
vt 0.284649 0.936342
vt 0.284649 0.969457
vt 0.310145 0.907658
vt 0.284649 0.905452
vt 0.310012 0.881861
vt 0.284649 0.881861
vt 0.284649 0.873454
vt 0.310255 0.873454
vt 0.332577 0.873454
vt 0.353734 0.873454
vt 0.355082 0.844155
vt 0.357396 0.835149
vt 0.335077 0.835149
vt 0.334094 0.844155
vt 0.312021 0.835149
vt 0.311586 0.844155
vt 0.284649 0.844155
vt 0.284649 0.835149
vt 0.253130 0.252137
vt 0.255119 0.274420
vt 0.234515 0.259849
vt 0.229056 0.276701
vt 0.237478 0.293065
vt 0.257238 0.298149
vt 0.272954 0.256487
vt 0.281725 0.272093
vt 0.275917 0.289704
vt 0.352881 0.988579
vt 0.352531 0.981050
vt 0.332965 0.981050
vt 0.332662 0.988579
vt 0.312106 0.981050
vt 0.311602 0.988579
vt 0.284649 0.981050
vt 0.284312 0.988579
vt 0.178027 0.472829
vt 0.213627 0.473647
vt 0.193580 0.485564
vt 0.212448 0.483932
vt 0.213745 0.451720
vt 0.224018 0.461393
vt 0.177359 0.452726
vt 0.177596 0.429730
vt 0.211292 0.426559
vt 0.222151 0.435378
vt 0.223401 0.447955
vt 0.253118 0.450990
vt 0.251531 0.459893
vt 0.231210 0.440309
vt 0.255606 0.444981
vt 0.224417 0.473569
vt 0.233203 0.469282
vt 0.251962 0.467369
vt 0.272539 0.462499
vt 0.273696 0.453919
vt 0.272673 0.468071
vt 0.275789 0.449412
vt 0.293184 0.468611
vt 0.296236 0.465423
vt 0.297389 0.456609
vt 0.296023 0.453239
vt 0.247142 0.485772
vt 0.251876 0.479426
vt 0.222141 0.484461
vt 0.244431 0.493054
vt 0.220874 0.492783
vt 0.243772 0.499922
vt 0.212023 0.491984
vt 0.262235 0.500027
vt 0.261285 0.505845
vt 0.264914 0.493700
vt 0.269275 0.487668
vt 0.284150 0.500567
vt 0.284676 0.494573
vt 0.281691 0.506916
vt 0.277512 0.511038
vt 0.199574 0.496818
vt 0.185880 0.499354
vt 0.191786 0.512902
vt 0.199779 0.508431
vt 0.171017 0.507428
vt 0.182115 0.521107
vt 0.162177 0.519077
vt 0.175248 0.528178
vt 0.192626 0.533199
vt 0.187213 0.538792
vt 0.202667 0.547740
vt 0.199372 0.527212
vt 0.210123 0.541025
vt 0.205431 0.523236
vt 0.214561 0.538501
vt 0.216030 0.548999
vt 0.208749 0.555414
vt 0.198844 0.552644
vt 0.147365 0.490253
vt 0.176806 0.489220
vt 0.157335 0.474703
vt 0.157722 0.452288
vt 0.156600 0.433076
vt 0.176391 0.417421
vt 0.153924 0.421179
vt 0.174655 0.406987
vt 0.209674 0.411801
vt 0.220390 0.422134
vt 0.246909 0.418279
vt 0.248434 0.426023
vt 0.251024 0.430957
vt 0.218160 0.409121
vt 0.228230 0.412915
vt 0.247551 0.412223
vt 0.269430 0.419269
vt 0.271735 0.423322
vt 0.267897 0.412105
vt 0.268126 0.407168
vt 0.284096 0.402740
vt 0.287946 0.405866
vt 0.289865 0.412623
vt 0.288134 0.417547
vt 0.237616 0.393933
vt 0.242316 0.397758
vt 0.215050 0.400300
vt 0.233068 0.387720
vt 0.215079 0.391261
vt 0.230665 0.382358
vt 0.204074 0.392706
vt 0.205928 0.400685
vt 0.250866 0.381682
vt 0.254812 0.384969
vt 0.246241 0.376336
vt 0.244090 0.372758
vt 0.254421 0.364145
vt 0.258474 0.365351
vt 0.262548 0.369723
vt 0.264349 0.375088
vt 0.170506 0.396595
vt 0.147644 0.411568
vt 0.551131 0.087093
vt 0.545904 0.080584
vt 0.555659 0.079071
vt 0.537063 0.094380
vt 0.531084 0.085139
vt 0.560803 0.080064
vt 0.561499 0.069834
vt 0.555648 0.071424
vt 0.547215 0.073001
vt 0.550756 0.066245
vt 0.535894 0.064125
vt 0.533120 0.073663
vt 0.516631 0.095678
vt 0.525817 0.101589
vt 0.512884 0.111716
vt 0.494194 0.098622
vt 0.499264 0.116633
vt 0.511944 0.122362
vt 0.523725 0.119094
vt 0.529600 0.131173
vt 0.521200 0.135249
vt 0.537733 0.142597
vt 0.530905 0.146512
vt 0.544588 0.156434
vt 0.540467 0.159116
vt 0.546964 0.163870
vt 0.541223 0.170072
vt 0.536332 0.163025
vt 0.532999 0.166818
vt 0.525345 0.112597
vt 0.512704 0.139929
vt 0.500482 0.126929
vt 0.485375 0.121689
vt 0.484157 0.131131
vt 0.524221 0.151348
vt 0.492322 0.137837
vt 0.487681 0.150112
vt 0.494021 0.144149
vt 0.506917 0.145770
vt 0.479502 0.146804
vt 0.484704 0.166880
vt 0.475765 0.165273
vt 0.476935 0.184735
vt 0.472524 0.182882
vt 0.473387 0.190440
vt 0.466119 0.181995
vt 0.462857 0.188365
vt 0.461485 0.182944
vt 0.467747 0.164069
vt 0.460039 0.163602
vt 0.470246 0.145117
vt 0.461525 0.146398
vt 0.467957 0.129090
vt 0.458747 0.132670
vt 0.455180 0.139399
vt 0.445482 0.137315
vt 0.456336 0.122336
vt 0.441115 0.130508
vt 0.429424 0.148319
vt 0.425574 0.142089
vt 0.414153 0.156631
vt 0.410823 0.153145
vt 0.407401 0.158422
vt 0.406980 0.149756
vt 0.401638 0.151737
vt 0.403711 0.145510
vt 0.420734 0.136763
vt 0.414485 0.132426
vt 0.434932 0.124537
vt 0.427044 0.120309
vt 0.444896 0.113178
vt 0.466114 0.116912
vt 0.464876 0.103644
vt 0.477232 0.072002
vt 0.509833 0.068844
vt 0.482214 0.047130
vt 0.492208 0.044879
vt 0.472463 0.045760
vt 0.455041 0.062568
vt 0.464890 0.040559
vt 0.498639 0.040294
vt 0.516575 0.057691
vt 0.520216 0.072452
vt 0.525673 0.060206
vt 0.514782 0.086795
vt 0.444724 0.087727
vt 0.439849 0.079148
vt 0.435026 0.082783
vt 0.436173 0.092518
vt 0.424679 0.079094
vt 0.422336 0.086885
vt 0.411927 0.073763
vt 0.410430 0.081071
vt 0.399267 0.071572
vt 0.398481 0.075832
vt 0.393296 0.071500
vt 0.389718 0.077857
vt 0.397345 0.080036
vt 0.394773 0.083841
vt 0.408123 0.086302
vt 0.403424 0.093547
vt 0.420946 0.093279
vt 0.418467 0.101758
vt 0.437495 0.102321
vt 0.433681 0.109970
vt 0.427705 0.111344
vt 0.448625 0.104130
vt 0.519430 0.156758
vt 0.532666 0.106659
vn 0.8103 0.2541 0.5281
vn 0.6441 0.2016 0.7379
vn 0.8591 0.4109 0.3051
vn 0.7247 0.0006 0.6891
vn 0.7691 0.0045 0.6391
vn 0.7242 -0.3169 0.6125
vn 0.9990 -0.0349 0.0283
vn 0.5942 -0.8042 0.0159
vn 0.7359 -0.5744 0.3585
vn 0.8341 -0.5484 0.0592
vn 0.9587 -0.2429 0.1478
vn 0.6105 -0.5892 0.5292
vn 0.9384 0.0057 0.3454
vn 0.6366 0.0008 0.7712
vn 0.6089 0.5575 0.5642
vn 0.9469 0.2249 0.2296
vn 0.6329 0.7718 0.0614
vn 0.8721 0.4811 0.0898
vn 0.5898 -0.2376 0.7718
vn 0.7446 0.2314 0.6262
vn 0.7359 -0.5745 0.3584
vn 0.8368 0.5473 -0.0136
vn 0.2638 0.8167 0.5132
vn 0.3547 0.9330 -0.0601
vn -0.1569 0.9876 0.0057
vn -0.1420 0.6870 0.7126
vn 0.3992 0.1692 0.9011
vn 0.3806 0.0153 0.9246
vn -0.0807 0.0061 0.9967
vn -0.1803 0.7039 0.6870
vn -0.1899 0.9818 0.0031
vn -0.1958 -0.0170 0.9805
vn 0.5776 0.6051 0.5479
vn 0.5238 0.8518 0.0019
vn 0.5931 -0.0241 0.8048
vn 0.3882 -0.2410 0.8895
vn -0.1443 -0.7016 0.6978
vn 0.1798 -0.8624 0.4733
vn -0.1348 -0.9908 -0.0125
vn 0.2478 -0.9667 -0.0637
vn -0.2138 -0.7156 0.6650
vn -0.2165 -0.9763 0.0077
vn 0.6294 -0.5679 0.5304
vn 0.6337 -0.7736 0.0075
vn 0.7374 -0.6752 -0.0195
vn 0.6693 -0.4044 0.6234
vn 0.8721 0.4810 0.0898
vn 0.5530 -0.8332 0.0020
vn 0.5212 -0.6189 0.5877
vn 0.5152 0.0006 0.8571
vn 0.4795 0.6368 0.6038
vn 0.4596 0.8881 0.0062
vn -0.3981 0.9173 0.0028
vn -0.4205 0.6620 0.6204
vn -0.9276 0.3005 0.2220
vn -0.9130 0.4079 0.0005
vn -0.9358 -0.0009 0.3526
vn -0.4292 -0.0131 0.9031
vn -0.9312 -0.2730 0.2416
vn -0.4183 -0.6587 0.6254
vn -0.4084 -0.9128 0.0007
vn -0.9276 -0.3736 0.0005
vn 0.5872 0.6250 -0.5143
vn -0.1901 0.6990 -0.6894
vn -0.1527 0.7001 -0.6975
vn 0.2694 0.7030 -0.6582
vn 0.2322 0.0172 -0.9725
vn -0.1319 -0.0050 -0.9913
vn -0.1824 -0.0134 -0.9831
vn 0.6024 -0.0062 -0.7982
vn 0.2402 -0.6729 -0.6996
vn -0.1342 -0.7169 -0.6842
vn 0.2478 -0.9667 -0.0636
vn -0.2134 -0.7105 -0.6705
vn 0.6193 -0.5872 -0.5212
vn 0.5147 -0.6273 -0.5845
vn 0.4992 -0.0024 -0.8665
vn 0.4834 0.6470 -0.5897
vn -0.4246 0.6645 -0.6150
vn -0.9277 0.3029 -0.2182
vn -0.9347 -0.0013 -0.3554
vn -0.4280 -0.0132 -0.9037
vn -0.9315 -0.2752 -0.2379
vn -0.4188 -0.6638 -0.6197
vn -1.0000 -0.0016 0.0000
vn -0.9312 -0.2729 0.2415
vn -0.9315 -0.2752 -0.2380
vn 0.7272 0.4726 -0.4978
vn 0.6851 0.0152 -0.7283
vn 0.9384 0.0058 0.3454
vn 0.6954 -0.5029 -0.5133
vn 0.7374 -0.6752 -0.0194
vn 0.8721 0.4811 0.0897
vn 0.2012 0.9149 0.3500
vn -0.1572 0.9482 0.2761
vn -0.0070 0.7294 0.6841
vn -0.0792 0.6383 0.7657
vn -0.2087 0.9777 -0.0219
vn -0.4928 0.8575 0.1476
vn 0.1357 0.9906 0.0170
vn 0.1378 0.8685 -0.4762
vn -0.2197 0.9059 -0.3620
vn -0.5500 0.8310 -0.0833
vn -0.5292 0.8366 -0.1417
vn -0.5848 0.6401 -0.4983
vn -0.6013 0.7046 0.3769
vn -0.6829 0.7169 -0.1408
vn -0.1434 -0.0509 -0.9884
vn -0.5765 0.8136 0.0753
vn -0.7183 0.6729 0.1766
vn -0.1463 0.0319 0.9887
vn -0.8133 0.4659 0.3485
vn -0.7594 0.4151 -0.5010
vn -0.1693 0.0656 0.9834
vn -0.0921 -0.0226 -0.9955
vn -0.1216 -0.3182 0.9402
vn -0.8172 -0.4068 0.4083
vn -0.8065 -0.4378 -0.3974
vn -0.0996 -0.4344 -0.8952
vn -0.6765 0.6711 -0.3032
vn -0.3229 0.0095 -0.9464
vn -0.2681 0.6877 0.6747
vn -0.4833 0.6491 0.5875
vn 0.0780 -0.0309 0.9965
vn 0.0609 -0.0191 0.9980
vn -0.1639 0.0150 0.9864
vn -0.7062 0.4441 0.5514
vn 0.0327 -0.0227 0.9992
vn -0.8099 0.4499 -0.3763
vn -0.1743 -0.0066 -0.9847
vn -0.8935 -0.2755 -0.3546
vn -0.1858 -0.3523 -0.9173
vn -0.8581 -0.2930 0.4218
vn -0.0808 -0.3379 0.9377
vn -0.2644 0.4095 0.8731
vn 0.0464 0.5567 0.8294
vn -0.1863 0.6823 0.7070
vn -0.8394 0.2739 0.4695
vn 0.6346 0.1579 0.7565
vn 0.4468 0.2070 0.8704
vn 0.7173 -0.5152 0.4691
vn 0.6012 -0.4952 0.6271
vn 0.2828 0.1570 0.9462
vn 0.5085 -0.6770 0.5321
vn 0.1063 0.0254 0.9940
vn -0.2722 0.7578 0.5930
vn -0.5066 0.6589 0.5560
vn -0.7408 0.6273 -0.2402
vn -0.7504 0.5223 -0.4051
vn -0.9517 0.1370 0.2748
vn -0.4346 -0.4429 0.7842
vn 0.4359 -0.7996 0.4131
vn 0.7948 -0.1715 0.5821
vn 0.3799 0.5888 0.7134
vn 0.5487 0.6190 0.5620
vn 0.2855 0.9573 0.0460
vn 0.3781 0.7759 -0.5050
vn 0.2407 0.5484 -0.8008
vn 0.5357 0.1255 -0.8350
vn 0.3413 0.0489 -0.9387
vn -0.1610 0.7258 -0.6688
vn -0.5587 0.7084 -0.4312
vn -0.5459 0.5095 -0.6652
vn -0.6843 0.6955 0.2192
vn -0.3171 0.1975 0.9276
vn -0.5705 0.7057 -0.4201
vn -0.6872 0.5593 -0.4636
vn -0.0077 -0.2029 -0.9792
vn -0.8294 0.5023 0.2447
vn -0.2635 0.1965 0.9444
vn -0.6958 0.3554 -0.6241
vn 0.0847 -0.1422 -0.9862
vn -0.0171 -0.4480 -0.8939
vn -0.7977 -0.4377 -0.4148
vn -0.9075 -0.2866 0.3071
vn -0.3005 -0.1233 0.9458
vn -0.6574 0.7535 -0.0011
vn -0.4096 0.3178 0.8551
vn -0.2358 0.3289 -0.9144
vn -0.3406 0.4001 -0.8508
vn 0.0856 -0.4945 -0.8649
vn 0.2483 -0.4048 -0.8800
vn 0.0176 -0.5041 -0.8635
vn -0.0067 0.1674 -0.9859
vn -0.8198 0.5717 0.0314
vn -0.4342 0.3102 0.8457
vn -0.5041 0.2654 -0.8218
vn 0.2779 -0.3417 -0.8978
vn 0.1196 -0.5498 -0.8267
vn -0.7373 -0.4132 -0.5345
vn -0.9631 -0.1662 0.2116
vn -0.4058 -0.1044 0.9080
vn 0.2352 -0.7078 -0.6661
vn 0.5783 -0.3726 -0.7258
vn -0.7504 0.5223 -0.4050
vn -0.4484 -0.3186 -0.8351
vn -0.8017 -0.3590 -0.4779
vn -0.5547 -0.3309 -0.7634
vn -0.2917 -0.9559 -0.0340
vn 0.0667 -0.8934 -0.4442
vn 0.4359 -0.7995 0.4131
vn 0.5085 -0.6770 0.5320
vn 0.1168 -0.9320 -0.3430
vn -0.9238 -0.3364 -0.1829
vn -0.3840 -0.7154 0.5838
vn -0.5096 -0.8547 -0.0985
vn -0.2222 -0.9725 0.0694
vn 0.1994 -0.8336 0.5151
vn 0.0780 -0.0310 0.9965
vn 0.5233 -0.7024 0.4825
vn 0.7182 -0.5077 0.4757
vn 0.2623 -0.8884 0.3768
vn -0.8581 -0.2930 0.4217
vn -0.8935 -0.2755 -0.3545
vn 0.2144 -0.9167 -0.3372
vn 0.3603 -0.7066 -0.6090
vn -0.1113 -0.9564 -0.2701
vn -0.3580 -0.9329 -0.0378
vn -0.3364 -0.9275 0.1634
vn 0.6643 -0.5307 -0.5264
vn -0.6846 -0.7280 -0.0357
vn -0.3228 0.0095 -0.9464
vn 0.4362 -0.6847 0.5839
vn -0.1692 0.0657 0.9834
vn 0.6959 -0.5120 0.5036
vn 0.3721 -0.8510 0.3705
vn 0.3953 -0.8707 -0.2927
vn 0.6779 -0.5327 -0.5067
vn -0.0921 -0.0227 -0.9955
vn 0.4598 -0.7482 -0.4782
vn -0.1433 -0.0509 -0.9884
vn -0.3963 -0.9043 -0.1588
vn -0.6789 -0.7150 0.1669
vn -0.4524 -0.7854 0.4224
vn 0.3141 -0.5471 0.7759
vn -0.2636 0.1965 0.9444
vn 0.5762 -0.4343 0.6924
vn 0.1839 -0.8370 0.5154
vn -0.9075 -0.2865 0.3071
vn 0.2850 -0.9496 -0.1302
vn -0.0172 -0.4480 -0.8939
vn 0.7379 -0.6045 -0.3002
vn 0.4951 -0.8164 -0.2972
vn -0.3432 -0.9361 0.0774
vn -0.2960 -0.9336 0.2018
vn -0.1466 -0.9871 0.0649
vn -0.0278 -0.9747 -0.2220
vn 0.2758 -0.9609 0.0228
vn 0.4241 -0.8993 -0.1062
vn 0.6773 -0.6921 0.2495
vn 0.4473 -0.8077 -0.3840
vn 0.1349 -0.9907 -0.0197
vn 0.6012 -0.4953 0.6271
vn -0.5301 -0.7536 -0.3887
vn -0.0177 -0.9794 -0.2010
vn 0.0856 -0.4946 -0.8649
vn 0.1649 -0.9828 -0.0828
vn 0.2484 -0.4048 -0.8800
vn 0.5452 -0.8267 -0.1387
vn 0.7046 -0.6832 -0.1915
vn 0.2579 -0.9617 -0.0925
vn 0.0778 -0.8031 0.5907
vn -0.4059 -0.1044 0.9080
vn 0.4720 -0.4558 0.7546
vn 0.2659 -0.5109 0.8175
vn -0.2776 -0.7727 0.5708
vn -0.6345 -0.7511 0.1823
vn -0.6872 0.5593 -0.4637
vn -0.2139 -0.9542 0.2089
vn -0.1742 -0.0066 -0.9847
usemtl Copy_X_(Ultimate_Armor)
s 1
f 4491/4491/3040 4492/4492/3041 4493/4493/3042
f 4492/4492/3041 4491/4491/3040 4494/4494/3043
f 4495/4495/3044 4494/4494/3043 4491/4491/3040
f 4495/4495/3044 4496/4496/3045 4494/4494/3043
f 4497/4497/3046 4496/4496/3045 4495/4495/3044
f 4495/4495/3044 4491/4491/3040 4497/4497/3046
f 4497/4497/3046 4498/4498/3047 4496/4496/3045
f 4496/4496/3045 4498/4498/3047 4499/4499/3048
f 4500/4500/3049 4499/4499/3048 4498/4498/3047
f 4500/4500/3049 4498/4498/3047 4501/4501/3050
f 4502/4502/3051 4501/4501/3050 4498/4498/3047
f 4497/4497/3046 4502/4502/3051 4498/4498/3047
f 4501/4501/3050 4502/4502/3051 4503/4503/3052
f 4504/4504/3053 4503/4503/3052 4502/4502/3051
f 4497/4497/3046 4504/4504/3053 4502/4502/3051
f 4504/4504/3053 4505/4505/3054 4503/4503/3052
f 4497/4497/3046 4505/4505/3054 4504/4504/3053
f 4506/4506/3055 4503/4503/3052 4505/4505/3054
f 4505/4505/3054 4507/4507/3056 4506/4506/3055
f 4497/4497/3046 4507/4507/3056 4505/4505/3054
f 4497/4497/3046 4491/4491/3040 4507/4507/3056
f 4508/4508/3057 4506/4506/3055 4507/4507/3056
f 4507/4507/3056 4493/4493/3042 4508/4508/3057
f 4496/4496/3045 4499/4499/3048 4509/4509/3058
f 4509/4509/3058 4494/4494/3043 4496/4496/3045
f 4491/4491/3040 4493/4493/3042 4507/4507/3056
f 4510/4510/3059 4511/4511/3060 4512/4512/3061
f 4513/4513/3049 4512/4512/3061 4511/4511/3060
f 4510/4510/3059 4512/4512/3061 4514/4514/3062
f 4515/4515/3063 4514/4514/3062 4512/4512/3061
f 4515/4515/3063 4516/4516/3064 4514/4514/3062
f 4517/4517/3065 4514/4514/3062 4516/4516/3064
f 4517/4517/3065 4518/4518/3066 4514/4514/3062
f 4518/4518/3066 4510/4510/3059 4514/4514/3062
f 4518/4518/3066 4517/4517/3065 4519/4519/3067
f 4519/4519/3067 4520/4520/3043 4518/4518/3066
f 4521/4521/3058 4518/4518/3066 4520/4520/3043
f 4518/4518/3066 4521/4521/3058 4510/4510/3059
f 4511/4511/3060 4510/4510/3059 4521/4521/3058
f 4522/4522/3068 4519/4519/3067 4517/4517/3065
f 4517/4517/3065 4516/4516/3064 4523/4523/3069
f 4524/4524/3070 4523/4523/3069 4516/4516/3064
f 4523/4523/3069 4525/4525/3071 4517/4517/3065
f 4522/4522/3068 4517/4517/3065 4525/4525/3071
f 4523/4523/3069 4524/4524/3070 4526/4526/3072
f 4523/4523/3069 4526/4526/3072 4525/4525/3071
f 4527/4527/3073 4526/4526/3072 4524/4524/3070
f 4528/4528/3074 4525/4525/3071 4526/4526/3072
f 4519/4519/3067 4529/4529/3075 4520/4520/3043
f 4530/4530/3041 4520/4520/3043 4529/4529/3075
f 4529/4529/3075 4519/4519/3067 4531/4531/3076
f 4522/4522/3068 4531/4531/3076 4519/4519/3067
f 4522/4522/3068 4525/4525/3071 4531/4531/3076
f 4529/4529/3075 4531/4531/3076 4532/4532/3077
f 4531/4531/3076 4533/4533/3078 4532/4532/3077
f 4534/4534/3079 4532/4532/3077 4533/4533/3078
f 4531/4531/3076 4535/4535/3080 4533/4533/3078
f 4535/4535/3080 4531/4531/3076 4525/4525/3071
f 4525/4525/3071 4528/4528/3074 4535/4535/3080
f 4536/4536/3081 4533/4533/3078 4535/4535/3080
f 4535/4535/3080 4537/4537/3082 4536/4536/3081
f 4537/4537/3082 4535/4535/3080 4528/4528/3074
f 4538/4538/3083 4536/4536/3081 4537/4537/3082
f 4534/4534/3079 4539/4539/3084 4532/4532/3077
f 4540/4540/3085 4532/4532/3077 4539/4539/3084
f 4529/4529/3075 4540/4540/3085 4530/4530/3041
f 4540/4540/3085 4529/4529/3075 4532/4532/3077
f 4540/4540/3085 4539/4539/3084 4541/4541/3042
f 4541/4541/3042 4530/4530/3041 4540/4540/3085
f 4542/4542/3086 4541/4541/3042 4539/4539/3084
f 4538/4538/3083 4537/4537/3082 4543/4543/3087
f 4544/4544/3088 4543/4543/3087 4537/4537/3082
f 4537/4537/3082 4528/4528/3074 4544/4544/3088
f 4545/4545/3089 4544/4544/3088 4528/4528/3074
f 4545/4545/3089 4528/4528/3074 4546/4546/3090
f 4526/4526/3072 4546/4546/3090 4528/4528/3074
f 4546/4546/3090 4526/4526/3072 4547/4547/3091
f 4527/4527/3073 4547/4547/3091 4526/4526/3072
f 4547/4547/3091 4548/4548/3092 4546/4546/3090
f 4549/4549/3093 4546/4546/3090 4548/4548/3092
f 4546/4546/3090 4549/4549/3093 4545/4545/3089
f 4549/4549/3093 4548/4548/3092 4550/4550/3094
f 4551/4551/3095 4550/4550/3094 4548/4548/3092
f 4550/4550/3094 4552/4552/3096 4549/4549/3093
f 4553/4553/3097 4549/4549/3093 4552/4552/3096
f 4553/4553/3097 4545/4545/3089 4549/4549/3093
f 4545/4545/3089 4553/4553/3097 4544/4544/3088
f 4552/4552/3096 4554/4554/3098 4553/4553/3097
f 4555/4555/3099 4553/4553/3097 4554/4554/3098
f 4544/4544/3088 4555/4555/3099 4543/4543/3087
f 4555/4555/3099 4544/4544/3088 4553/4553/3097
f 4555/4555/3099 4554/4554/3098 4556/4556/3100
f 4557/4557/3101 4556/4556/3100 4554/4554/3098
f 4556/4556/3100 4543/4543/3087 4555/4555/3099
f 4527/4527/3073 4558/4558/3102 4547/4547/3091
f 4527/4527/3073 4524/4524/3070 4558/4558/3102
f 4559/4559/3103 4558/4558/3102 4524/4524/3070
f 4524/4524/3070 4516/4516/3064 4559/4559/3103
f 4560/4560/3104 4559/4559/3103 4516/4516/3064
f 4560/4560/3104 4516/4516/3064 4561/4561/3105
f 4515/4515/3063 4561/4561/3105 4516/4516/3064
f 4561/4561/3105 4562/4562/3106 4560/4560/3104
f 4563/4563/3107 4560/4560/3104 4562/4562/3106
f 4560/4560/3104 4563/4563/3107 4559/4559/3103
f 4564/4564/3108 4559/4559/3103 4563/4563/3107
f 4558/4558/3102 4559/4559/3103 4565/4565/3109
f 4564/4564/3108 4565/4565/3109 4559/4559/3103
f 4562/4562/3106 4566/4566/3110 4563/4563/3107
f 4567/4567/3111 4563/4563/3107 4566/4566/3110
f 4563/4563/3107 4567/4567/3111 4564/4564/3108
f 4567/4567/3111 4566/4566/3110 4568/4568/3078
f 4569/4569/3112 4568/4568/3078 4566/4566/3110
f 4567/4567/3111 4568/4568/3078 4570/4570/3113
f 4570/4570/3113 4564/4564/3108 4567/4567/3111
f 4571/4571/3081 4570/4570/3113 4568/4568/3078
f 4570/4570/3113 4571/4571/3081 4572/4572/3114
f 4570/4570/3113 4572/4572/3114 4564/4564/3108
f 4565/4565/3109 4564/4564/3108 4572/4572/3114
f 4573/4573/3083 4572/4572/3114 4571/4571/3081
f 4573/4573/3083 4574/4574/3087 4572/4572/3114
f 4575/4575/3115 4572/4572/3114 4574/4574/3087
f 4572/4572/3114 4575/4575/3115 4565/4565/3109
f 4576/4576/3116 4565/4565/3109 4575/4575/3115
f 4576/4576/3116 4577/4577/3117 4565/4565/3109
f 4558/4558/3102 4565/4565/3109 4577/4577/3117
f 4577/4577/3117 4547/4547/3091 4558/4558/3102
f 4547/4547/3091 4577/4577/3117 4548/4548/3092
f 4578/4578/3118 4548/4548/3092 4577/4577/3117
f 4577/4577/3117 4576/4576/3116 4578/4578/3118
f 4578/4578/3118 4579/4579/3119 4548/4548/3092
f 4551/4551/3095 4548/4548/3092 4579/4579/3119
f 4579/4579/3119 4578/4578/3118 4580/4580/3120
f 4581/4581/3121 4580/4580/3120 4578/4578/3118
f 4581/4581/3121 4578/4578/3118 4576/4576/3116
f 4576/4576/3116 4575/4575/3115 4581/4581/3121
f 4580/4580/3120 4581/4581/3121 4582/4582/3122
f 4583/4583/3123 4582/4582/3122 4581/4581/3121
f 4575/4575/3115 4574/4574/3087 4583/4583/3123
f 4583/4583/3123 4581/4581/3121 4575/4575/3115
f 4583/4583/3123 4584/4584/3100 4582/4582/3122
f 4584/4584/3100 4583/4583/3123 4574/4574/3087
f 4585/4585/3101 4582/4582/3122 4584/4584/3100
f 4586/4586/3095 4587/4587/3124 4588/4588/3094
f 4588/4588/3094 4587/4587/3124 4589/4589/3096
f 4589/4589/3096 4587/4587/3124 4590/4590/3125
f 4590/4590/3125 4587/4587/3124 4591/4591/3101
f 4587/4587/3124 4586/4586/3095 4592/4592/3119
f 4587/4587/3124 4592/4592/3119 4593/4593/3120
f 4587/4587/3124 4594/4594/3126 4591/4591/3101
f 4587/4587/3124 4593/4593/3120 4594/4594/3126
f 4513/4513/3049 4595/4595/3050 4512/4512/3061
f 4596/4596/3127 4512/4512/3061 4595/4595/3050
f 4596/4596/3127 4595/4595/3050 4597/4597/3128
f 4598/4598/3129 4597/4597/3128 4595/4595/3050
f 4561/4561/3105 4512/4512/3061 4596/4596/3127
f 4597/4597/3128 4598/4598/3129 4599/4599/3130
f 4600/4600/3055 4599/4599/3130 4598/4598/3129
f 4599/4599/3130 4600/4600/3055 4601/4601/3131
f 4602/4602/3132 4601/4601/3131 4600/4600/3055
f 4601/4601/3131 4566/4566/3110 4599/4599/3130
f 4599/4599/3130 4566/4566/3110 4597/4597/3128
f 4562/4562/3106 4597/4597/3128 4566/4566/3110
f 4561/4561/3105 4596/4596/3127 4562/4562/3106
f 4597/4597/3128 4562/4562/3106 4596/4596/3127
f 4569/4569/3112 4566/4566/3110 4601/4601/3131
f 4515/4515/3063 4512/4512/3061 4561/4561/3105
f 4603/4603/3133 4604/4604/3134 4605/4605/3135
f 4606/4606/3136 4605/4605/3135 4604/4604/3134
f 4604/4604/3134 4603/4603/3133 4607/4607/3137
f 4604/4604/3134 4607/4607/3137 4608/4608/3138
f 4609/4609/3139 4607/4607/3137 4603/4603/3133
f 4609/4609/3139 4610/4610/3140 4607/4607/3137
f 4611/4611/3141 4607/4607/3137 4610/4610/3140
f 4611/4611/3141 4612/4612/3142 4607/4607/3137
f 4613/4613/3143 4607/4607/3137 4612/4612/3142
f 4607/4607/3137 4613/4613/3143 4608/4608/3138
f 4613/4613/3143 4614/4614/3144 4608/4608/3138
f 4615/4615/3145 4608/4608/3138 4614/4614/3144
f 4613/4613/3143 4616/4616/3146 4614/4614/3144
f 4616/4616/3146 4613/4613/3143 4612/4612/3142
f 4617/4617/3147 4614/4614/3144 4616/4616/3146
f 4618/4618/3148 4604/4604/3134 4608/4608/3138
f 4608/4608/3138 4615/4615/3145 4619/4619/3149
f 4608/4608/3138 4619/4619/3149 4618/4618/3148
f 4620/4620/3150 4619/4619/3149 4615/4615/3145
f 4615/4615/3145 4614/4614/3144 4621/4621/3151
f 4615/4615/3145 4621/4621/3151 4620/4620/3150
f 4622/4622/3152 4621/4621/3151 4614/4614/3144
f 4614/4614/3144 4617/4617/3147 4622/4622/3152
f 4623/4623/3153 4620/4620/3150 4621/4621/3151
f 4624/4624/3154 4622/4622/3152 4617/4617/3147
f 4623/4623/3153 4621/4621/3151 4625/4625/3155
f 4626/4626/3156 4625/4625/3155 4621/4621/3151
f 4621/4621/3151 4622/4622/3152 4626/4626/3156
f 4627/4627/3157 4626/4626/3156 4622/4622/3152
f 4627/4627/3157 4622/4622/3152 4628/4628/3158
f 4624/4624/3154 4628/4628/3158 4622/4622/3152
f 4618/4618/3148 4619/4619/3149 4629/4629/3159
f 4630/4630/3160 4629/4629/3159 4619/4619/3149
f 4618/4618/3148 4629/4629/3159 4631/4631/3161
f 4618/4618/3148 4631/4631/3161 4604/4604/3134
f 4632/4632/3162 4631/4631/3161 4629/4629/3159
f 4631/4631/3161 4632/4632/3162 4633/4633/3163
f 4634/4634/3164 4633/4633/3163 4632/4632/3162
f 4633/4633/3163 4635/4635/3165 4631/4631/3161
f 4606/4606/3136 4631/4631/3161 4635/4635/3165
f 4631/4631/3161 4606/4606/3136 4604/4604/3134
f 4632/4632/3162 4636/4636/3166 4634/4634/3164
f 4637/4637/3167 4634/4634/3164 4636/4636/3166
f 4629/4629/3159 4638/4638/3168 4632/4632/3162
f 4636/4636/3166 4632/4632/3162 4638/4638/3168
f 4629/4629/3159 4630/4630/3160 4638/4638/3168
f 4639/4639/3169 4638/4638/3168 4630/4630/3160
f 4638/4638/3168 4639/4639/3169 4640/4640/3170
f 4641/4641/3171 4640/4640/3170 4639/4639/3169
f 4640/4640/3170 4642/4642/3172 4638/4638/3168
f 4636/4636/3166 4638/4638/3168 4642/4642/3172
f 4642/4642/3172 4643/4643/3173 4636/4636/3166
f 4637/4637/3167 4636/4636/3166 4643/4643/3173
f 4635/4635/3165 4644/4644/3174 4606/4606/3136
f 4605/4605/3135 4606/4606/3136 4644/4644/3174
f 4644/4644/3174 4645/4645/3175 4605/4605/3135
f 4645/4645/3175 4644/4644/3174 4646/4646/3176
f 4647/4647/3177 4646/4646/3176 4644/4644/3174
f 4645/4645/3175 4646/4646/3176 4648/4648/3178
f 4649/4649/3179 4648/4648/3178 4646/4646/3176
f 4648/4648/3178 4649/4649/3179 4650/4650/3180
f 4651/4651/3181 4650/4650/3180 4649/4649/3179
f 4649/4649/3179 4652/4652/3182 4651/4651/3181
f 4653/4653/3183 4651/4651/3181 4652/4652/3182
f 4652/4652/3182 4654/4654/3184 4653/4653/3183
f 4652/4652/3182 4655/4655/3185 4654/4654/3184
f 4646/4646/3176 4655/4655/3185 4649/4649/3179
f 4652/4652/3182 4649/4649/3179 4655/4655/3185
f 4656/4656/3186 4654/4654/3184 4655/4655/3185
f 4655/4655/3185 4657/4657/3187 4656/4656/3186
f 4647/4647/3177 4657/4657/3187 4646/4646/3176
f 4655/4655/3185 4646/4646/3176 4657/4657/3187
f 4658/4658/3188 4656/4656/3186 4657/4657/3187
f 4656/4656/3186 4658/4658/3188 4659/4659/3189
f 4656/4656/3186 4659/4659/3189 4654/4654/3184
f 4660/4660/3190 4654/4654/3184 4659/4659/3189
f 4661/4661/3191 4653/4653/3183 4654/4654/3184
f 4660/4660/3190 4661/4661/3191 4654/4654/3184
f 4650/4650/3180 4662/4662/3192 4648/4648/3178
f 4648/4648/3178 4662/4662/3192 4663/4663/3193
f 4664/4664/3194 4663/4663/3193 4662/4662/3192
f 4664/4664/3194 4603/4603/3133 4663/4663/3193
f 4603/4603/3133 4664/4664/3194 4609/4609/3139
f 4665/4665/3195 4609/4609/3139 4664/4664/3194
f 4665/4665/3195 4666/4666/3196 4609/4609/3139
f 4610/4610/3140 4609/4609/3139 4666/4666/3196
f 4610/4610/3140 4666/4666/3196 4667/4667/3197
f 4666/4666/3196 4668/4668/3198 4667/4667/3197
f 4667/4667/3197 4668/4668/3198 4669/4669/3199
f 4610/4610/3140 4667/4667/3197 4611/4611/3141
f 4670/4670/3200 4611/4611/3141 4667/4667/3197
f 4611/4611/3141 4670/4670/3200 4671/4671/3201
f 4612/4612/3142 4611/4611/3141 4671/4671/3201
f 4671/4671/3201 4672/4672/3202 4612/4612/3142
f 4673/4673/3203 4612/4612/3142 4672/4672/3202
f 4612/4612/3142 4673/4673/3203 4616/4616/3146
f 4674/4674/3204 4616/4616/3146 4673/4673/3203
f 4675/4675/3205 4671/4671/3201 4670/4670/3200
f 4671/4671/3201 4676/4676/3206 4672/4672/3202
f 4676/4676/3206 4671/4671/3201 4675/4675/3205
f 4677/4677/3207 4672/4672/3202 4676/4676/3206
f 4673/4673/3203 4678/4678/3208 4674/4674/3204
f 4673/4673/3203 4672/4672/3202 4678/4678/3208
f 4679/4679/3209 4674/4674/3204 4678/4678/3208
f 4680/4680/3210 4678/4678/3208 4672/4672/3202
f 4672/4672/3202 4677/4677/3207 4680/4680/3210
f 4681/4681/3211 4680/4680/3210 4677/4677/3207
f 4681/4681/3211 4682/4682/3212 4680/4680/3210
f 4683/4683/3213 4680/4680/3210 4682/4682/3212
f 4683/4683/3213 4684/4684/3214 4680/4680/3210
f 4678/4678/3208 4680/4680/3210 4684/4684/3214
f 4684/4684/3214 4685/4685/3215 4678/4678/3208
f 4679/4679/3209 4678/4678/3208 4685/4685/3215
f 4675/4675/3205 4686/4686/3216 4676/4676/3206
f 4687/4687/3217 4676/4676/3206 4686/4686/3216
f 4675/4675/3205 4688/4688/3218 4686/4686/3216
f 4689/4689/3219 4686/4686/3216 4688/4688/3218
f 4688/4688/3218 4690/4690/3220 4689/4689/3219
f 4691/4691/3221 4689/4689/3219 4690/4690/3220
f 4690/4690/3220 4688/4688/3218 4692/4692/3222
f 4693/4693/3223 4692/4692/3222 4688/4688/3218
f 4693/4693/3223 4688/4688/3218 4670/4670/3200
f 4670/4670/3200 4667/4667/3197 4693/4693/3223
f 4669/4669/3199 4693/4693/3223 4667/4667/3197
f 4693/4693/3223 4669/4669/3199 4692/4692/3222
f 4686/4686/3216 4694/4694/3224 4687/4687/3217
f 4686/4686/3216 4689/4689/3219 4694/4694/3224
f 4695/4695/3225 4687/4687/3217 4694/4694/3224
f 4696/4696/3226 4694/4694/3224 4689/4689/3219
f 4689/4689/3219 4691/4691/3221 4696/4696/3226
f 4697/4697/3227 4696/4696/3226 4691/4691/3221
f 4697/4697/3227 4698/4698/3228 4696/4696/3226
f 4699/4699/3229 4696/4696/3226 4698/4698/3228
f 4694/4694/3224 4696/4696/3226 4700/4700/3230
f 4699/4699/3229 4700/4700/3230 4696/4696/3226
f 4700/4700/3230 4701/4701/3231 4694/4694/3224
f 4695/4695/3225 4694/4694/3224 4701/4701/3231
f 4702/4702/3232 4692/4692/3222 4669/4669/3199
f 4669/4669/3199 4668/4668/3198 4702/4702/3232
f 4703/4703/3233 4702/4702/3232 4668/4668/3198
f 4688/4688/3218 4675/4675/3205 4670/4670/3200
f 4704/4704/3234 4705/4705/3235 4706/4706/3236
f 4704/4704/3234 4707/4707/3187 4705/4705/3235
f 4708/4708/3237 4705/4705/3235 4707/4707/3187
f 4709/4709/3189 4704/4704/3234 4706/4706/3236
f 4709/4709/3189 4706/4706/3236 4710/4710/3190
f 4711/4711/3238 4710/4710/3190 4706/4706/3236
f 4705/4705/3235 4712/4712/3239 4706/4706/3236
f 4711/4711/3238 4706/4706/3236 4712/4712/3239
f 4711/4711/3238 4712/4712/3239 4713/4713/3240
f 4713/4713/3240 4710/4710/3190 4711/4711/3238
f 4713/4713/3240 4712/4712/3239 4714/4714/3241
f 4715/4715/3242 4714/4714/3241 4712/4712/3239
f 4708/4708/3237 4715/4715/3242 4705/4705/3235
f 4712/4712/3239 4705/4705/3235 4715/4715/3242
f 4708/4708/3237 4707/4707/3187 4716/4716/3243
f 4717/4717/3177 4716/4716/3243 4707/4707/3187
f 4716/4716/3243 4717/4717/3177 4718/4718/3244
f 4716/4716/3243 4718/4718/3244 4719/4719/3245
f 4720/4720/3246 4719/4719/3245 4718/4718/3244
f 4721/4721/3247 4720/4720/3246 4718/4718/3244
f 4721/4721/3247 4718/4718/3244 4722/4722/3248
f 4722/4722/3248 4723/4723/3164 4721/4721/3247
f 4724/4724/3249 4721/4721/3247 4723/4723/3164
f 4723/4723/3164 4725/4725/3167 4724/4724/3249
f 4726/4726/3250 4724/4724/3249 4725/4725/3167
f 4725/4725/3167 4727/4727/3173 4726/4726/3250
f 4728/4728/3251 4726/4726/3250 4727/4727/3173
f 4729/4729/3252 4728/4728/3251 4727/4727/3173
f 4729/4729/3252 4730/4730/3253 4728/4728/3251
f 4731/4731/3254 4728/4728/3251 4730/4730/3253
f 4728/4728/3251 4731/4731/3254 4726/4726/3250
f 4731/4731/3254 4730/4730/3253 4732/4732/3171
f 4733/4733/3165 4722/4722/3248 4718/4718/3244
f 4724/4724/3249 4734/4734/3255 4721/4721/3247
f 4735/4735/3256 4721/4721/3247 4734/4734/3255
f 4735/4735/3256 4720/4720/3246 4721/4721/3247
f 4720/4720/3246 4735/4735/3256 4736/4736/3257
f 4737/4737/3258 4736/4736/3257 4735/4735/3256
f 4734/4734/3255 4724/4724/3249 4738/4738/3259
f 4726/4726/3250 4738/4738/3259 4724/4724/3249
f 4738/4738/3259 4726/4726/3250 4731/4731/3254
f 4731/4731/3254 4732/4732/3171 4738/4738/3259
f 4737/4737/3258 4735/4735/3256 4739/4739/3260
f 4739/4739/3260 4740/4740/3150 4737/4737/3258
f 4739/4739/3260 4741/4741/3149 4740/4740/3150
f 4742/4742/3261 4741/4741/3149 4739/4739/3260
f 4739/4739/3260 4735/4735/3256 4742/4742/3261
f 4734/4734/3255 4742/4742/3261 4735/4735/3256
f 4743/4743/3262 4737/4737/3258 4740/4740/3150
f 4740/4740/3150 4744/4744/3263 4743/4743/3262
f 4745/4745/3264 4743/4743/3262 4744/4744/3263
f 4744/4744/3263 4746/4746/3155 4745/4745/3264
f 4747/4747/3265 4745/4745/3264 4746/4746/3155
f 4746/4746/3155 4748/4748/3156 4747/4747/3265
f 4747/4747/3265 4748/4748/3156 4749/4749/3266
f 4747/4747/3265 4749/4749/3266 4745/4745/3264
f 4750/4750/3157 4749/4749/3266 4748/4748/3156
f 4750/4750/3157 4751/4751/3158 4749/4749/3266
f 4749/4749/3266 4751/4751/3158 4752/4752/3267
f 4752/4752/3267 4745/4745/3264 4749/4749/3266
f 4753/4753/3268 4752/4752/3267 4751/4751/3158
f 4752/4752/3267 4753/4753/3268 4754/4754/3269
f 4743/4743/3262 4745/4745/3264 4754/4754/3269
f 4752/4752/3267 4754/4754/3269 4745/4745/3264
f 4755/4755/3270 4754/4754/3269 4753/4753/3268
f 4754/4754/3269 4755/4755/3270 4756/4756/3271
f 4757/4757/3272 4756/4756/3271 4755/4755/3270
f 4755/4755/3270 4758/4758/3146 4757/4757/3272
f 4758/4758/3146 4759/4759/3204 4757/4757/3272
f 4757/4757/3272 4759/4759/3204 4760/4760/3273
f 4756/4756/3271 4757/4757/3272 4760/4760/3273
f 4761/4761/3274 4760/4760/3273 4759/4759/3204
f 4759/4759/3204 4762/4762/3275 4761/4761/3274
f 4763/4763/3276 4761/4761/3274 4762/4762/3275
f 4762/4762/3275 4764/4764/3215 4763/4763/3276
f 4765/4765/3277 4763/4763/3276 4764/4764/3215
f 4766/4766/3278 4765/4765/3277 4764/4764/3215
f 4765/4765/3277 4766/4766/3278 4767/4767/3279
f 4768/4768/3213 4767/4767/3279 4766/4766/3278
f 4767/4767/3279 4768/4768/3213 4769/4769/3280
f 4767/4767/3279 4769/4769/3280 4770/4770/3281
f 4767/4767/3279 4770/4770/3281 4765/4765/3277
f 4763/4763/3276 4765/4765/3277 4770/4770/3281
f 4771/4771/3211 4770/4770/3281 4769/4769/3280
f 4770/4770/3281 4771/4771/3211 4772/4772/3282
f 4761/4761/3274 4763/4763/3276 4772/4772/3282
f 4770/4770/3281 4772/4772/3282 4763/4763/3276
f 4773/4773/3207 4772/4772/3282 4771/4771/3211
f 4760/4760/3273 4761/4761/3274 4774/4774/3283
f 4772/4772/3282 4774/4774/3283 4761/4761/3274
f 4760/4760/3273 4774/4774/3283 4775/4775/3284
f 4775/4775/3284 4756/4756/3271 4760/4760/3273
f 4775/4775/3284 4736/4736/3257 4756/4756/3271
f 4737/4737/3258 4756/4756/3271 4736/4736/3257
f 4756/4756/3271 4737/4737/3258 4754/4754/3269
f 4743/4743/3262 4754/4754/3269 4737/4737/3258
f 4736/4736/3257 4775/4775/3284 4776/4776/3285
f 4736/4736/3257 4776/4776/3285 4720/4720/3246
f 4776/4776/3285 4719/4719/3245 4720/4720/3246
f 4777/4777/3286 4719/4719/3245 4776/4776/3285
f 4777/4777/3286 4778/4778/3287 4719/4719/3245
f 4777/4777/3286 4779/4779/3288 4778/4778/3287
f 4780/4780/3289 4778/4778/3287 4779/4779/3288
f 4779/4779/3288 4777/4777/3286 4781/4781/3290
f 4777/4777/3286 4782/4782/3232 4781/4781/3290
f 4777/4777/3286 4776/4776/3285 4782/4782/3232
f 4782/4782/3232 4783/4783/3233 4781/4781/3290
f 4780/4780/3289 4784/4784/3192 4778/4778/3287
f 4785/4785/3180 4778/4778/3287 4784/4784/3192
f 4778/4778/3287 4785/4785/3180 4786/4786/3291
f 4787/4787/3292 4786/4786/3291 4785/4785/3180
f 4786/4786/3291 4788/4788/3293 4778/4778/3287
f 4719/4719/3245 4778/4778/3287 4788/4788/3293
f 4789/4789/3294 4782/4782/3232 4776/4776/3285
f 4789/4789/3294 4790/4790/3222 4782/4782/3232
f 4790/4790/3222 4789/4789/3294 4791/4791/3295
f 4792/4792/3296 4791/4791/3295 4789/4789/3294
f 4791/4791/3295 4792/4792/3296 4793/4793/3297
f 4794/4794/3298 4793/4793/3297 4792/4792/3296
f 4793/4793/3297 4794/4794/3298 4795/4795/3227
f 4796/4796/3299 4795/4795/3227 4794/4794/3298
f 4795/4795/3227 4796/4796/3299 4797/4797/3228
f 4798/4798/3300 4797/4797/3228 4796/4796/3299
f 4797/4797/3228 4798/4798/3300 4799/4799/3229
f 4799/4799/3229 4798/4798/3300 4800/4800/3230
f 4801/4801/3301 4800/4800/3230 4798/4798/3300
f 4798/4798/3300 4796/4796/3299 4801/4801/3301
f 4800/4800/3230 4801/4801/3301 4802/4802/3302
f 4801/4801/3301 4803/4803/3303 4802/4802/3302
f 4803/4803/3303 4801/4801/3301 4796/4796/3299
f 4796/4796/3299 4794/4794/3298 4803/4803/3303
f 4804/4804/3225 4802/4802/3302 4803/4803/3303
f 4803/4803/3303 4805/4805/3304 4804/4804/3225
f 4805/4805/3304 4803/4803/3303 4794/4794/3298
f 4794/4794/3298 4792/4792/3296 4805/4805/3304
f 4806/4806/3217 4804/4804/3225 4805/4805/3304
f 4805/4805/3304 4807/4807/3305 4806/4806/3217
f 4807/4807/3305 4805/4805/3304 4792/4792/3296
f 4808/4808/3306 4806/4806/3217 4807/4807/3305
f 4809/4809/3307 4806/4806/3217 4808/4808/3306
f 4809/4809/3307 4808/4808/3306 4773/4773/3207
f 4807/4807/3305 4774/4774/3283 4808/4808/3306
f 4774/4774/3283 4807/4807/3305 4810/4810/3308
f 4810/4810/3308 4807/4807/3305 4789/4789/3294
f 4792/4792/3296 4789/4789/3294 4807/4807/3305
f 4810/4810/3308 4775/4775/3284 4774/4774/3283
f 4773/4773/3207 4808/4808/3306 4772/4772/3282
f 4774/4774/3283 4772/4772/3282 4808/4808/3306
f 4810/4810/3308 4776/4776/3285 4775/4775/3284
f 4776/4776/3285 4810/4810/3308 4789/4789/3294
f 4742/4742/3261 4734/4734/3255 4811/4811/3309
f 4738/4738/3259 4811/4811/3309 4734/4734/3255
f 4811/4811/3309 4738/4738/3259 4732/4732/3171
f 4719/4719/3245 4788/4788/3293 4716/4716/3243
f 4708/4708/3237 4716/4716/3243 4788/4788/3293
f 4788/4788/3293 4786/4786/3291 4708/4708/3237
f 4715/4715/3242 4708/4708/3237 4786/4786/3291
f 4714/4714/3241 4715/4715/3242 4786/4786/3291
f 4714/4714/3241 4786/4786/3291 4787/4787/3292
f 4733/4733/3165 4718/4718/3244 4717/4717/3177
f 4733/4733/3165 4717/4717/3177 4812/4812/3174
f 4645/4645/3175 4648/4648/3178 4663/4663/3193
f 4663/4663/3193 4605/4605/3135 4645/4645/3175
f 4605/4605/3135 4663/4663/3193 4603/4603/3133
